voie;name;name_norm;last_word_norm;ways
ALLEE;Allée Albert Thomas;ALBERT THOMAS;THOMAS;553788081
ALLEE;Allée François Truffaut;FRANCOIS TRUFFAUT;TRUFFAUT;37788928,110155400
ALLEE;Allée Gilles Julien;GILLES JULIEN;JULIEN;32842391
ALLEE;Allée Guillaume Doyen;GUILLAUME DOYEN;DOYEN;34234602
ALLEE;Allée Jules Verne;JULES VERNE;VERNE;175176672
ALLEE;Allée Maurice Carême;MAURICE CAREME;CAREME;174246227,174246245
ALLEE;Allée Philidor;PHILIDOR;PHILIDOR;32842392
ALLEE;Allée Prométhée;PROMETHEE;PROMETHEE;33636013
ALLEE;Allée Robert Savary;ROBERT SAVARY;SAVARY;39101843
ALLEE;Allée Roland Garros;ROLAND GARROS;GARROS;507322036
ALLEE;Allée d'Île de France;D ILE DE FRANCE;FRANCE;176620565
ALLEE;Allée de Bourgogne;DE BOURGOGNE;BOURGOGNE;34295509
ALLEE;Allée de Bretagne;DE BRETAGNE;BRETAGNE;34295508
ALLEE;Allée de Champagne;DE CHAMPAGNE;CHAMPAGNE;34295505
ALLEE;Allée de Normandie;DE NORMANDIE;NORMANDIE;176620564
ALLEE;Allée de Provence;DE PROVENCE;PROVENCE;34295511
ALLEE;Allée de Touraine;DE TOURAINE;TOURAINE;34295501
ALLEE;Allée de la Citadelle;DE LA CITADELLE;CITADELLE;34234618
ALLEE;Allée de la Fraternité;DE LA FRATERNITE;FRATERNITE;34116453
ALLEE;Allée des Amandiers;DES AMANDIERS;AMANDIERS;110152820
ALLEE;Allée des Atlantes;DES ATLANTES;ATLANTES;112264463,112264497,174404398
ALLEE;Allée des Chèvrefeuilles;DES CHEVREFEUILLES;CHEVREFEUILLES;34234619
ALLEE;Allée des Cognées;DES COGNEES;COGNEES;34116465
ALLEE;Allée des Cottages de Véronique;DES COTTAGES DE VERONIQUE;VERONIQUE;489637436,541401976,541401978
ALLEE;Allée des Framboisiers;DES FRAMBOISIERS;FRAMBOISIERS;34295517
ALLEE;Allée des Gaulois;DES GAULOIS;GAULOIS;506534420
ALLEE;Allée des Hauts Perrons;DES HAUTS PERRONS;PERRONS;34116468
ALLEE;Allée des Iris;DES IRIS;IRIS;34234615
ALLEE;Allée des Marronniers;DES MARRONNIERS;MARRONNIERS;39101839
ALLEE;Allée des Miaudes;DES MIAUDES;MIAUDES;175629977
ALLEE;Allée des Peupliers;DES PEUPLIERS;PEUPLIERS;34295515
ALLEE;Allée des Saules;DES SAULES;SAULES;176620563
ALLEE;Allée des Tilleuls;DES TILLEULS;TILLEULS;39101840
ALLEE;Allée des Tournesols;DES TOURNESOLS;TOURNESOLS;34234616
ALLEE;Allée des Troënes;DES TROENES;TROENES;34295507
ALLEE;Allée des Vingt Setiers;DES VINGT SETIERS;SETIERS;34116474
ALLEE;Allée des Violettes;DES VIOLETTES;VIOLETTES;34234614
ALLEE;Allée du Berry;DU BERRY;BERRY;34295514
ALLEE;Allée du Canada;DU CANADA;CANADA;174246242
ALLEE;Allée du Carmel;DU CARMEL;CARMEL;46129569
ALLEE;Allée du Clos Blin;DU CLOS BLIN;BLIN;39101809,39101810
ALLEE;Allée du Dauphiné;DU DAUPHINE;DAUPHINE;34295503
ALLEE;Allée du Général De Sonis;DU GENERAL DE SONIS;SONIS;177624006
ALLEE;Allée du Général Martial Valin;DU GENERAL MARTIAL VALIN;VALIN;176559859
ALLEE;Allée du Hameau Gabriel Péri;DU HAMEAU GABRIEL PERI;PERI;37788929
ALLEE;Allée du Hameau des Vieux Capucins;DU HAMEAU DES VIEUX CAPUCINS;CAPUCINS;38632060
ALLEE;Allée du Jardin des Essences;DU JARDIN DES ESSENCES;ESSENCES;464777457,491932958,491932959,491932960
ALLEE;Allée du Languedoc;DU LANGUEDOC;LANGUEDOC;34295512
ALLEE;Allée du Maine;DU MAINE;MAINE;34295504
ALLEE;Allée du Marché Guion;DU MARCHE GUION;GUION;39101883
ALLEE;Allée du Poitou;DU POITOU;POITOU;34295510
AVENUE;Avenue Alexandre Brault;ALEXANDRE BRAULT;BRAULT;25700018
AVENUE;Avenue Alfred-Auguste Béthouart;ALFRED AUGUSTE BETHOUART;BETHOUART;25700015,221296723
AVENUE;Avenue Ambroise Paré;AMBROISE PARE;PARE;32842382,49676384,473907520
AVENUE;Avenue Aristide Briand;ARISTIDE BRIAND;BRIAND;24341560,110159527,174540710,176278245,176278248,472816897
AVENUE;Avenue Béthouart;BETHOUART;BETHOUART;112264476
AVENUE;Avenue Des Sablons;DES SABLONS;SABLONS;25700021,46893357,176132459,176132460,472816896
AVENUE;Avenue François Arago;FRANCOIS ARAGO;ARAGO;16557720,31898464
AVENUE;Avenue François Mitterrand;FRANCOIS MITTERRAND;MITTERRAND;39063542
AVENUE;Avenue Gustave Eiffel;GUSTAVE EIFFEL;EIFFEL;24341563,24341564,110160320,110160373
AVENUE;Avenue Henri Becquerel;HENRI BECQUEREL;BECQUEREL;32842368
AVENUE;Avenue Jean Mermoz;JEAN MERMOZ;MERMOZ;23938136,112264462,112264483,174404389,174404394,174404397
AVENUE;Avenue Jean Perrin;JEAN PERRIN;PERRIN;174402268,473907466
AVENUE;Avenue Jehan de Beauce;JEHAN DE BEAUCE;BEAUCE;29075163,210736613,210736614
AVENUE;Avenue Joseph Pichard;JOSEPH PICHARD;PICHARD;25700022,176278249,176278254
AVENUE;Avenue Louis Lumière;LOUIS LUMIERE;LUMIERE;39065867,484240805
AVENUE;Avenue Marcel Proust;MARCEL PROUST;PROUST;24341557,24341558,24341559,25700025,473907463
AVENUE;Avenue Maurice Maunoury;MAURICE MAUNOURY;MAUNOURY;31661383
AVENUE;Avenue Neigre;NEIGRE;NEIGRE;25700013,112264485,163479635,166382660,221296724
AVENUE;Avenue Nicolas Conté;NICOLAS CONTE;CONTE;24341561,24341562,110160258,110160262,377300400,377300401,377300402,377300403,475499302
AVENUE;Avenue Texier Gallas;TEXIER GALLAS;GALLAS;114374375
AVENUE;Avenue Victor Hugo;VICTOR HUGO;HUGO;24341574,24341575,24341576,32842414
AVENUE;Avenue d'Aligre;D ALIGRE;ALIGRE;25101242,110154656,110154826,163479636,163479637,282476868,302454779
AVENUE;Avenue d'Alsace Lorraine;D ALSACE LORRAINE;LORRAINE;176230837
AVENUE;Avenue d'Orléans;D ORLEANS;ORLEANS;23948340,33167026,474021812,655069145,655069146,655069148,655074448
AVENUE;Avenue de Beaulieu;DE BEAULIEU;BEAULIEU;26526049,484240802
AVENUE;Avenue de Beaurepaire;DE BEAUREPAIRE;BEAUREPAIRE;34295491,34295492,34295493,282476869
AVENUE;Avenue de Bel-Air;DE BEL AIR;AIR;34295500,47200727,47200731
AVENUE;Avenue de Plaisance;DE PLAISANCE;PLAISANCE;176561005,476937339
AVENUE;Avenue de Sully;DE SULLY;SULLY;32842380
AVENUE;Avenue de Verdun;DE VERDUN;VERDUN;34116448,436020693,474153836
AVENUE;Avenue de la Paix;DE LA PAIX;PAIX;654995178
AVENUE;Avenue de la République;DE LA REPUBLIQUE;REPUBLIQUE;25383271,436020694,474153830
AVENUE;Avenue des Anciens Combattants d'Afrique du Nord;DES ANCIENS COMBATTANTS D AFRIQUE DU NORD;NORD;25700023,473907467
AVENUE;Avenue du Docteur Leannec;DU DOCTEUR LEANNEC;LEANNEC;16557727,16557729
AVENUE;Avenue du Jeu de Paume;DU JEU DE PAUME;PAUME;214463406
AVENUE;Avenue du Maréchal Maunoury;DU MARECHAL MAUNOURY;MAUNOURY;221296725,221296726
BOULEVARD;Boulevard Charles Péguy;CHARLES PEGUY;PEGUY;34234598,223002799,474138647
BOULEVARD;Boulevard Chasles;CHASLES;CHASLES;24341538
BOULEVARD;Boulevard Clemenceau;CLEMENCEAU;CLEMENCEAU;38709757,38709760,176564263,214764921,214764925,282476877,302454818,302455044,472816110,475498609,477571389
BOULEVARD;Boulevard Jean Jaurès;JEAN JAURES;JAURES;34295520,34295521,34295522,110136985,110136988,282476870,470815571,483419289,483419290
BOULEVARD;Boulevard Maurice Viollette;MAURICE VIOLLETTE;VIOLLETTE;110155758,622030428
BOULEVARD;Boulevard de la Courtille;DE LA COURTILLE;COURTILLE;38079874,38083648,38083649,38709772,38709773,214764916,214764917,377715609,377715610,400868699,400868704,469235132,472370934,472370935,472816107,472816112,475498610,475498611,477571388
BOULEVARD;Boulevard du Maréchal Foch;DU MARECHAL FOCH;FOCH;321360483,400855113
CARREFOUR;Carrefour des Halles;DES HALLES;HALLES;212506772
CHEMIN;Chemin Husson;HUSSON;HUSSON;38632065
CHEMIN;Chemin de la Manutention;DE LA MANUTENTION;MANUTENTION;38632042
CHEMIN;Chemin des Bords de l'Eure;DES BORDS DE L EURE;EURE;38709752,38709753,38709754,110161701,259586414,259586415,282476872,282476873,282476874,302454789,302454790,302454794,668734450
CHEMIN;Chemin des Graviers du Rigeard;DES GRAVIERS DU RIGEARD;RIGEARD;30633091
CHEMIN;Chemin des Hauts Menus;DES HAUTS MENUS;MENUS;506541982
CHEMIN;Chemin des Petites Pierres Couvertes;DES PETITES PIERRES COUVERTES;COUVERTES;39101854,39101855
CHEMIN;Chemin des Petites Poteries;DES PETITES POTERIES;POTERIES;506806202
CHEMIN;Chemin du Clos de l'Hôtel Dieu;DU CLOS DE L HOTEL DIEU;DIEU;377905524
CHEMIN;Chemin du Rigeard;DU RIGEARD;RIGEARD;176644466,490960470
CHEMIN;Chemin du Ringeard;DU RINGEARD;RINGEARD;34295490
CITE;Cité Bethouart;BETHOUART;BETHOUART;507322018
CITE;Cité Damoiseau;DAMOISEAU;DAMOISEAU;37788930
CITE;Cité de Rechèvres;DE RECHEVRES;RECHEVRES;520030255,520030256,520030257,520030258
;Cloitre Notre-Dame;CLOITRE NOTRE DAME;DAME;25419147,163459682,253655913,668738125
CLOS;Clos Saint-Chéron;SAINT CHERON;CHERON;507322027
CLOS;Clos Sully;SULLY;SULLY;32842408
CLOS;Clos de Reverdy;DE REVERDY;REVERDY;38632068
CLOS;Clos des Érables;DES ERABLES;ERABLES;38632069
CLOS;Clos du Petit Bouillon;DU PETIT BOUILLON;BOUILLON;520041905
CLOS;Clos du Roi;DU ROI;ROI;31661399
CLOS;Clos du Vieux Fossé;DU VIEUX FOSSE;FOSSE;507322023
COTE;Coteau des Comtesses;AU DES COMTESSES;COMTESSES;175649065,490204619
COUR;Cour Firmin Didot;FIRMIN DIDOT;DIDOT;553788101
ESPLANADE;Esplanade Maurice Fanon;MAURICE FANON;FANON;34116449
GALERIE;Galerie de France;DE FRANCE;FRANCE;253660372,253660373
ILOT;Ilot Pole Atlantis;POLE ATLANTIS;ATLANTIS;506803294,506803296
IMPASSE;Impasse Agrippa d'Aubigné;AGRIPPA D AUBIGNE;AUBIGNE;39101871,39101872
IMPASSE;Impasse Delavoipière;DELAVOIPIERE;DELAVOIPIERE;507322025
IMPASSE;Impasse Huysmans;HUYSMANS;HUYSMANS;34116469,53012261
IMPASSE;Impasse Hélène Boucher;HELENE BOUCHER;BOUCHER;174405303
IMPASSE;Impasse Jean Roux;JEAN ROUX;ROUX;38078467
IMPASSE;Impasse Mithouard;MITHOUARD;MITHOUARD;33910345
IMPASSE;Impasse MontPensier;MONTPENSIER;MONTPENSIER;33910385
IMPASSE;Impasse Nicolas Lorin;NICOLAS LORIN;LORIN;110159671
IMPASSE;Impasse Rabuan du Coudray;RABUAN DU COUDRAY;COUDRAY;521592175
IMPASSE;Impasse Raoul Dufy;RAOUL DUFY;DUFY;38712169
IMPASSE;Impasse Rotrou;ROTROU;ROTROU;39101879,39101880,39101882
IMPASSE;Impasse Saint-Maurice;SAINT MAURICE;MAURICE;34295495
IMPASSE;Impasse Saint-Pierre;SAINT PIERRE;PIERRE;33910377
IMPASSE;Impasse Séverin Pineau;SEVERIN PINEAU;PINEAU;110159672
IMPASSE;Impasse Villeboudin;VILLEBOUDIN;VILLEBOUDIN;110317812
IMPASSE;Impasse de Civry;DE CIVRY;CIVRY;38632027
IMPASSE;Impasse de Fresnay;DE FRESNAY;FRESNAY;34116454,34116455
IMPASSE;Impasse de Villaines;DE VILLAINES;VILLAINES;38632025
IMPASSE;Impasse de l'Amitié;DE L AMITIE;AMITIE;270713870
IMPASSE;Impasse de l'Arbre de la Liberté;DE L ARBRE DE LA LIBERTE;LIBERTE;34234588
IMPASSE;Impasse de la Croix Jumelin;DE LA CROIX JUMELIN;JUMELIN;34234593
IMPASSE;Impasse de la Moutonnerie;DE LA MOUTONNERIE;MOUTONNERIE;33636038,668738119
IMPASSE;Impasse de la Porte Imbout;DE LA PORTE IMBOUT;IMBOUT;520019817,668738127
IMPASSE;Impasse des Bordes;DES BORDES;BORDES;39063553
IMPASSE;Impasse des Castors;DES CASTORS;CASTORS;490429579
IMPASSE;Impasse des Celtes;DES CELTES;CELTES;39101864
IMPASSE;Impasse des Champs;DES CHAMPS;CHAMPS;38714785
IMPASSE;Impasse des Champs Chatons;DES CHAMPS CHATONS;CHATONS;39063555
IMPASSE;Impasse des Changes;DES CHANGES;CHANGES;506538352
IMPASSE;Impasse des Chevillons;DES CHEVILLONS;CHEVILLONS;39063552
IMPASSE;Impasse des Comtesses;DES COMTESSES;COMTESSES;38632064
IMPASSE;Impasse des Grandes Filles Dieu;DES GRANDES FILLES DIEU;DIEU;47200729
IMPASSE;Impasse des Herses;DES HERSES;HERSES;110325929
IMPASSE;Impasse des Jardins;DES JARDINS;JARDINS;37788926
IMPASSE;Impasse des Jubelines;DES JUBELINES;JUBELINES;520030254
IMPASSE;Impasse des Minimes;DES MINIMES;MINIMES;33636037
IMPASSE;Impasse des Oiseaux;DES OISEAUX;OISEAUX;33910394
IMPASSE;Impasse des Rachignes;DES RACHIGNES;RACHIGNES;520030251
IMPASSE;Impasse des Réservoirs;DES RESERVOIRS;RESERVOIRS;38632059
IMPASSE;Impasse des Saumons;DES SAUMONS;SAUMONS;34295485
IMPASSE;Impasse du Cheval Blanc;DU CHEVAL BLANC;BLANC;177211796
IMPASSE;Impasse du Coin Cornu;DU COIN CORNU;CORNU;163459684
IMPASSE;Impasse du Coteau;DU COTEAU;COTEAU;38632063
IMPASSE;Impasse du Hameau Saint-Jean;DU HAMEAU SAINT JEAN;JEAN;34234603
IMPASSE;Impasse du Hameau des Jubelines;DU HAMEAU DES JUBELINES;JUBELINES;34234611,222070144
IMPASSE;Impasse du Séminaire;DU SEMINAIRE;SEMINAIRE;39101853
IMPASSE;Impasse du Tripot;DU TRIPOT;TRIPOT;176576281
;L'Océane;L OCEANE;OCEANE;23515447,23515448,342981187
MAIL;Mail Anatole France;ANATOLE FRANCE;FRANCE;110159854,110160080,110160204
MAIL;Mail Chaîm Soutine;CHAIM SOUTINE;SOUTINE;38714776
MAIL;Mail Gérard Philippe;GERARD PHILIPPE;PHILIPPE;174246241,175178098,177624007
MAIL;Mail Jean de Dunois;JEAN DE DUNOIS;DUNOIS;177623326
PARKING;Parking Hôtel de VIlle;HOTEL DE VILLE;VILLE;376893048
PARKING;Parking Hôtel de Ville;HOTEL DE VILLE;VILLE;376893050
PARKING;Parking de la Place du 11 Novembre;DE LA PLACE DU 11 NOVEMBRE;NOVEMBRE;175016162,175016167
PASSAGE;Passage Bonneval;BONNEVAL;BONNEVAL;38079876
PASSAGE;Passage Camille Marcille;CAMILLE MARCILLE;MARCILLE;38714769,486439015
PASSAGE;Passage Chanoine de Boislaville;CHANOINE DE BOISLAVILLE;BOISLAVILLE;305353127
PASSAGE;Passage Etienne Houvet;ETIENNE HOUVET;HOUVET;33636025
PASSAGE;Passage Jean Villette;JEAN VILLETTE;VILLETTE;37788942
PASSAGE;Passage Public;PUBLIC;PUBLIC;163479651,212501725
PASSAGE;Passage Renaud Barbou;RENAUD BARBOU;BARBOU;520030245
PASSAGE;Passage Tomblaine;TOMBLAINE;TOMBLAINE;499392733
PASSAGE;Passage de Sours;DE SOURS;SOURS;39063549
PASSAGE;Passage des Poètes;DES POETES;POETES;173554838
PASSAGE;Passage les Beaumonts;LES BEAUMONTS;BEAUMONTS;39065875
;Passerelle;PASSERELLE;PASSERELLE;34116477
PLACE;Place Anatole France;ANATOLE FRANCE;FRANCE;110159839
PLACE;Place Billard;BILLARD;BILLARD;26526053
PLACE;Place Châtelet;CHATELET;CHATELET;25383276
PLACE;Place Drouaise;DROUAISE;DROUAISE;110154895,112264474,176230829
PLACE;Place François Rabelais;FRANCOIS RABELAIS;RABELAIS;38632050
PLACE;Place Jacqueline de Romilly;JACQUELINE DE ROMILLY;ROMILLY;33636034,519999132,519999133
PLACE;Place Jean Moulin;JEAN MOULIN;MOULIN;33636017
PLACE;Place Jeanne d'Arc;JEANNE D ARC;ARC;37788934,259553188,259553189,377893480
PLACE;Place Marceau;MARCEAU;MARCEAU;33910347
PLACE;Place Maurice Cazalis;MAURICE CAZALIS;CAZALIS;475945012,520030247
PLACE;Place Olivier de Serres;OLIVIER DE SERRES;SERRES;490960460,490960461
PLACE;Place Pierre Semard;PIERRE SEMARD;SEMARD;29075319,29075365,210736615,343212018,343212019,406556861,406556863,406556864,462282423
PLACE;Place Roger Joly;ROGER JOLY;JOLY;38709750,378949468,553788084,553788086,553788088,553788095,553788097,553788099
PLACE;Place Saint-Aignan;SAINT AIGNAN;AIGNAN;212506539
PLACE;Place Saint-Brice;SAINT BRICE;BRICE;309306501
PLACE;Place Saint-Jean;SAINT JEAN;JEAN;46786245
PLACE;Place Saint-Louis;SAINT LOUIS;LOUIS;173552732,173552733
PLACE;Place Saint-Pierre;SAINT PIERRE;PIERRE;33910373,668734452,668734454
PLACE;Place Sainte-Foy;SAINTE FOY;FOY;33636045
PLACE;Place d'Estienne d'Orves;D ESTIENNE D ORVES;ORVES;520030246
PLACE;Place d'Evora;D EVORA;EVORA;212506773,383533481
PLACE;Place de Beaulieu;DE BEAULIEU;BEAULIEU;174428230,488736873,553788076
PLACE;Place de Chichester;DE CHICHESTER;CHICHESTER;39101847
PLACE;Place de Ravenne;DE RAVENNE;RAVENNE;38079881,38079882,490366776
PLACE;Place de Spire;DE SPIRE;SPIRE;506534415
PLACE;Place de l'Étape au Vin;DE L ETAPE AU VIN;VIN;212506538
PLACE;Place de la Poissonnerie;DE LA POISSONNERIE;POISSONNERIE;506538353
PLACE;Place de la Porte Saint-Michel;DE LA PORTE SAINT MICHEL;MICHEL;378950571
PLACE;Place de la République;DE LA REPUBLIQUE;REPUBLIQUE;206078976
PLACE;Place des Epars;DES EPARS;EPARS;82198748
PLACE;Place des Fondeurs;DES FONDEURS;FONDEURS;176623952
PLACE;Place des Halles;DES HALLES;HALLES;33910370,491941363,491941364,491941365,496459949,533380430
PLACE;Place des Vieux Capucins;DES VIEUX CAPUCINS;CAPUCINS;25700030
PLACE;Place du 11 Novembre;DU 11 NOVEMBRE;NOVEMBRE;173556015
PLACE;Place du Cygne;DU CYGNE;CYGNE;33910336,475945926
PLACE;Place du Général de Gaulle;DU GENERAL DE GAULLE;GAULLE;82203833
PONT;Pont Saint-Hilaire;SAINT HILAIRE;HILAIRE;110140518
PONT;Pont Saint-Thomas;SAINT THOMAS;THOMAS;212501713
PONT;Pont du Massacre;DU MASSACRE;MASSACRE;110136857
PROMENADE;Promenade des Coteaux;DES COTEAUX;COTEAUX;490204622,490204623
QUAI;Quai de la Gloriette;DE LA GLORIETTE;GLORIETTE;376893039
ROND POINT;Rond-Point Chanzy;CHANZY;CHANZY;154151520
ROND POINT;Rond-Point Michel Chasles;MICHEL CHASLES;CHASLES;24341553
ROND POINT;Rond-Point de la Paix;DE LA PAIX;PAIX;23938133
ROUTE;Route de Chartres;DE CHARTRES;CHARTRES;110160311
ROUTE;Route des Grands Prés;DES GRANDS PRES;PRES;25112257,282476878,282476879,302454834
RUE;Rue Adolphe Lecocq;ADOLPHE LECOCQ;LECOCQ;32842410
RUE;Rue Albert Gougis;ALBERT GOUGIS;GOUGIS;34295486,374759502,490960458,490960459,490960465,490960469
RUE;Rue Alberto Cappa Biancat;ALBERTO CAPPA BIANCAT;BIANCAT;32842402
RUE;Rue Alberto Cappabianca;ALBERTO CAPPABIANCA;CAPPABIANCA;32842401,32842403,32842404,32842406
RUE;Rue Alexandre Ribot;ALEXANDRE RIBOT;RIBOT;38632038,154150290
RUE;Rue Alexis de Castillon;ALEXIS DE CASTILLON;CASTILLON;32842394
RUE;Rue Alfred Piebourg;ALFRED PIEBOURG;PIEBOURG;38083017
RUE;Rue Ampère;AMPERE;AMPERE;39063556
RUE;Rue André Thouin;ANDRE THOUIN;THOUIN;490960457
RUE;Rue André Trubert;ANDRE TRUBERT;TRUBERT;377840803
RUE;Rue Antoine Sergent Marceau;ANTOINE SERGENT MARCEAU;MARCEAU;423863808
RUE;Rue Auguste Ganot;AUGUSTE GANOT;GANOT;114374372
RUE;Rue Avedam;AVEDAM;AVEDAM;163459686
RUE;Rue Blaise Pascal;BLAISE PASCAL;PASCAL;32842370,32842371,32842372,475499299,475499311
RUE;Rue Blériot;BLERIOT;BLERIOT;39101831
RUE;Rue Brossolette;BROSSOLETTE;BROSSOLETTE;38079879
RUE;Rue Camille Marcille;CAMILLE MARCILLE;MARCILLE;38714767,392493388
RUE;Rue Chantault;CHANTAULT;CHANTAULT;148126218
RUE;Rue Chanzy;CHANZY;CHANZY;38079877,469236949
RUE;Rue Charles Brune;CHARLES BRUNE;BRUNE;37788941
RUE;Rue Charles Coulombs;CHARLES COULOMBS;COULOMBS;25700020,39065873
RUE;Rue Charles Gounod;CHARLES GOUNOD;GOUNOD;32842390
RUE;Rue Charles Isidore Douin;CHARLES ISIDORE DOUIN;DOUIN;31900202
RUE;Rue Charles Tellier;CHARLES TELLIER;TELLIER;39065874
RUE;Rue Charles-Victor Garola;CHARLES VICTOR GAROLA;GAROLA;37788937
RUE;Rue Chauveau-Lagarde;CHAUVEAU LAGARDE;LAGARDE;37788933
RUE;Rue Chavaudret;CHAVAUDRET;CHAVAUDRET;31661397,175652946,175652947
RUE;Rue Claude Debussy;CLAUDE DEBUSSY;DEBUSSY;32842384
RUE;Rue Claude Monet;CLAUDE MONET;MONET;38714775
RUE;Rue Clément Ader;CLEMENT ADER;ADER;507322034
RUE;Rue Collin d'Harleville;COLLIN D HARLEVILLE;HARLEVILLE;506538350
RUE;Rue Corot;COROT;COROT;38714779,38714781
RUE;Rue Cézanne;CEZANNE;CEZANNE;38714784
RUE;Rue Daniel Boutet;DANIEL BOUTET;BOUTET;82203442
RUE;Rue Danièle Casanova;DANIELE CASANOVA;CASANOVA;24341572,24341573,210736616,210736617,221297365,377714418,469236945,622030451
RUE;Rue Delacroix;DELACROIX;DELACROIX;82198752
RUE;Rue Delavoipière;DELAVOIPIERE;DELAVOIPIERE;176565794
RUE;Rue Denis Poisson;DENIS POISSON;POISSON;32842374,377300404,377300405,475499296
RUE;Rue Dieudonné Costes;DIEUDONNE COSTES;COSTES;39101833
RUE;Rue Docteur Albert Calmette;DOCTEUR ALBERT CALMETTE;CALMETTE;39101873,39101874
RUE;Rue Docteur Baudin;DOCTEUR BAUDIN;BAUDIN;34234594
RUE;Rue Docteur Jules Péan;DOCTEUR JULES PEAN;PEAN;39101867
RUE;Rue Dorée;DOREE;DOREE;163459687
RUE;Rue Edmond Poillot;EDMOND POILLOT;POILLOT;25400893,506803299,506803301,506803303,506803304
RUE;Rue Edouard Lefèvre;EDOUARD LEFEVRE;LEFEVRE;377905526
RUE;Rue Eugène Hurtault;EUGENE HURTAULT;HURTAULT;34295489,490960455,490960466,490960468
RUE;Rue Famin;FAMIN;FAMIN;210731888,210731889
RUE;Rue Farman;FARMAN;FARMAN;39101844,39101845,39101846
RUE;Rue Ferdinand Dugué;FERDINAND DUGUE;DUGUE;37788945
RUE;Rue Florent d'Illiers;FLORENT D ILLIERS;ILLIERS;32842397
RUE;Rue Fontaine;FONTAINE;FONTAINE;110144815,163459688,163459690
RUE;Rue Foucher de Chartres;FOUCHER DE CHARTRES;CHARTRES;174246238
RUE;Rue Francis Vovelle;FRANCIS VOVELLE;VOVELLE;174246235,174246239
RUE;Rue François Couperin;FRANCOIS COUPERIN;COUPERIN;32842395
RUE;Rue Fulbert;FULBERT;FULBERT;475942786
RUE;Rue Félibien;FELIBIEN;FELIBIEN;37788932,220617970
RUE;Rue Gabriel Lelong;GABRIEL LELONG;LELONG;38078470
RUE;Rue Gabriel Loire;GABRIEL LOIRE;LOIRE;25101237,66094276,374759051,374759053,374759503
RUE;Rue Gabriel Péri;GABRIEL PERI;PERI;37788927,214778574,214778575,214780916,214806819,214807153,490936984
RUE;Rue Galilée;GALILEE;GALILEE;110159568
RUE;Rue Gaston Couté;GASTON COUTE;COUTE;34116445
RUE;Rue Gaston Planté;GASTON PLANTE;PLANTE;110159608
RUE;Rue Georges Bizet;GEORGES BIZET;BIZET;32842387,32842388
RUE;Rue Georges Brassens;GEORGES BRASSENS;BRASSENS;38712191
RUE;Rue Georges Fessard;GEORGES FESSARD;FESSARD;24341541,24341545
RUE;Rue Georges Pompidou;GEORGES POMPIDOU;POMPIDOU;38632041
RUE;Rue Gilles de Roberval;GILLES DE ROBERVAL;ROBERVAL;338664142
RUE;Rue Gustave Maroteau;GUSTAVE MAROTEAU;MAROTEAU;110159903
RUE;Rue Gutenberg;GUTENBERG;GUTENBERG;110159748
RUE;Rue Guy Môquet;GUY MOQUET;MOQUET;39101887,507322026
RUE;Rue Guynemer;GUYNEMER;GUYNEMER;39101837
RUE;Rue Général Koenig;GENERAL KOENIG;KOENIG;23938142
RUE;Rue Hector Berlioz;HECTOR BERLIOZ;BERLIOZ;32842389
RUE;Rue Henri Dunant;HENRI DUNANT;DUNANT;31661393,490204618
RUE;Rue Henri Garnier;HENRI GARNIER;GARNIER;33636024
RUE;Rue Henri IV;HENRI IV;IV;520030249
RUE;Rue Henri Poincaré;HENRI POINCARE;POINCARE;338664141
RUE;Rue Hubert Latham;HUBERT LATHAM;LATHAM;25101236
RUE;Rue Hélène Boucher;HELENE BOUCHER;BOUCHER;256003354
RUE;Rue Jacquard;JACQUARD;JACQUARD;39063558
RUE;Rue Jean Joseph Dusaulx;JEAN JOSEPH DUSAULX;DUSAULX;32842399
RUE;Rue Jean Laillet;JEAN LAILLET;LAILLET;39101813,401457535
RUE;Rue Jean Monnet;JEAN MONNET;MONNET;25383441
RUE;Rue Jean Rostand;JEAN ROSTAND;ROSTAND;177622698
RUE;Rue Jean Roux;JEAN ROUX;ROUX;38078466
RUE;Rue Jean Vigo;JEAN VIGO;VIGO;37788946,110155333,214806817
RUE;Rue Jean-Baptiste Boussingault;JEAN BAPTISTE BOUSSINGAULT;BOUSSINGAULT;176622498
RUE;Rue Jean-Baptiste Lulli;JEAN BAPTISTE LULLI;LULLI;32842396
RUE;Rue Jean-Baptiste de la Quintinie;JEAN BAPTISTE DE LA QUINTINIE;QUINTINIE;34295487,490960456,490960463,490960464
RUE;Rue Jean-Philippe Rameau;JEAN PHILIPPE RAMEAU;RAMEAU;32842393
RUE;Rue Jehan Pocquet;JEHAN POCQUET;POCQUET;214787781
RUE;Rue Joseph Fourier;JOSEPH FOURIER;FOURIER;32842369,110160501,110160502,475499309
RUE;Rue Joseph Frantz;JOSEPH FRANTZ;FRANTZ;488739955
RUE;Rue Joseph Wresinski;JOSEPH WRESINSKI;WRESINSKI;38632048
RUE;Rue Jules Courtois;JULES COURTOIS;COURTOIS;176622497,491933641
RUE;Rue Jules Hetzel;JULES HETZEL;HETZEL;39101888,177624276
RUE;Rue Jules Martin;JULES MARTIN;MARTIN;38083015
RUE;Rue Jules Massenet;JULES MASSENET;MASSENET;32842386
RUE;Rue Jules Siegfried;JULES SIEGFRIED;SIEGFRIED;38632046
RUE;Rue Jules Verne;JULES VERNE;VERNE;31468943
RUE;Rue Jérôme Pétion;JEROME PETION;PETION;378949461,668734456
RUE;Rue Lavoisier;LAVOISIER;LAVOISIER;39063560,484240809
RUE;Rue Lebon;LEBON;LEBON;39063564
RUE;Rue Louis Braille;LOUIS BRAILLE;BRAILLE;110159674
RUE;Rue Louis Godeau;LOUIS GODEAU;GODEAU;39063544
RUE;Rue Louis de Broglie;LOUIS DE BROGLIE;BROGLIE;39065870
RUE;Rue Lucien Deneau;LUCIEN DENEAU;DENEAU;488739953
RUE;Rue Lucien et René Merlet;LUCIEN ET RENE MERLET;MERLET;32842411
RUE;Rue Léo Lagrange;LEO LAGRANGE;LAGRANGE;34295481,110152449,110152450
RUE;Rue Marceau;MARCEAU;MARCEAU;33910342,254389919
RUE;Rue Marcel Blanchard;MARCEL BLANCHARD;BLANCHARD;203257834
RUE;Rue Marie et Pierre Curie;MARIE ET PIERRE CURIE;CURIE;39063557
RUE;Rue Maron;MARON;MARON;488733390
RUE;Rue Mathurin Regnier;MATHURIN REGNIER;REGNIER;82203443,376893049
RUE;Rue Maurice Genevoix;MAURICE GENEVOIX;GENEVOIX;34295498,558854839
RUE;Rue Maurice Halle;MAURICE HALLE;HALLE;173556008
RUE;Rue Maurice Jusselin;MAURICE JUSSELIN;JUSSELIN;34234601,53012258
RUE;Rue Maurice Ravel;MAURICE RAVEL;RAVEL;32842385
RUE;Rue Maurice Vidon;MAURICE VIDON;VIDON;38632049
RUE;Rue Maximilien Ringelmann;MAXIMILIEN RINGELMANN;RINGELMANN;274458630,490960462,490960467
RUE;Rue Montescot;MONTESCOT;MONTESCOT;33910362
RUE;Rue Muret;MURET;MURET;33636043
RUE;Rue Newton;NEWTON;NEWTON;177622696
RUE;Rue Nicochet;NICOCHET;NICOCHET;38078465
RUE;Rue Nicole;NICOLE;NICOLE;37788931,406556867,469236954,469236957
RUE;Rue Noël Ballay;NOEL BALLAY;BALLAY;82198750
RUE;Rue Noël Parfait;NOEL PARFAIT;PARFAIT;33636046
RUE;Rue Parmentier;PARMENTIER;PARMENTIER;34116456
RUE;Rue Paul Sabatier;PAUL SABATIER;SABATIER;32842400
RUE;Rue Paul Valéry;PAUL VALERY;VALERY;39101834
RUE;Rue Percheronne;PERCHERONNE;PERCHERONNE;33636018,163459691,253655895
RUE;Rue Perrault;PERRAULT;PERRAULT;33910384,376893022
RUE;Rue Philippe Desportes;PHILIPPE DESPORTES;DESPORTES;24341905
RUE;Rue Pierre Faure;PIERRE FAURE;FAURE;174246244
RUE;Rue Pierre Mendès-France;PIERRE MENDES FRANCE;FRANCE;24341899,110324292,110324519,470832704
RUE;Rue Poussin;POUSSIN;POUSSIN;38714782
RUE;Rue Rabuan Du Coudray;RABUAN DU COUDRAY;COUDRAY;25700032
RUE;Rue Raoul Brandon;RAOUL BRANDON;BRANDON;39101884
RUE;Rue Raoul Dufy;RAOUL DUFY;DUFY;38712168
RUE;Rue Raymond Isidore;RAYMOND ISIDORE;ISIDORE;39101885
RUE;Rue Renouard Saint-Loup;RENOUARD SAINT LOUP;LOUP;33702663
RUE;Rue René Cassin;RENE CASSIN;CASSIN;39066898
RUE;Rue Reverdy;REVERDY;REVERDY;38078468
RUE;Rue Robert Blin;ROBERT BLIN;BLIN;163459694
RUE;Rue Robert Legue;ROBERT LEGUE;LEGUE;380419002
RUE;Rue Réaumur;REAUMUR;REAUMUR;32842367,32842376,475616061,475616062
RUE;Rue Rémi Belleau;REMI BELLEAU;BELLEAU;39101876
RUE;Rue Rémi Gaschet;REMI GASCHET;GASCHET;490197790
RUE;Rue Saint-Barthélémy;SAINT BARTHELEMY;BARTHELEMY;39101812,475617571
RUE;Rue Saint-Brice;SAINT BRICE;BRICE;38083011,38083013
RUE;Rue Saint-Chéron;SAINT CHERON;CHERON;39101806,185502905
RUE;Rue Saint-Exupéry;SAINT EXUPERY;EXUPERY;39101842
RUE;Rue Saint-Jacques;SAINT JACQUES;JACQUES;45048790,45048792
RUE;Rue Saint-Julien;SAINT JULIEN;JULIEN;124704200
RUE;Rue Saint-Lubin;SAINT LUBIN;LUBIN;38632034
RUE;Rue Saint-Martin;SAINT MARTIN;MARTIN;33636047
RUE;Rue Saint-Martin au Val;SAINT MARTIN AU VAL;VAL;38083012
RUE;Rue Saint-Maurice;SAINT MAURICE;MAURICE;34234589,110154657,110154661,110154664,110154825,302454850,302454852
RUE;Rue Saint-Michel;SAINT MICHEL;MICHEL;33910351,376893045
RUE;Rue Saint-Pierre;SAINT PIERRE;PIERRE;25383289,668734445
RUE;Rue Saint-Simon;SAINT SIMON;SIMON;32842398
RUE;Rue Saint-Thomas;SAINT THOMAS;THOMAS;38079878
RUE;Rue Saint-Vincent de Paul;SAINT VINCENT DE PAUL;PAUL;39101841
RUE;Rue Saint-Yves;SAINT YVES;YVES;33636020
RUE;Rue Saint-Éman;SAINT EMAN;EMAN;33636032,185502906
RUE;Rue Sainte-Foy;SAINTE FOY;FOY;33636019
RUE;Rue Sainte-Même;SAINTE MEME;MEME;25383280,33636016
RUE;Rue Sainte-Thérèse;SAINTE THERESE;THERESE;45048678
RUE;Rue Salvador Allende;SALVADOR ALLENDE;ALLENDE;32842407
RUE;Rue Serpente;SERPENTE;SERPENTE;33636023
RUE;Rue Simon Laplace;SIMON LAPLACE;LAPLACE;338664139,377300406
RUE;Rue Séverin Pineau;SEVERIN PINEAU;PINEAU;177621404
RUE;Rue Thierry de Chartres;THIERRY DE CHARTRES;CHARTRES;175176705
RUE;Rue Traversière Saint-Jean;TRAVERSIERE SAINT JEAN;JEAN;34234606,214991321
RUE;Rue Vangeon;VANGEON;VANGEON;25700028
RUE;Rue Vercingétorix;VERCINGETORIX;VERCINGETORIX;39101862
RUE;Rue Victor Garaix;VICTOR GARAIX;GARAIX;484240804
RUE;Rue Victor Gilbert;VICTOR GILBERT;GILBERT;38083014,214808349
RUE;Rue Vincent Chevard;VINCENT CHEVARD;CHEVARD;38714765,213869531,213869532,474147619
RUE;Rue Vintant;VINTANT;VINTANT;38079884
RUE;Rue Viollet Le Duc;VIOLLET LE DUC;DUC;110159993
RUE;Rue Vlaminck;VLAMINCK;VLAMINCK;38714778
RUE;Rue Voltaire;VOLTAIRE;VOLTAIRE;38632047
RUE;Rue au Lait;AU LAIT;LAIT;33636027
RUE;Rue au Lin;AU LIN;LIN;212506771
RUE;Rue aux Herbes;AUX HERBES;HERBES;33636028
RUE;Rue aux Juifs;AUX JUIFS;JUIFS;33910383
RUE;Rue aux Ormes;AUX ORMES;ORMES;82203440
RUE;Rue aux Prêtres;AUX PRETRES;PRETRES;110145464
RUE;Rue aux Çois;AUX COIS;COIS;176580276
RUE;Rue d'Ablis;D ABLIS;ABLIS;23938138,25383290,38079873,39101804,112264477,473907465
RUE;Rue d'Aboville;D ABOVILLE;ABOVILLE;114374370
RUE;Rue d'Alger;D ALGER;ALGER;33636044
RUE;Rue d'Allonnes;D ALLONNES;ALLONNES;38714772,655069144,655069147
RUE;Rue d'Angerville;D ANGERVILLE;ANGERVILLE;39101859
RUE;Rue d'Etampes;D ETAMPES;ETAMPES;25700027
RUE;Rue de Babylone;DE BABYLONE;BABYLONE;37788939
RUE;Rue de Bellevue;DE BELLEVUE;BELLEVUE;37788924
RUE;Rue de Bethléem;DE BETHLEEM;BETHLEEM;33636021,477573218
RUE;Rue de Brétigny;DE BRETIGNY;BRETIGNY;39063543,484240803,488733386
RUE;Rue de Chavannes;DE CHAVANNES;CHAVANNES;34116451,474153827
RUE;Rue de Châteaudun;DE CHATEAUDUN;CHATEAUDUN;38079875,214808222
RUE;Rue de Civry;DE CIVRY;CIVRY;38083021
RUE;Rue de Flandre Dunkerque;DE FLANDRE DUNKERQUE;DUNKERQUE;175176704
RUE;Rue de Fresnay;DE FRESNAY;FRESNAY;25101246,474138648
RUE;Rue de Launay;DE LAUNAY;LAUNAY;26526048,38712163
RUE;Rue de Loigny la Bataille;DE LOIGNY LA BATAILLE;BATAILLE;38632061
RUE;Rue de Patay;DE PATAY;PATAY;38632024
RUE;Rue de Rechèvres;DE RECHEVRES;RECHEVRES;31129368,34116480,42050172,176230831,176230835,176230836,222070145
RUE;Rue de Reverdy;DE REVERDY;REVERDY;38083019
RUE;Rue de Saint-André;DE SAINT ANDRE;ANDRE;33636040,668738122,668738124
RUE;Rue de Sours;DE SOURS;SOURS;24341547,38709765,472816899,474021813,506803307,506803308
RUE;Rue de Varize;DE VARIZE;VARIZE;25700031,25700043
RUE;Rue de Verdun;DE VERDUN;VERDUN;25383265
RUE;Rue de Villaines;DE VILLAINES;VILLAINES;38632020,490364384
RUE;Rue de l'Abbé Sieyès;DE L ABBE SIEYES;SIEYES;155264870,414000637
RUE;Rue de l'Abreuvoir;DE L ABREUVOIR;ABREUVOIR;46166438,46166439
RUE;Rue de l'Abreuvoir Morard;DE L ABREUVOIR MORARD;MORARD;507322019
RUE;Rue de l'Abreuvoir Saint-Jean;DE L ABREUVOIR SAINT JEAN;JEAN;34234607,34234608
RUE;Rue de l'Ancienne Fonderie;DE L ANCIENNE FONDERIE;FONDERIE;176569651
RUE;Rue de l'Arbre de la Liberté;DE L ARBRE DE LA LIBERTE;LIBERTE;25101243,25101244,25101245
RUE;Rue de l'Automne Ensoleillé;DE L AUTOMNE ENSOLEILLE;ENSOLEILLE;38632057
RUE;Rue de l'Epervier;DE L EPERVIER;EPERVIER;33910332
RUE;Rue de l'Espérance;DE L ESPERANCE;ESPERANCE;34116450
RUE;Rue de l'Etroit Degré;DE L ETROIT DEGRE;DEGRE;33636042
RUE;Rue de l'Horloge;DE L HORLOGE;HORLOGE;475919372
RUE;Rue de l'Ours Rouge;DE L OURS ROUGE;ROUGE;110320607
RUE;Rue de l'Âne Rez;DE L ANE REZ;REZ;25383293,110325097,110325129,110325139,163459695,282476880,282476881
RUE;Rue de l'Épargne;DE L EPARGNE;EPARGNE;37788920,46786248
RUE;Rue de la Bourdinière;DE LA BOURDINIERE;BOURDINIERE;82198753
RUE;Rue de la Brèche;DE LA BRECHE;BRECHE;25383288,124704199
RUE;Rue de la Clouterie;DE LA CLOUTERIE;CLOUTERIE;33910331,376893044
RUE;Rue de la Concorde;DE LA CONCORDE;CONCORDE;37788923,46786247
RUE;Rue de la Corroierie;DE LA CORROIERIE;CORROIERIE;33636035
RUE;Rue de la Couronne;DE LA COURONNE;COURONNE;24341543,220617973,313723678
RUE;Rue de la Croix Blanche;DE LA CROIX BLANCHE;BLANCHE;38632032
RUE;Rue de la Croix Bonnard;DE LA CROIX BONNARD;BONNARD;38712166
RUE;Rue de la Croix Jumelin;DE LA CROIX JUMELIN;JUMELIN;34234592,46173394
RUE;Rue de la Croix Thibault;DE LA CROIX THIBAULT;THIBAULT;25700016,114374374
RUE;Rue de la Famille;DE LA FAMILLE;FAMILLE;34116452
RUE;Rue de la Foulerie;DE LA FOULERIE;FOULERIE;25383291,376893033,376893034
RUE;Rue de la Gaderie;DE LA GADERIE;GADERIE;39101869
RUE;Rue de la Gloriette;DE LA GLORIETTE;GLORIETTE;110320332
RUE;Rue de la Grenouillère;DE LA GRENOUILLERE;GRENOUILLERE;110317640,163459696,212505447,212505448
RUE;Rue de la Madeleine;DE LA MADELEINE;MADELEINE;39101830
RUE;Rue de la Mairie;DE LA MAIRIE;MAIRIE;33910360,377842033
RUE;Rue de la Maladrerie;DE LA MALADRERIE;MALADRERIE;31956411
RUE;Rue de la Manutention;DE LA MANUTENTION;MANUTENTION;184346663
RUE;Rue de la Mare aux Moines;DE LA MARE AUX MOINES;MOINES;110159767,110159769
RUE;Rue de la Mare à Boulay;DE LA MARE A BOULAY;BOULAY;39101838
RUE;Rue de la Paix;DE LA PAIX;PAIX;25383273,474138645
RUE;Rue de la Petite Cordonnerie;DE LA PETITE CORDONNERIE;CORDONNERIE;33636029
RUE;Rue de la Pie;DE LA PIE;PIE;33636015
RUE;Rue de la Planche aux Carpes;DE LA PLANCHE AUX CARPES;CARPES;33910382
RUE;Rue de la Poissonnerie;DE LA POISSONNERIE;POISSONNERIE;33636030
RUE;Rue de la Porte Cendreuse;DE LA PORTE CENDREUSE;CENDREUSE;33910329
RUE;Rue de la Porte Drouaise;DE LA PORTE DROUAISE;DROUAISE;25383284
RUE;Rue de la Porte Guillaume;DE LA PORTE GUILLAUME;GUILLAUME;25383294,33910389,33910390,33910391,33910392
RUE;Rue de la Porte Morard;DE LA PORTE MORARD;MORARD;110144232,110144239,212501714,282476882,282476883
RUE;Rue de la Poële Percée;DE LA POELE PERCEE;PERCEE;33910357,376893043,376893047
RUE;Rue de la Prévoyance;DE LA PREVOYANCE;PREVOYANCE;37788925
RUE;Rue de la Roseraie;DE LA ROSERAIE;ROSERAIE;34234586,377840804,377840805,377905499,377905500,377905501,377905521,484232496
RUE;Rue de la Résidence Fleurie;DE LA RESIDENCE FLEURIE;FLEURIE;38632062
RUE;Rue de la Solidarité;DE LA SOLIDARITE;SOLIDARITE;25383272
RUE;Rue de la Tannerie;DE LA TANNERIE;TANNERIE;25383296
RUE;Rue de la Tonnellerie;DE LA TONNELLERIE;TONNELLERIE;82203438
RUE;Rue de la Tuilerie;DE LA TUILERIE;TUILERIE;37788938
RUE;Rue de la Volaille;DE LA VOLAILLE;VOLAILLE;33910338
RUE;Rue des Acacias;DES ACACIAS;ACACIAS;33636026
RUE;Rue des Bas Bourgs;DES BAS BOURGS;BOURGS;38083018
RUE;Rue des Bas Menus;DES BAS MENUS;MENUS;25383267
RUE;Rue des Blottes;DES BLOTTES;BLOTTES;39065869,484240806
RUE;Rue des Bouchers;DES BOUCHERS;BOUCHERS;212506890
RUE;Rue des Béguines;DES BEGUINES;BEGUINES;33910379,33910380,33910381,376893024,376893027,376893031,376893032
RUE;Rue des Carnutes;DES CARNUTES;CARNUTES;39101861
RUE;Rue des Castors;DES CASTORS;CASTORS;34295499,110152821
RUE;Rue des Chaises;DES CHAISES;CHAISES;38712164,38714773,474146922,488740337
RUE;Rue des Changes;DES CHANGES;CHANGES;25419145,377842032
RUE;Rue des Cognées;DES COGNEES;COGNEES;46158626
RUE;Rue des Comtesses;DES COMTESSES;COMTESSES;31661395,175648101,175648102,210648744,490364824
RUE;Rue des Cotes;DES COTES;COTES;521592174
RUE;Rue des Crépinières;DES CREPINIERES;CREPINIERES;38079880
RUE;Rue des Druides;DES DRUIDES;DRUIDES;39101866
RUE;Rue des Eparges;DES EPARGES;EPARGES;32842409
RUE;Rue des Fileurs;DES FILEURS;FILEURS;477293970
RUE;Rue des Fleurs;DES FLEURS;FLEURS;38632023
RUE;Rue des Grandes Filles Dieu;DES GRANDES FILLES DIEU;DIEU;25700017,25700019,48852196,272609427,272609428,274458631,274458632,470815572,490212555,490212556
RUE;Rue des Grandes Pierres Couvertes;DES GRANDES PIERRES COUVERTES;COUVERTES;39101850
RUE;Rue des Grenets;DES GRENETS;GRENETS;33910353,668734447
RUE;Rue des Hauts Menus;DES HAUTS MENUS;MENUS;469236947
RUE;Rue des Hauts de Chartres;DES HAUTS DE CHARTRES;CHARTRES;39101851
RUE;Rue des Hêtres;DES HETRES;HETRES;507322032
RUE;Rue des Jubelines;DES JUBELINES;JUBELINES;34234610,214991319
RUE;Rue des Lilas;DES LILAS;LILAS;34234587
RUE;Rue des Lisses;DES LISSES;LISSES;163459698
RUE;Rue des Marais;DES MARAIS;MARAIS;33702774,38709755,38709756,38709761,38709762,38709763,38709764,166382668
RUE;Rue des Oiseux;DES OISEUX;OISEUX;376893040
RUE;Rue des Perriers;DES PERRIERS;PERRIERS;31667694,38632054,38632055,490205302,490205303
RUE;Rue des Petites Filles Dieu;DES PETITES FILLES DIEU;DIEU;25101238,282476885
RUE;Rue des Petits Blés;DES PETITS BLES;BLES;38632022
RUE;Rue des Petits Clos;DES PETITS CLOS;CLOS;39065865
RUE;Rue des Poulies;DES POULIES;POULIES;110318828
RUE;Rue des Primevères;DES PRIMEVERES;PRIMEVERES;34234591,46158623,46158624
RUE;Rue des Rouliers;DES ROULIERS;ROULIERS;39101802,39101803
RUE;Rue des Réservoirs;DES RESERVOIRS;RESERVOIRS;25700029
RUE;Rue des Trois Détours;DES TROIS DETOURS;DETOURS;110148860
RUE;Rue des Trois Moulins;DES TROIS MOULINS;MOULINS;33636036
RUE;Rue des Trois Ponts;DES TROIS PONTS;PONTS;38632058
RUE;Rue des Vergers;DES VERGERS;VERGERS;34234617
RUE;Rue des Vieux Capucins;DES VIEUX CAPUCINS;CAPUCINS;24341906
RUE;Rue des Vieux Rapporteurs;DES VIEUX RAPPORTEURS;RAPPORTEURS;33910333
RUE;Rue des Vignes;DES VIGNES;VIGNES;38712167
RUE;Rue des Écuyers;DES ECUYERS;ECUYERS;33910330
RUE;Rue du 102ème Régiment d'Infanterie;DU 102EME REGIMENT D INFANTERIE;INFANTERIE;174246234
RUE;Rue du 14 Juillet;DU 14 JUILLET;JUILLET;23938154
RUE;Rue du 17 Août;DU 17 AOUT;AOUT;39101857
RUE;Rue du 1er Bataillon d'Eure-et-Loir;DU 1ER BATAILLON D EURE ET LOIR;LOIR;38632021,490364385,490364386
RUE;Rue du 8 Mai 1945;DU 8 MAI 1945;1945;39101848
RUE;Rue du Bois Merrain;DU BOIS MERRAIN;MERRAIN;24341540
RUE;Rue du Bourg;DU BOURG;BOURG;33910387,33910388,110320934,376893035,376893038,519999131
RUE;Rue du Bourgneuf;DU BOURGNEUF;BOURGNEUF;34234590,654999626,654999627,654999628,654999629,654999630,655000279
RUE;Rue du Cardinal Pie;DU CARDINAL PIE;PIE;25383279,163459700,376893041,376893042,668738129
RUE;Rue du Chapeau Rouge;DU CHAPEAU ROUGE;ROUGE;37788943
RUE;Rue du Chemin Doux;DU CHEMIN DOUX;DOUX;39065864,484240807
RUE;Rue du Chemin de Fer;DU CHEMIN DE FER;FER;37788921,491771892
RUE;Rue du Cheval Blanc;DU CHEVAL BLANC;BLANC;25383278
RUE;Rue du Chêne Doré;DU CHENE DORE;DORE;33910378
RUE;Rue du Clos Brette;DU CLOS BRETTE;BRETTE;39063545
RUE;Rue du Clos du Four;DU CLOS DU FOUR;FOUR;39101836
RUE;Rue du Clos l'Évêque;DU CLOS L EVEQUE;EVEQUE;114374362,507322024
RUE;Rue du Cloître Saint-André;DU CLOITRE SAINT ANDRE;ANDRE;163459701
RUE;Rue du Commandant Chesne;DU COMMANDANT CHESNE;CHESNE;25383264
RUE;Rue du Docteur André Haye;DU DOCTEUR ANDRE HAYE;HAYE;37788940
RUE;Rue du Docteur Fredet;DU DOCTEUR FREDET;FREDET;39063550
RUE;Rue du Docteur Jacques De Fourmestraux;DU DOCTEUR JACQUES DE FOURMESTRAUX;FOURMESTRAUX;25383277
RUE;Rue du Docteur Jacques Foubert;DU DOCTEUR JACQUES FOUBERT;FOUBERT;203258247
RUE;Rue du Docteur Maunoury;DU DOCTEUR MAUNOURY;MAUNOURY;38078469,313723677,469236958
RUE;Rue du Docteur Michel Gibert;DU DOCTEUR MICHEL GIBERT;GIBERT;38078471
RUE;Rue du Faubourg Guillaume;DU FAUBOURG GUILLAUME;GUILLAUME;25700026,166382669,219722823,219722824,473907464
RUE;Rue du Faubourg Saint-Jean;DU FAUBOURG SAINT JEAN;JEAN;24341533,24341534,24341535,46786249,222070146
RUE;Rue du Faubourg la Grappe;DU FAUBOURG LA GRAPPE;GRAPPE;38709759,38709768,214764928,472816113,472816895,472816898,655067650,655067651,655067653
RUE;Rue du Fossé Gaulois;DU FOSSE GAULOIS;GAULOIS;34234600,46158619
RUE;Rue du Frou;DU FROU;FROU;110317726
RUE;Rue du Grand Faubourg;DU GRAND FAUBOURG;FAUBOURG;37788944,82198751,474020459
RUE;Rue du Général Alain de Boissieu;DU GENERAL ALAIN DE BOISSIEU;BOISSIEU;179878975
RUE;Rue du Général Charles Delestraint;DU GENERAL CHARLES DELESTRAINT;DELESTRAINT;39101849
RUE;Rue du Général George Patton;DU GENERAL GEORGE PATTON;PATTON;31610662
RUE;Rue du Général Koenig;DU GENERAL KOENIG;KOENIG;520030244,622030449
RUE;Rue du Général Silvester;DU GENERAL SILVESTER;SILVESTER;229632393
RUE;Rue du Maréchal Lattre de Tassigny;DU MARECHAL LATTRE DE TASSIGNY;TASSIGNY;33910340
RUE;Rue du Maréchal Leclerc;DU MARECHAL LECLERC;LECLERC;221296729
RUE;Rue du Massacre;DU MASSACRE;MASSACRE;163459703,668738118,668738126
RUE;Rue du Moulin de la Barre;DU MOULIN DE LA BARRE;BARRE;34295494,34295497,47200735,66094278
RUE;Rue du Moulin des Graviers;DU MOULIN DES GRAVIERS;GRAVIERS;34295496,46166432
RUE;Rue du Moulin à Tan;DU MOULIN A TAN;TAN;110136977,176235497,176235499
RUE;Rue du Moulin à Vent;DU MOULIN A VENT;VENT;38714774
RUE;Rue du Palais de Justice;DU PALAIS DE JUSTICE;JUSTICE;46166449
RUE;Rue du Petit Beauvais;DU PETIT BEAUVAIS;BEAUVAIS;155067779
RUE;Rue du Petit Bouillon;DU PETIT BOUILLON;BOUILLON;110148861,156085561,156938885
RUE;Rue du Petit Change;DU PETIT CHANGE;CHANGE;82203439
RUE;Rue du Petit Orme;DU PETIT ORME;ORME;25383261
RUE;Rue du Petit Rachigny;DU PETIT RACHIGNY;RACHIGNY;34234612,222070147
RUE;Rue du Poisson Doux;DU POISSON DOUX;DOUX;33636031
RUE;Rue du Pont Saint-Hilaire;DU PONT SAINT HILAIRE;HILAIRE;110140522,110322976
RUE;Rue du Pont du Massacre;DU PONT DU MASSACRE;MASSACRE;110136881
RUE;Rue du Pot Vert;DU POT VERT;VERT;110319164
RUE;Rue du Puits Berchot;DU PUITS BERCHOT;BERCHOT;110319888
RUE;Rue du Puits Drouet;DU PUITS DROUET;DROUET;39101858,490938496,490938497
RUE;Rue du Puits d'Or;DU PUITS D OR;OR;110319068,163459706
RUE;Rue du Puits de l'Ours;DU PUITS DE L OURS;OURS;82203437
RUE;Rue du Pélican;DU PELICAN;PELICAN;34234604,34234605,34234609,214784664
RUE;Rue du Ravin;DU RAVIN;RAVIN;214477910,215113613
RUE;Rue du Rempart Châtelet;DU REMPART CHATELET;CHATELET;163459709
RUE;Rue du Repos;DU REPOS;REPOS;39101826
RUE;Rue du Soleil d'Or;DU SOLEIL D OR;OR;26526054,552822603
RUE;Rue du Souvenir Français;DU SOUVENIR FRANCAIS;FRANCAIS;39101828
RUE;Rue du Thymerais;DU THYMERAIS;THYMERAIS;34116466
RUE;Rue Édouard André;EDOUARD ANDRE;ANDRE;46166443
RUELLE;Ruelle des Bons Enfants;DES BONS ENFANTS;ENFANTS;34234585,377905504
RUELLE;Ruelle du Clos Blin;DU CLOS BLIN;BLIN;39101807
RUELLE;Ruelle du Clos l'Évêque;DU CLOS L EVEQUE;EVEQUE;47200739
RUELLE;Ruelle du Grand Sentier;DU GRAND SENTIER;SENTIER;47200726,176569652
RUELLE;Ruelle du Puits Drouet;DU PUITS DROUET;DROUET;39101852
RESIDENCE;Résidence L’Orée de Chartres;L’OREE DE CHARTRES;CHARTRES;491793798
RESIDENCE;Résidence Orée de Chanzy;OREE DE CHANZY;CHANZY;490364387
;Sente Dite de Beaulieu;SENTE DITE DE BEAULIEU;BEAULIEU;38712165,38712170
;Sente Dite des Galichets;SENTE DITE DES GALICHETS;GALICHETS;38632066,490204620
;Sente des Galichets;SENTE DES GALICHETS;GALICHETS;38632067
SENTIER;Sentier Saint-Jean;SAINT JEAN;JEAN;214809944
SENTIER;Sentier des Chenets;DES CHENETS;CHENETS;47200728,47200730,47200734
SENTIER;Sentier des Clos Vert;DES CLOS VERT;VERT;47200732,47200733
SQUARE;Square des Aubépines;DES AUBEPINES;AUBEPINES;521797310,521797311
TERTRE;Tertre Saint-François;SAINT FRANCOIS;FRANCOIS;33910348
TERTRE;Tertre Saint-Nicolas;SAINT NICOLAS;NICOLAS;33636039,209645879
TERTRE;Tertre Saint-Éman;SAINT EMAN;EMAN;33636033
TERTRE;Tertre de la Poissonnerie;DE LA POISSONNERIE;POISSONNERIE;110321376,110321511,110321745
TERTRE;Tertre du Pied Plat;DU PIED PLAT;PLAT;33910386,176580275
