voie;name;name_norm;last_word_norm;ways
;Alain Peyrefitte;ALAIN PEYREFITTE;PEYREFITTE;101254766
ALLEE;Allée André Gide;ANDRE GIDE;GIDE;398819765
ALLEE;Allée Antoine Bos;ANTOINE BOS;BOS;99371719
ALLEE;Allée Auguste Blanqui;AUGUSTE BLANQUI;BLANQUI;398761594
ALLEE;Allée Baluze;BALUZE;BALUZE;398761586
ALLEE;Allée Daniel de Cosnac;DANIEL DE COSNAC;COSNAC;277616157
ALLEE;Allée Jean Baptiste Toulzac;JEAN BAPTISTE TOULZAC;TOULZAC;103911874
ALLEE;Allée Jean Ferrat;JEAN FERRAT;FERRAT;398256462
ALLEE;Allée Latreille;LATREILLE;LATREILLE;103911842
ALLEE;Allée Maillard;MAILLARD;MAILLARD;398761585
ALLEE;Allée Marmontel;MARMONTEL;MARMONTEL;398761578
ALLEE;Allée Marx Dormoy;MARX DORMOY;DORMOY;398761588
ALLEE;Allée Maximilien Robespierre;MAXIMILIEN ROBESPIERRE;ROBESPIERRE;398819766
ALLEE;Allée Paul Ganet;PAUL GANET;GANET;103218318
ALLEE;Allée Pierre Brossolette;PIERRE BROSSOLETTE;BROSSOLETTE;398761587
ALLEE;Allée Raoul Dautry;RAOUL DAUTRY;DAUTRY;398761581
ALLEE;Allée Roger Combes;ROGER COMBES;COMBES;114570767
ALLEE;Allée Thérèse Simonet;THERESE SIMONET;SIMONET;103218364
ALLEE;Allée des Acacias;DES ACACIAS;ACACIAS;151832258
ALLEE;Allée des Charmilles;DES CHARMILLES;CHARMILLES;440726200,440726201,440726202
ALLEE;Allée des Tilleuls;DES TILLEULS;TILLEULS;99371678
ALLEE;Allée du Bouygue;DU BOUYGUE;BOUYGUE;103454401
AVENUE;Avenue Adrien Allard;ADRIEN ALLARD;ALLARD;103440919
AVENUE;Avenue Alfred de Musset;ALFRED DE MUSSET;MUSSET;101104774
AVENUE;Avenue André Emery;ANDRE EMERY;EMERY;103452070,103457856,103911834
AVENUE;Avenue André Jalinat;ANDRE JALINAT;JALINAT;101234487,101234489,101234499,101234502
AVENUE;Avenue André Malraux;ANDRE MALRAUX;MALRAUX;162681250,162681251,237062152,237062158,237062161,237062163,237062166,237062169,237062176,447707063
AVENUE;Avenue Bourzat;BOURZAT;BOURZAT;83812294
AVENUE;Avenue Charles Lachaud;CHARLES LACHAUD;LACHAUD;103440924
AVENUE;Avenue Cyprien Faurie;CYPRIEN FAURIE;FAURIE;31827909,59736148,103990700,236823040,255721163,312514100,441355212,441355213
AVENUE;Avenue Desgenettes;DESGENETTES;DESGENETTES;176988445
AVENUE;Avenue Edmond Michelet;EDMOND MICHELET;MICHELET;51987379,152228863
AVENUE;Avenue Edouard Herriot;EDOUARD HERRIOT;HERRIOT;70439227
AVENUE;Avenue Emile Duclaux;EMILE DUCLAUX;DUCLAUX;176988430
AVENUE;Avenue Erckmann Chatrian;ERCKMANN CHATRIAN;CHATRIAN;285338352
AVENUE;Avenue Firmin Marbeau;FIRMIN MARBEAU;MARBEAU;100668707
AVENUE;Avenue Gallieni;GALLIENI;GALLIENI;103440906
AVENUE;Avenue Georges Pompidou;GEORGES POMPIDOU;POMPIDOU;101254760,229173800,229173820,270353144,451954210,668662032,668662033,668662034,668662035,668662036,668662037,668662038
AVENUE;Avenue Guynemer;GUYNEMER;GUYNEMER;103436475,441686185,441686186
AVENUE;Avenue Jacques Lombard;JACQUES LOMBARD;LOMBARD;117404720
AVENUE;Avenue Jacques et Bernadette Chirac;JACQUES ET BERNADETTE CHIRAC;CHIRAC;53264992,229267401
AVENUE;Avenue Jasmin;JASMIN;JASMIN;103452067
AVENUE;Avenue Jean Baptiste Fournial;JEAN BAPTISTE FOURNIAL;FOURNIAL;176988457
AVENUE;Avenue Jean Chastre;JEAN CHASTRE;CHASTRE;101238569
AVENUE;Avenue Jean Jaurès;JEAN JAURES;JAURES;69448911
AVENUE;Avenue Jean Lurcat;JEAN LURCAT;LURCAT;53348188,101568484
AVENUE;Avenue Jean Marsales;JEAN MARSALES;MARSALES;75922994,441667552,441667554,511175207
AVENUE;Avenue Jean-Charles Rivet;JEAN CHARLES RIVET;RIVET;25078975,30406157,30406168,30406171,30406172,30406175,30406176,33815241,36810310,103917206,103990635,352889349,440511169,441514336,441514340,441514343,441514347
AVENUE;Avenue Jean-Jacques Rousseau;JEAN JACQUES ROUSSEAU;ROUSSEAU;236823049
AVENUE;Avenue Ledru-Rollin;LEDRU ROLLIN;ROLLIN;101104793
AVENUE;Avenue Louis Pons;LOUIS PONS;PONS;52036991
AVENUE;Avenue Léo Lagrange;LEO LAGRANGE;LAGRANGE;100526443,101254753,229173804
AVENUE;Avenue Léon Blum;LEON BLUM;BLUM;51987703
AVENUE;Avenue Maillard;MAILLARD;MAILLARD;75887318,229267394,229267397,256713895,256716467
AVENUE;Avenue Maréchal Bugeaud;MARECHAL BUGEAUD;BUGEAUD;99382779
AVENUE;Avenue Maréchal Foch;MARECHAL FOCH;FOCH;99371675,99371686,99371708,353706860,353706861,353706862
AVENUE;Avenue Michel Labrousse;MICHEL LABROUSSE;LABROUSSE;151813657
AVENUE;Avenue Mozart;MOZART;MOZART;151813647,151813653,277615998
AVENUE;Avenue Pasteur;PASTEUR;PASTEUR;136848395,229267400,256713894
AVENUE;Avenue Paul Doumer;PAUL DOUMER;DOUMER;102617936
AVENUE;Avenue Pierre Semard;PIERRE SEMARD;SEMARD;103436498,511175208
AVENUE;Avenue Poincaré;POINCARE;POINCARE;83812293
AVENUE;Avenue Raoul Dautry;RAOUL DAUTRY;DAUTRY;101574035,229173818,277616001,442024329
AVENUE;Avenue Ribot;RIBOT;RIBOT;103462249,114253742,256712345,355322162,511175218,511175219
AVENUE;Avenue Roger Roncier;ROGER RONCIER;RONCIER;103917207
AVENUE;Avenue Ronsard;RONSARD;RONSARD;176939304
AVENUE;Avenue Thiers;THIERS;THIERS;30407855,100526495
AVENUE;Avenue Treilhard;TREILHARD;TREILHARD;100668743
AVENUE;Avenue Turgot;TURGOT;TURGOT;56132838
AVENUE;Avenue Victor Hugo;VICTOR HUGO;HUGO;101222874,454065803
AVENUE;Avenue d'Alsace-Lorraine;D ALSACE LORRAINE;LORRAINE;51989768,100532111,439045380,439045398
AVENUE;Avenue de Melitopol;DE MELITOPOL;MELITOPOL;102193170,103440908
AVENUE;Avenue de Migoule;DE MIGOULE;MIGOULE;151832263
AVENUE;Avenue de Paris;DE PARIS;PARIS;83812429,99371691,101104777,237135156
AVENUE;Avenue de l'Abbé Jean Alvitre;DE L ABBE JEAN ALVITRE;ALVITRE;103436437,152622709,441667564,441667569,441690257,444419612,444437490
AVENUE;Avenue de la Bastille;DE LA BASTILLE;BASTILLE;103218337
AVENUE;Avenue de la Garenne Verte;DE LA GARENNE VERTE;VERTE;101254756
AVENUE;Avenue du 11 Novembre 1918;DU 11 NOVEMBRE 1918;1918;99382754,99382757,101238575
AVENUE;Avenue du 14 Juillet;DU 14 JUILLET;JUILLET;74172988,99371667,99371700,229175732,229178011
AVENUE;Avenue du 18 Juin 1940;DU 18 JUIN 1940;1940;103911852,229267403,229267404
AVENUE;Avenue du 4 Juillet 1776;DU 4 JUILLET 1776;1776;103990658,103990737
AVENUE;Avenue du 8 Mai 1945;DU 8 MAI 1945;1945;101238573,229173821,457749543,457749544
AVENUE;Avenue du Capitaine André Buffet;DU CAPITAINE ANDRE BUFFET;BUFFET;101554380
AVENUE;Avenue du Général Leclerc Maréchal de France;DU GENERAL LECLERC MARECHAL DE FRANCE;FRANCE;70439245,350679421
AVENUE;Avenue du Général Pierre Pouyade;DU GENERAL PIERRE POUYADE;POUYADE;176941790
AVENUE;Avenue du Printemps;DU PRINTEMPS;PRINTEMPS;75512623,136848399,136848404,136848407,447771773
AVENUE;Avenue du Président Henri Queuille;DU PRESIDENT HENRI QUEUILLE;QUEUILLE;136848412
AVENUE;Avenue du Président Roosevelt;DU PRESIDENT ROOSEVELT;ROOSEVELT;53348184,229173816
AVENUE;Avenue du Riant Portail du Midi;DU RIANT PORTAIL DU MIDI;MIDI;308247367
AVENUE;Avenue Émile Zola;EMILE ZOLA;ZOLA;83812067
BOULEVARD;Boulevard Amiral Grivel;AMIRAL GRIVEL;GRIVEL;100532099
BOULEVARD;Boulevard Anatole France;ANATOLE FRANCE;FRANCE;99333303,229267399
BOULEVARD;Boulevard Cardinal Dubois;CARDINAL DUBOIS;DUBOIS;99382764,229175731,511175214
BOULEVARD;Boulevard Clemenceau;CLEMENCEAU;CLEMENCEAU;100668760,348416764
BOULEVARD;Boulevard Docteur Marbeau;DOCTEUR MARBEAU;MARBEAU;53348181,439079988,439079989,439079990,439079991,511175213
BOULEVARD;Boulevard Docteur Verlhac;DOCTEUR VERLHAC;VERLHAC;151813658
BOULEVARD;Boulevard Edouard Lachaud;EDOUARD LACHAUD;LACHAUD;99345266
BOULEVARD;Boulevard Gabriel Peri;GABRIEL PERI;PERI;117404721
BOULEVARD;Boulevard Gontran Royer;GONTRAN ROYER;ROYER;117426670,439029053,439029054
BOULEVARD;Boulevard Général Koenig;GENERAL KOENIG;KOENIG;67118200,353647918,353647920
BOULEVARD;Boulevard Henri de Jouvenel;HENRI DE JOUVENEL;JOUVENEL;101104770,353647922,511175209
BOULEVARD;Boulevard Jean Moulin;JEAN MOULIN;MOULIN;101104753,103462250,236830166,355322163,355322164,355322165,355322166,511175216,511175217
BOULEVARD;Boulevard Jules Ferry;JULES FERRY;FERRY;67118219,237190808
BOULEVARD;Boulevard Louis Blanc;LOUIS BLANC;BLANC;53348186,439079992,439079993,511175210
BOULEVARD;Boulevard Marx Dormoy;MARX DORMOY;DORMOY;151813743
BOULEVARD;Boulevard Maréchal Lyautey;MARECHAL LYAUTEY;LYAUTEY;99345262
BOULEVARD;Boulevard Michelet;MICHELET;MICHELET;31828237
BOULEVARD;Boulevard Mirabeau;MIRABEAU;MIRABEAU;36810308,53348183
BOULEVARD;Boulevard Paul Painlevé;PAUL PAINLEVE;PAINLEVE;151813659
BOULEVARD;Boulevard Pierre Brossolette;PIERRE BROSSOLETTE;BROSSOLETTE;151813650
BOULEVARD;Boulevard Roger Combe;ROGER COMBE;COMBE;114253731
BOULEVARD;Boulevard Roger Combes;ROGER COMBES;COMBES;114253737,256712307
BOULEVARD;Boulevard Voltaire;VOLTAIRE;VOLTAIRE;100526488,229173798,229173811
BOULEVARD;Boulevard d'Estienne d'Orves;D ESTIENNE D ORVES;ORVES;87082123
BOULEVARD;Boulevard du Colonel Germain;DU COLONEL GERMAIN;GERMAIN;53348185
BOULEVARD;Boulevard du Maréchal Brune;DU MARECHAL BRUNE;BRUNE;100532109,348416768
BOULEVARD;Boulevard du Puyblanc;DU PUYBLANC;PUYBLANC;99345267
BOULEVARD;Boulevard du Salan;DU SALAN;SALAN;99333288
CARRIERE;Carrières de Puymège Perbousie;S DE PUYMEGE PERBOUSIE;PERBOUSIE;260183667
CHEMIN;Chemin Ancien Chem de Fadat;ANCIEN CHEM DE FADAT;FADAT;292342186
CHEMIN;Chemin Ancien Chemin de Fadat;ANCIEN CHEMIN DE FADAT;FADAT;292342771
CHEMIN;Chemin Charles Trenet;CHARLES TRENET;TRENET;259512280
CHEMIN;Chemin Des Vignes Blanches;DES VIGNES BLANCHES;BLANCHES;242845917
CHEMIN RURAL;Chemin Rural de Lestrade;DE LESTRADE;LESTRADE;103990716
CHEMIN;Chemin de Bassaler;DE BASSALER;BASSALER;136360909
CHEMIN;Chemin de Bel Air;DE BEL AIR;AIR;151815149
CHEMIN;Chemin de Bramefond;DE BRAMEFOND;BRAMEFOND;397838657
CHEMIN;Chemin de Chalimont;DE CHALIMONT;CHALIMONT;136848419
CHEMIN;Chemin de Fadat;DE FADAT;FADAT;151814939,151814943,444437492
CHEMIN;Chemin des Crêtes;DES CRETES;CRETES;102617901,136848420,447771774
CHEMIN;Chemin des Dastres;DES DASTRES;DASTRES;176939319
CHEMIN;Chemin des Jarriges;DES JARRIGES;JARRIGES;398245725
CHEMIN;Chemin des Tonderies;DES TONDERIES;TONDERIES;151925517
CHEMIN;Chemin du Bois de Tulle;DU BOIS DE TULLE;TULLE;151973968
CHEMIN;Chemin du Breuil;DU BREUIL;BREUIL;292340086
CHEMIN;Chemin du Côteau de Malecroix;DU COTEAU DE MALECROIX;MALECROIX;176939305
CHEMIN;Chemin du Pilou;DU PILOU;PILOU;446540814
CHEMIN;Chemin du Pouget;DU POUGET;POUGET;277617006
CHEMIN;Chemin du Rechaulier;DU RECHAULIER;RECHAULIER;292439606
CHEMIN;Chemin du Tilleul;DU TILLEUL;TILLEUL;277616037
COURS;Cours Martignac;MARTIGNAC;MARTIGNAC;74172743
COURS;Cours du 15 Août 1944;DU 15 AOUT 1944;1944;101222919
;Groupe Hab Les Chaumières;GROUPE HAB LES CHAUMIERES;CHAUMIERES;103911847
;Groupe Hab Mon Logis;GROUPE HAB MON LOGIS;LOGIS;398256460
;Groupe Hab Mon Toit;GROUPE HAB MON TOIT;TOIT;103911891
HAMEAU;Hameau des Près;DES PRES;PRES;103911844,103911908,455411497,455411500,455411501,455411616
IMPASSE;Impasse Abrizio;ABRIZIO;ABRIZIO;114570764
IMPASSE;Impasse Alain Gerbault;ALAIN GERBAULT;GERBAULT;151974343
IMPASSE;Impasse Albert Thomas;ALBERT THOMAS;THOMAS;354127419
IMPASSE;Impasse André Chénier;ANDRE CHENIER;CHENIER;103302272
IMPASSE;Impasse André Emery;ANDRE EMERY;EMERY;103911839
IMPASSE;Impasse André Gide;ANDRE GIDE;GIDE;103454419
IMPASSE;Impasse Antoine de Jussieu;ANTOINE DE JUSSIEU;JUSSIEU;151815359
IMPASSE;Impasse Armand Galin;ARMAND GALIN;GALIN;102617824
IMPASSE;Impasse Ave de Migoule;AVE DE MIGOULE;MIGOULE;151832264
IMPASSE;Impasse Bassaler;BASSALER;BASSALER;136360918
IMPASSE;Impasse Becquerel;BECQUEREL;BECQUEREL;103218365
IMPASSE;Impasse Benjamin Franklin;BENJAMIN FRANKLIN;FRANKLIN;114573269
IMPASSE;Impasse Camille Desmoulins;CAMILLE DESMOULINS;DESMOULINS;176939321
IMPASSE;Impasse Cap Horizon;CAP HORIZON;HORIZON;129868621
IMPASSE;Impasse Charles Péguy;CHARLES PEGUY;PEGUY;117416343,117416344
IMPASSE;Impasse Claude Bernard;CLAUDE BERNARD;BERNARD;399538156
IMPASSE;Impasse Clemenceau;CLEMENCEAU;CLEMENCEAU;100676213
IMPASSE;Impasse Crozat;CROZAT;CROZAT;103296873
IMPASSE;Impasse Daniel de Cosnac;DANIEL DE COSNAC;COSNAC;151867532
IMPASSE;Impasse Denfert-Rochereau;DENFERT ROCHEREAU;ROCHEREAU;151868726
IMPASSE;Impasse Descartes;DESCARTES;DESCARTES;101574018
IMPASSE;Impasse Elie Chalimont;ELIE CHALIMONT;CHALIMONT;399785337
IMPASSE;Impasse Emile Quinteau;EMILE QUINTEAU;QUINTEAU;176939308,617889249
IMPASSE;Impasse Foch;FOCH;FOCH;99371735
IMPASSE;Impasse Francis Duboureau;FRANCIS DUBOUREAU;DUBOUREAU;114570752
IMPASSE;Impasse Frédéric Chopin;FREDERIC CHOPIN;CHOPIN;151925514
IMPASSE;Impasse Frédéric Mistral;FREDERIC MISTRAL;MISTRAL;103291642
IMPASSE;Impasse Galilée;GALILEE;GALILEE;103436440
IMPASSE;Impasse Gaston Magnaudet;GASTON MAGNAUDET;MAGNAUDET;101254744
IMPASSE;Impasse Georges Braque;GEORGES BRAQUE;BRAQUE;103454408
IMPASSE;Impasse Georges Mouret;GEORGES MOURET;MOURET;103911868
IMPASSE;Impasse Georges Pompidou;GEORGES POMPIDOU;POMPIDOU;101568456
IMPASSE;Impasse Granet;GRANET;GRANET;151925509
IMPASSE;Impasse Guillaume Aygueparse;GUILLAUME AYGUEPARSE;AYGUEPARSE;151832257
IMPASSE;Impasse Général Marchand;GENERAL MARCHAND;MARCHAND;72790458
IMPASSE;Impasse Henri Queuille;HENRI QUEUILLE;QUEUILLE;129868627
IMPASSE;Impasse Ingénieur Brassaud;INGENIEUR BRASSAUD;BRASSAUD;176939297
IMPASSE;Impasse J Jacques Rousseau;J JACQUES ROUSSEAU;ROUSSEAU;277616967
IMPASSE;Impasse Jacques Chaminade;JACQUES CHAMINADE;CHAMINADE;176941759
IMPASSE;Impasse Jacques Monod;JACQUES MONOD;MONOD;103911861
IMPASSE;Impasse Jacques Prévert;JACQUES PREVERT;PREVERT;103911911
IMPASSE;Impasse Jean Antoine Chaptal;JEAN ANTOINE CHAPTAL;CHAPTAL;103436473
IMPASSE;Impasse Jean Faurel;JEAN FAUREL;FAUREL;115841715,115841716
IMPASSE;Impasse Jean Fouquet;JEAN FOUQUET;FOUQUET;103911898
IMPASSE;Impasse Jean Kepler;JEAN KEPLER;KEPLER;114573247
IMPASSE;Impasse Jean Lurçat;JEAN LURCAT;LURCAT;315526858
IMPASSE;Impasse Jean Macé;JEAN MACE;MACE;151814550
IMPASSE;Impasse Jean Paul Puydebois;JEAN PAUL PUYDEBOIS;PUYDEBOIS;315531943
IMPASSE;Impasse Joseph Yernaux;JOSEPH YERNAUX;YERNAUX;277616102
IMPASSE;Impasse Joséphine Baker;JOSEPHINE BAKER;BAKER;103911835
IMPASSE;Impasse Jules Romains;JULES ROMAINS;ROMAINS;103911872
IMPASSE;Impasse Langevin;LANGEVIN;LANGEVIN;151868723
IMPASSE;Impasse Leclere;LECLERE;LECLERE;354121469
IMPASSE;Impasse Louis Franç Gabriel Beynie;LOUIS FRANC GABRIEL BEYNIE;BEYNIE;151832256
IMPASSE;Impasse Louis Plantadis;LOUIS PLANTADIS;PLANTADIS;241020089
IMPASSE;Impasse Louis de Saint-Germain;LOUIS DE SAINT GERMAIN;GERMAIN;315529731
IMPASSE;Impasse Léon Lecornu;LEON LECORNU;LECORNU;151869120
IMPASSE;Impasse Maillard;MAILLARD;MAILLARD;99371704,99371737
IMPASSE;Impasse Marcel Pagnol;MARCEL PAGNOL;PAGNOL;315526862
IMPASSE;Impasse Marguerite Gaillot Priolo;MARGUERITE GAILLOT PRIOLO;PRIOLO;176988441
IMPASSE;Impasse Marmontel;MARMONTEL;MARMONTEL;103296833
IMPASSE;Impasse Martial Brigouleix;MARTIAL BRIGOULEIX;BRIGOULEIX;102617820,102617822
IMPASSE;Impasse Maréchal Brune;MARECHAL BRUNE;BRUNE;101222912
IMPASSE;Impasse Maréchal Juin;MARECHAL JUIN;JUIN;115841714
IMPASSE;Impasse Maurice Barrès;MAURICE BARRES;BARRES;290420632
IMPASSE;Impasse Michel Labrousse;MICHEL LABROUSSE;LABROUSSE;151813648
IMPASSE;Impasse Navier;NAVIER;NAVIER;99382769
IMPASSE;Impasse Noël Boudy;NOEL BOUDY;BOUDY;103452080
IMPASSE;Impasse Pataki;PATAKI;PATAKI;74172770
IMPASSE;Impasse Pierre Benoit;PIERRE BENOIT;BENOIT;93612292
IMPASSE;Impasse Pierre Chaumeil;PIERRE CHAUMEIL;CHAUMEIL;103911877
IMPASSE;Impasse Pierre Lescot;PIERRE LESCOT;LESCOT;285454851
IMPASSE;Impasse Plein Sud;PLEIN SUD;SUD;114570762
IMPASSE;Impasse Raoul Desvignes;RAOUL DESVIGNES;DESVIGNES;136360941
IMPASSE;Impasse René Cassin;RENE CASSIN;CASSIN;292340019
IMPASSE;Impasse René Glangeaud;RENE GLANGEAUD;GLANGEAUD;114570768
IMPASSE;Impasse René Leriche;RENE LERICHE;LERICHE;101254729
IMPASSE;Impasse Roger Combe;ROGER COMBE;COMBE;114253728
IMPASSE;Impasse Saint-Just;SAINT JUST;JUST;176988459
IMPASSE;Impasse Saintoyant;SAINTOYANT;SAINTOYANT;398761598
IMPASSE;Impasse Serres;SERRES;SERRES;103218334
IMPASSE;Impasse Sœur Thérèse;SŒUR THERESE;THERESE;101574031
IMPASSE;Impasse Voltaire;VOLTAIRE;VOLTAIRE;398761584
IMPASSE;Impasse d'Estavel;D ESTAVEL;ESTAVEL;103911882
IMPASSE;Impasse de Tujac;DE TUJAC;TUJAC;103911875
IMPASSE;Impasse de l'Esplanade;DE L ESPLANADE;ESPLANADE;399536018
IMPASSE;Impasse de l'Étang;DE L ETANG;ETANG;151983213
IMPASSE;Impasse de la Marquisie;DE LA MARQUISIE;MARQUISIE;103911862
IMPASSE;Impasse de la Passerelle;DE LA PASSERELLE;PASSERELLE;100676214
IMPASSE;Impasse de la Plaine des Jeux;DE LA PLAINE DES JEUX;JEUX;103911886
IMPASSE;Impasse de la Sarretie;DE LA SARRETIE;SARRETIE;352889351
IMPASSE;Impasse des Arcades;DES ARCADES;ARCADES;114253729
IMPASSE;Impasse des Bordes;DES BORDES;BORDES;101239357
IMPASSE;Impasse des Charmes;DES CHARMES;CHARMES;117410042
IMPASSE;Impasse des Chênes;DES CHENES;CHENES;117410058
IMPASSE;Impasse des Coquelicots;DES COQUELICOTS;COQUELICOTS;117410052
IMPASSE;Impasse des Cèdres;DES CEDRES;CEDRES;103911883
IMPASSE;Impasse des Echevins;DES ECHEVINS;ECHEVINS;74172827
IMPASSE;Impasse des Mignardes;DES MIGNARDES;MIGNARDES;103452059
IMPASSE;Impasse des Noisetiers;DES NOISETIERS;NOISETIERS;117410053
IMPASSE;Impasse des Pastourelles;DES PASTOURELLES;PASTOURELLES;176988431,176988450,176988456
IMPASSE;Impasse des Roses;DES ROSES;ROSES;117410040
IMPASSE;Impasse des Roses du Vialmur;DES ROSES DU VIALMUR;VIALMUR;102617467
IMPASSE;Impasse des Villas;DES VILLAS;VILLAS;129868629
IMPASSE;Impasse des Érables;DES ERABLES;ERABLES;117410057
IMPASSE;Impasse du Bleu;DU BLEU;BLEU;277616120
IMPASSE;Impasse du Consulat de Brive;DU CONSULAT DE BRIVE;BRIVE;101574022
IMPASSE;Impasse du Corn Peyroux;DU CORN PEYROUX;PEYROUX;151815355
IMPASSE;Impasse du Général Most;DU GENERAL MOST;MOST;151814542
IMPASSE;Impasse du Général Souham;DU GENERAL SOUHAM;SOUHAM;103218362
IMPASSE;Impasse du Prieur;DU PRIEUR;PRIEUR;103457843
IMPASSE;Impasse du Printemps;DU PRINTEMPS;PRINTEMPS;129864654
IMPASSE;Impasse du Rechaulier;DU RECHAULIER;RECHAULIER;292440049
IMPASSE;Impasse du Rocher Coupe;DU ROCHER COUPE;COUPE;292440193,440865319,440865320
IMPASSE;Impasse du Teinchurier;DU TEINCHURIER;TEINCHURIER;59737220
IMPASSE;Impasse du Tilleul;DU TILLEUL;TILLEUL;136360905
IMPASSE;Impasse Émile Magne;EMILE MAGNE;MAGNE;102617693
;Jeanne Villepreux-Power;JEANNE VILLEPREUX POWER;POWER;103457859
;L'Occitane;L OCCITANE;OCCITANE;56132833,56132836,56132837,100883123,100883140,100883154,100883161,100883177,100883179,100883186,100883199,322779878,551025664,660529498,660529500,660529501,660529502,670706090,670706093,670706095,670706100
LOTISSEMENT;Lotissement Ma Maison;MA MAISON;MAISON;103911850
LOTISSEMENT;Lotissement Mon Logis;MON LOGIS;LOGIS;103911890
LOTISSEMENT;Lotissement Mon Toit;MON TOIT;TOIT;103911912
PASSAGE;Passage Beausejour;BEAUSEJOUR;BEAUSEJOUR;117416341
PASSAGE;Passage Becquerel;BECQUEREL;BECQUEREL;103218348
PASSAGE;Passage Charles Boudy;CHARLES BOUDY;BOUDY;100532108
PASSAGE;Passage Dubois;DUBOIS;DUBOIS;74172742
PASSAGE;Passage Fernand Beylie;FERNAND BEYLIE;BEYLIE;136848427
PASSAGE;Passage Florian;FLORIAN;FLORIAN;103911917
PASSAGE;Passage Francis Duboureau;FRANCIS DUBOUREAU;DUBOUREAU;114570766
PASSAGE;Passage Georges Carpentier;GEORGES CARPENTIER;CARPENTIER;103457854,444073436,444073437,444073438,444073440
PASSAGE;Passage Guynemer;GUYNEMER;GUYNEMER;103436445
PASSAGE;Passage Général Leclerc;GENERAL LECLERC;LECLERC;100532116
PASSAGE;Passage Henri Matisse;HENRI MATISSE;MATISSE;136360931
PASSAGE;Passage Henri Queuille;HENRI QUEUILLE;QUEUILLE;151974351
PASSAGE;Passage Jean Lurcat;JEAN LURCAT;LURCAT;151867533
PASSAGE;Passage Jean Marty;JEAN MARTY;MARTY;101254778
PASSAGE;Passage Leon Bourgeois;LEON BOURGEOIS;BOURGEOIS;99382744
PASSAGE;Passage Les Laurières;LES LAURIERES;LAURIERES;103445576
PASSAGE;Passage Noël Boudy;NOEL BOUDY;BOUDY;398819754
PASSAGE;Passage Pierre Perol;PIERRE PEROL;PEROL;398761599
PASSAGE;Passage Pierre Semard;PIERRE SEMARD;SEMARD;103436461
PASSAGE;Passage René Dumoitier;RENE DUMOITIER;DUMOITIER;117426671
PASSAGE;Passage René Glangeaud;RENE GLANGEAUD;GLANGEAUD;114570760
PASSAGE;Passage Saint-Libéral;SAINT LIBERAL;LIBERAL;74172852
PASSAGE;Passage de Selves;DE SELVES;SELVES;100532104
PASSAGE;Passage de Turenne;DE TURENNE;TURENNE;100541421
PASSAGE;Passage de l'Abbé Leymonerie;DE L ABBE LEYMONERIE;LEYMONERIE;100542221
PASSAGE;Passage de l'Esplanade;DE L ESPLANADE;ESPLANADE;277616138
PASSAGE;Passage de la Fontaine Bleue;DE LA FONTAINE BLEUE;BLEUE;100676210
PASSAGE;Passage des Doctrinaires;DES DOCTRINAIRES;DOCTRINAIRES;74174526
PASSAGE;Passage des Mignardes;DES MIGNARDES;MIGNARDES;103452064
PASSAGE;Passage du Frère Jean-Baptiste Bonetbeltz;DU FRERE JEAN BAPTISTE BONETBELTZ;BONETBELTZ;100542222
PASSAGE;Passage Émile Pagnon;EMILE PAGNON;PAGNON;72494165
PASSE;Passe Lecherbonnier;LECHERBONNIER;LECHERBONNIER;74172866
PASSE;Passe Montcalm;MONTCALM;MONTCALM;100676224
PASSE;Passe de la Poterie;DE LA POTERIE;POTERIE;74172826,350679423,350679424
PASSERELLE;Passerelle d'Ovalie;D OVALIE;OVALIE;101234503
;Perbousie;PERBOUSIE;PERBOUSIE;260184311
PLACE;Place Anatole France;ANATOLE FRANCE;FRANCE;366997988,366997989,366997990
PLACE;Place Aristide Briand;ARISTIDE BRIAND;BRIAND;237135157
PLACE;Place Charles de Gaulle;CHARLES DE GAULLE;GAULLE;70439259,353706863,397277814
PLACE;Place Gounod;GOUNOD;GOUNOD;237135158
PLACE;Place Jean-Marie Dauzier;JEAN MARIE DAUZIER;DAUZIER;398819747,439189576
PLACE;Place Latreille;LATREILLE;LATREILLE;398819749
PLACE;Place Maréchal de Lattre de Tassigny;MARECHAL DE LATTRE DE TASSIGNY;TASSIGNY;350679427
PLACE;Place Molière;MOLIERE;MOLIERE;237135159
PLACE;Place Nelson Mandela;NELSON MANDELA;MANDELA;442024323
PLACE;Place Saint Joseph;SAINT JOSEPH;JOSEPH;661372815
PLACE;Place Saint-Pierre;SAINT PIERRE;PIERRE;398819748
PLACE;Place Sœur Sophie Maillard;SŒUR SOPHIE MAILLARD;MAILLARD;100668756
PLACE;Place W Churchill;W CHURCHILL;CHURCHILL;398819752
PLACE;Place Winston Churchill;WINSTON CHURCHILL;CHURCHILL;398819751
PLACE;Place de l'Hôtel de Ville;DE L HOTEL DE VILLE;VILLE;74172841,74174529
PLACE;Place de la Halle;DE LA HALLE;HALLE;74174528
PLACE;Place de la Liberté;DE LA LIBERTE;LIBERTE;83812302,315531533,382946021,511175211,511175212
PLACE;Place de la République;DE LA REPUBLIQUE;REPUBLIQUE;100668716
PLACE;Place des Beylies Hautes;DES BEYLIES HAUTES;HAUTES;398819762
PLACE;Place du 14 Juillet;DU 14 JUILLET;JUILLET;237135160
PLACE;Place du 15 Août 1944;DU 15 AOUT 1944;1944;398819746
PLACE;Place du Civoire et des Patriote;DU CIVOIRE ET DES PATRIOTE;PATRIOTE;74174527
PONT;Pont Cardinal;CARDINAL;CARDINAL;101104787
PONT;Pont Tourny;TOURNY;TOURNY;99371698
PONT;Pont de la Bouvie;DE LA BOUVIE;BOUVIE;53348182
PONT;Pont de la Croix Saint-Jacques;DE LA CROIX SAINT JACQUES;JACQUES;236823047
PONT;Pont du Buy;DU BUY;BUY;31828235
PROMENADE;Promenade des Tilleuls;DES TILLEULS;TILLEULS;99371653,439079994
QUAI;Quai Tourny;TOURNY;TOURNY;99371684,99371688,99371705,99371709,99371717,229267395
;Roger Courbatère;ROGER COURBATERE;COURBATERE;103440909
ROND POINT;Rond-Point André Monteil;ANDRE MONTEIL;MONTEIL;103917199
ROND POINT;Rond-Point François Mielvaque;FRANCOIS MIELVAQUE;MIELVAQUE;441667557
ROND POINT;Rond-Point Général André Lalande;GENERAL ANDRE LALANDE;LALANDE;30283369
ROND POINT;Rond-Point Léon Bronchart;LEON BRONCHART;BRONCHART;103457845
ROND POINT;Rond-Point Rhin et Danube;RHIN ET DANUBE;DANUBE;30283509
ROND POINT;Rond-Point de la Vézère;DE LA VEZERE;VEZERE;30283486
ROND POINT;Rond-Point des Médaillés Militaires;DES MEDAILLES MILITAIRES;MILITAIRES;99382778
ROND POINT;Rond-Point du Colonel Guingoin;DU COLONEL GUINGOIN;GUINGOIN;103917202
ROND POINT;Rond-Pointdu Docteur Labarbe;DU DOCTEUR LABARBE;LABARBE;151813651
ROUTE;Route de Lissac;DE LISSAC;LISSAC;176941752
ROUTE;Route de Siorat;DE SIORAT;SIORAT;241085503
ROUTE;Route du Clos de Bellefond;DU CLOS DE BELLEFOND;BELLEFOND;151973971
RUE;Rue Abrizio;ABRIZIO;ABRIZIO;114570765
RUE;Rue Adjt Chef J B Cheminade;ADJT CHEF J B CHEMINADE;CHEMINADE;151832260
RUE;Rue Adrien et Eva Faure;ADRIEN ET EVA FAURE;FAURE;70439244
RUE;Rue Aimé Cotton;AIME COTTON;COTTON;151868725
RUE;Rue Aimé Césaire;AIME CESAIRE;CESAIRE;398254959
RUE;Rue Alain Fournier;ALAIN FOURNIER;FOURNIER;103440914,103440920
RUE;Rue Alain Gerbault;ALAIN GERBAULT;GERBAULT;151974349
RUE;Rue Albert Brival;ALBERT BRIVAL;BRIVAL;151983205
RUE;Rue Albert Camus;ALBERT CAMUS;CAMUS;115841703
RUE;Rue Albert Einstein;ALBERT EINSTEIN;EINSTEIN;114573257
RUE;Rue Albert Schweitzer;ALBERT SCHWEITZER;SCHWEITZER;140690235
RUE;Rue Albert Thomas;ALBERT THOMAS;THOMAS;121108371
RUE;Rue Albéric Cahuet;ALBERIC CAHUET;CAHUET;117416342
RUE;Rue Alexander Fleming;ALEXANDER FLEMING;FLEMING;103436469
RUE;Rue Alexandre Daudy;ALEXANDRE DAUDY;DAUDY;151813738,151813740,151813741
RUE;Rue Alexandre Dumas;ALEXANDRE DUMAS;DUMAS;103296866
RUE;Rue Alexis Boyer;ALEXIS BOYER;BOYER;115841704
RUE;Rue Alexis Jaubert;ALEXIS JAUBERT;JAUBERT;103452065
RUE;Rue Alfred Assolant;ALFRED ASSOLANT;ASSOLANT;114573252
RUE;Rue Alfred Deshors;ALFRED DESHORS;DESHORS;176941763,176941783,296072929
RUE;Rue Alfred de Vigny;ALFRED DE VIGNY;VIGNY;103436502
RUE;Rue Alice Hillion;ALICE HILLION;HILLION;72790449
RUE;Rue Alphonse Daudet;ALPHONSE DAUDET;DAUDET;103452074
RUE;Rue Alphonse Sigrist;ALPHONSE SIGRIST;SIGRIST;103452081
RUE;Rue Ambroise Paré;AMBROISE PARE;PARE;136360934
RUE;Rue Ampère;AMPERE;AMPERE;103436467
RUE;Rue André Chénier;ANDRE CHENIER;CHENIER;103302278
RUE;Rue André Delon;ANDRE DELON;DELON;101104749
RUE;Rue André Devaud;ANDRE DEVAUD;DEVAUD;103452075
RUE;Rue André Gide;ANDRE GIDE;GIDE;103454420
RUE;Rue André Maurois;ANDRE MAUROIS;MAUROIS;72790433
RUE;Rue André Messager;ANDRE MESSAGER;MESSAGER;103218355,442024326
RUE;Rue André Salsac;ANDRE SALSAC;SALSAC;397838642
RUE;Rue André Theuriet;ANDRE THEURIET;THEURIET;103218321
RUE;Rue Antoine Bourdelle;ANTOINE BOURDELLE;BOURDELLE;101554358
RUE;Rue Antoine Dubayle;ANTOINE DUBAYLE;DUBAYLE;87076613,162681264,162681265,451586135,451586136
RUE;Rue Antoine Grivel;ANTOINE GRIVEL;GRIVEL;101222896
RUE;Rue Antoine Jussieu;ANTOINE JUSSIEU;JUSSIEU;151815152
RUE;Rue Antoine Laurent-Bruzy;ANTOINE LAURENT BRUZY;BRUZY;101574025
RUE;Rue Arago;ARAGO;ARAGO;74172886
RUE;Rue Armand Bona Christave;ARMAND BONA CHRISTAVE;CHRISTAVE;103452069
RUE;Rue Armand Carrel;ARMAND CARREL;CARREL;101104784
RUE;Rue Armand Sourie;ARMAND SOURIE;SOURIE;103990729,103990740,134667086,439065587,441525993,441525994,441525995,441525996,441526001,441526002,441526003,441526004
RUE;Rue Arthur Rimbaud;ARTHUR RIMBAUD;RIMBAUD;101574021
RUE;Rue Auguste Bartholdi;AUGUSTE BARTHOLDI;BARTHOLDI;296073869
RUE;Rue Auguste Blanqui;AUGUSTE BLANQUI;BLANQUI;151815361
RUE;Rue Auguste Comte;AUGUSTE COMTE;COMTE;103296851
RUE;Rue Auguste Rodin;AUGUSTE RODIN;RODIN;101554375
RUE;Rue Augustin Thierry;AUGUSTIN THIERRY;THIERRY;103218340
RUE;Rue Baluze;BALUZE;BALUZE;151813654
RUE;Rue Balzac;BALZAC;BALZAC;103291631
RUE;Rue Barbecane;BARBECANE;BARBECANE;99333293
RUE;Rue Barbes;BARBES;BARBES;101104786
RUE;Rue Barthélémy Eyrolles;BARTHELEMY EYROLLES;EYROLLES;100526448
RUE;Rue Barye;BARYE;BARYE;100526453,100526468,100526490
RUE;Rue Basse;BASSE;BASSE;74172819
RUE;Rue Bayard;BAYARD;BAYARD;241020094
RUE;Rue Beaumarchais;BEAUMARCHAIS;BEAUMARCHAIS;103452078
RUE;Rue Beausejour;BEAUSEJOUR;BEAUSEJOUR;86419035
RUE;Rue Becquerel;BECQUEREL;BECQUEREL;101574016,229173813
RUE;Rue Bedoch;BEDOCH;BEDOCH;117426661
RUE;Rue Benjamin Delessert;BENJAMIN DELESSERT;DELESSERT;99382759,99382775
RUE;Rue Benjamin Franklin;BENJAMIN FRANKLIN;FRANKLIN;114573263
RUE;Rue Berlioz;BERLIOZ;BERLIOZ;151813739
RUE;Rue Bernard Courtois;BERNARD COURTOIS;COURTOIS;151868724
RUE;Rue Bernard Denoix;BERNARD DENOIX;DENOIX;100541422
RUE;Rue Bernard Palissy;BERNARD PALISSY;PALISSY;100526463
RUE;Rue Bernard Patier;BERNARD PATIER;PATIER;99345261
RUE;Rue Bernard de Ventadour;BERNARD DE VENTADOUR;VENTADOUR;99371702
RUE;Rue Bernouilli;BERNOUILLI;BERNOUILLI;277616969
RUE;Rue Bertrand de Born;BERTRAND DE BORN;BORN;99371721
RUE;Rue Blaise Raynal;BLAISE RAYNAL;RAYNAL;99333272
RUE;Rue Blanche Selva;BLANCHE SELVA;SELVA;116465861,256712376
RUE;Rue Boileau;BOILEAU;BOILEAU;101104782
RUE;Rue Bon Accueil;BON ACCUEIL;ACCUEIL;72790432
RUE;Rue Bonis Bonal;BONIS BONAL;BONAL;101104768
RUE;Rue Bosche;BOSCHE;BOSCHE;83812337
RUE;Rue Bossuet;BOSSUET;BOSSUET;103445565
RUE;Rue Bougainville;BOUGAINVILLE;BOUGAINVILLE;101104746
RUE;Rue Buffon;BUFFON;BUFFON;103218331
RUE;Rue Béranger;BERANGER;BERANGER;103436460
RUE;Rue Camille Desmoulins;CAMILLE DESMOULINS;DESMOULINS;70439213
RUE;Rue Camille Flammarion;CAMILLE FLAMMARION;FLAMMARION;102617699
RUE;Rue Camille Pelletan;CAMILLE PELLETAN;PELLETAN;103452066
RUE;Rue Camille Saint-Saëns;CAMILLE SAINT SAENS;SAENS;101234508
RUE;Rue Capitaine Galinat;CAPITAINE GALINAT;GALINAT;99345265
RUE;Rue Caporal Marcel Sicard;CAPORAL MARCEL SICARD;SICARD;277616147
RUE;Rue Carnot;CARNOT;CARNOT;74172755
RUE;Rue Carpeaux;CARPEAUX;CARPEAUX;99382747
RUE;Rue Celestin Lafeuille;CELESTIN LAFEUILLE;LAFEUILLE;100877264
RUE;Rue Champanatier;CHAMPANATIER;CHAMPANATIER;83812361
RUE;Rue Champollion;CHAMPOLLION;CHAMPOLLION;151814547
RUE;Rue Chanoine Antoine Broquin;CHANOINE ANTOINE BROQUIN;BROQUIN;103445587
RUE;Rue Chanoine J B Poulbrière;CHANOINE J B POULBRIERE;POULBRIERE;161403244
RUE;Rue Chantoiseau;CHANTOISEAU;CHANTOISEAU;277616959
RUE;Rue Chappe;CHAPPE;CHAPPE;101238570
RUE;Rue Chardin;CHARDIN;CHARDIN;136360892
RUE;Rue Charles Barrat;CHARLES BARRAT;BARRAT;74172745
RUE;Rue Charles Baudelaire;CHARLES BAUDELAIRE;BAUDELAIRE;277616047
RUE;Rue Charles Brun;CHARLES BRUN;BRUN;114573251
RUE;Rue Charles Fourrier;CHARLES FOURRIER;FOURRIER;101104751
RUE;Rue Charles Gobert;CHARLES GOBERT;GOBERT;100877248
RUE;Rue Charles Guieu;CHARLES GUIEU;GUIEU;151814333
RUE;Rue Charles Nodier;CHARLES NODIER;NODIER;116465856
RUE;Rue Charles Péguy;CHARLES PEGUY;PEGUY;86419037
RUE;Rue Charles Teyssier;CHARLES TEYSSIER;TEYSSIER;74172766
RUE;Rue Charles de Lasteyrie;CHARLES DE LASTEYRIE;LASTEYRIE;100541416,100541419,100541423
RUE;Rue Chateaubriand;CHATEAUBRIAND;CHATEAUBRIAND;114573264
RUE;Rue Claude Bernard;CLAUDE BERNARD;BERNARD;72790448,101568466
RUE;Rue Claude Debussy;CLAUDE DEBUSSY;DEBUSSY;101234505
RUE;Rue Claude Farrère;CLAUDE FARRERE;FARRERE;115841702
RUE;Rue Claude Monet;CLAUDE MONET;MONET;101554374
RUE;Rue Clément Ader;CLEMENT ADER;ADER;99382767,100526454,100526477,100526480,100526492
RUE;Rue Clément Marot;CLEMENT MAROT;MAROT;103911848
RUE;Rue Colbert;COLBERT;COLBERT;115841706,444075787,444075789
RUE;Rue Colette;COLETTE;COLETTE;116465864
RUE;Rue Coli;COLI;COLI;101554360
RUE;Rue Colonel Jean Delmas;COLONEL JEAN DELMAS;DELMAS;100532120
RUE;Rue Commandant Auguste Rossion;COMMANDANT AUGUSTE ROSSION;ROSSION;151814549
RUE;Rue Commandant L'Herminier;COMMANDANT L HERMINIER;HERMINIER;115841707
RUE;Rue Condorcet;CONDORCET;CONDORCET;103218363
RUE;Rue Corneille;CORNEILLE;CORNEILLE;103436453
RUE;Rue Courteline;COURTELINE;COURTELINE;101568457
RUE;Rue Crozat;CROZAT;CROZAT;103296837
RUE;Rue Cuvier;CUVIER;CUVIER;117426664
RUE;Rue Cyprien Chouzenoux;CYPRIEN CHOUZENOUX;CHOUZENOUX;100668774
RUE;Rue Cécile Marbeau;CECILE MARBEAU;MARBEAU;103296861
RUE;Rue Célestin et Marthe Saule;CELESTIN ET MARTHE SAULE;SAULE;292439479
RUE;Rue César Franck;CESAR FRANCK;FRANCK;103218342
RUE;Rue César Geoffray;CESAR GEOFFRAY;GEOFFRAY;103452076
RUE;Rue Daniel de Cosnac;DANIEL DE COSNAC;COSNAC;72790455,151870813,454032773,454032777,454032779,454032782,618010225,618010226,618010227,618010228,618010230,618010231
RUE;Rue Danton;DANTON;DANTON;103445569
RUE;Rue Darwin;DARWIN;DARWIN;114573250
RUE;Rue David;DAVID;DAVID;101222908
RUE;Rue Delga;DELGA;DELGA;151983209
RUE;Rue Denfert-Rochereau;DENFERT ROCHEREAU;ROCHEREAU;354124761
RUE;Rue Denis Cordonnier;DENIS CORDONNIER;CORDONNIER;103436465
RUE;Rue Denis Papin;DENIS PAPIN;PAPIN;103436454
RUE;Rue Descartes;DESCARTES;DESCARTES;101554357,441995070
RUE;Rue Diarmid Campbell Johnson;DIARMID CAMPBELL JOHNSON;JOHNSON;151983212
RUE;Rue Diderot;DIDEROT;DIDEROT;103436435
RUE;Rue Docteur Bardon;DOCTEUR BARDON;BARDON;86419034,87082122,439029056,439029057
RUE;Rue Docteur Charles Bosche;DOCTEUR CHARLES BOSCHE;BOSCHE;176939303
RUE;Rue Docteur Fernand Vialle;DOCTEUR FERNAND VIALLE;VIALLE;176988442
RUE;Rue Dubois;DUBOIS;DUBOIS;74172808
RUE;Rue Dubousquet Laborderie;DUBOUSQUET LABORDERIE;LABORDERIE;101222869
RUE;Rue Dumyrat;DUMYRAT;DUMYRAT;100668706,100668722,100668731
RUE;Rue Edgar Degas;EDGAR DEGAS;DEGAS;101554376
RUE;Rue Edgard Quinet;EDGARD QUINET;QUINET;397838652
RUE;Rue Edison;EDISON;EDISON;101222906
RUE;Rue Edme Bouchardon;EDME BOUCHARDON;BOUCHARDON;176988447
RUE;Rue Edmond Labbe;EDMOND LABBE;LABBE;101254765
RUE;Rue Edmond Perrier;EDMOND PERRIER;PERRIER;151814338
RUE;Rue Edmond Rostand;EDMOND ROSTAND;ROSTAND;103436433
RUE;Rue Edouard Branly;EDOUARD BRANLY;BRANLY;101234495
RUE;Rue Edouard Lalo;EDOUARD LALO;LALO;101234485
RUE;Rue Elie Breuil;ELIE BREUIL;BREUIL;74172778
RUE;Rue Elie Denoix;ELIE DENOIX;DENOIX;103911871
RUE;Rue Elie Massenat;ELIE MASSENAT;MASSENAT;151814334
RUE;Rue Elie Riviere;ELIE RIVIERE;RIVIERE;99371744
RUE;Rue Emile Baillely;EMILE BAILLELY;BAILLELY;103452061
RUE;Rue Emile Magne;EMILE MAGNE;MAGNE;102617697
RUE;Rue Emile Pagnon;EMILE PAGNON;PAGNON;72494164
RUE;Rue Ernest Comte;ERNEST COMTE;COMTE;47708594,59737217,449775083,449775084
RUE;Rue Ernest Feydeau;ERNEST FEYDEAU;FEYDEAU;151974346
RUE;Rue Ernest Renan;ERNEST RENAN;RENAN;100676230
RUE;Rue Ernest Rupin;ERNEST RUPIN;RUPIN;101222916
RUE;Rue Etienne Auber;ETIENNE AUBER;AUBER;99382746
RUE;Rue Etienne Dolet;ETIENNE DOLET;DOLET;136360914
RUE;Rue Eugène Delacroix;EUGENE DELACROIX;DELACROIX;103454405
RUE;Rue Eugène Freyssinet;EUGENE FREYSSINET;FREYSSINET;59737212
RUE;Rue Eugène Labiche;EUGENE LABICHE;LABICHE;114573255
RUE;Rue Eugène Leclère;EUGENE LECLERE;LECLERE;101222878
RUE;Rue Eugène Leroy;EUGENE LEROY;LEROY;103454411
RUE;Rue Eugène Sue;EUGENE SUE;SUE;241020088
RUE;Rue Eusèbe Bombal;EUSEBE BOMBAL;BOMBAL;151832262
RUE;Rue Fadat;FADAT;FADAT;103291629
RUE;Rue Falguière Alexandre;FALGUIERE ALEXANDRE;ALEXANDRE;176988435
RUE;Rue Faraday;FARADAY;FARADAY;103436456
RUE;Rue Ferdinand Buisson;FERDINAND BUISSON;BUISSON;151814544,151814552
RUE;Rue Fernand Alibert;FERNAND ALIBERT;ALIBERT;101222905,101222907
RUE;Rue Fernand Delmas;FERNAND DELMAS;DELMAS;101104765,101104790
RUE;Rue Fernand Orlhac;FERNAND ORLHAC;ORLHAC;101554373
RUE;Rue Fernand Taurisson;FERNAND TAURISSON;TAURISSON;114253734
RUE;Rue Ferrier;FERRIER;FERRIER;99371651
RUE;Rue Francis Carco;FRANCIS CARCO;CARCO;136360902
RUE;Rue Francis Duboureau;FRANCIS DUBOUREAU;DUBOUREAU;114570753
RUE;Rue Francis Poulenc;FRANCIS POULENC;POULENC;103291624
RUE;Rue François Coppée;FRANCOIS COPPEE;COPPEE;151814337
RUE;Rue François Janaud;FRANCOIS JANAUD;JANAUD;176988444
RUE;Rue François Labrousse;FRANCOIS LABROUSSE;LABROUSSE;114253735,237062171,237062173
RUE;Rue François Mauriac;FRANCOIS MAURIAC;MAURIAC;103911914
RUE;Rue François Mialet;FRANCOIS MIALET;MIALET;99371670,101222866
RUE;Rue François Rude;FRANCOIS RUDE;RUDE;285338351,350679425
RUE;Rue François Salviat;FRANCOIS SALVIAT;SALVIAT;116465857,117426658,117426669
RUE;Rue François Teillet;FRANCOIS TEILLET;TEILLET;103440925
RUE;Rue François Villon;FRANCOIS VILLON;VILLON;103445553
RUE;Rue Frederic Sauvage;FREDERIC SAUVAGE;SAUVAGE;59737216
RUE;Rue Fresnel;FRESNEL;FRESNEL;103436449
RUE;Rue Frédéric Joliot-Curie;FREDERIC JOLIOT CURIE;CURIE;114573253,444074989,444074990
RUE;Rue Frédéric Mistral;FREDERIC MISTRAL;MISTRAL;103291643
RUE;Rue Fénelon;FENELON;FENELON;103457841
RUE;Rue Gabriel Malès;GABRIEL MALES;MALES;100541418
RUE;Rue Galilée;GALILEE;GALILEE;103436489,353647923
RUE;Rue Gambetta;GAMBETTA;GAMBETTA;70439221
RUE;Rue Garibaldi;GARIBALDI;GARIBALDI;103452083
RUE;Rue Gasperi;GASPERI;GASPERI;114573256
RUE;Rue Gaston et Albert Granet;GASTON ET ALBERT GRANET;GRANET;151832259
RUE;Rue Gay-Lussac;GAY LUSSAC;LUSSAC;116465863
RUE;Rue George Sand;GEORGE SAND;SAND;103452057
RUE;Rue Georges Alba;GEORGES ALBA;ALBA;103990662,441525991,441525992
RUE;Rue Georges Bizet;GEORGES BIZET;BIZET;103218332
RUE;Rue Georges Braque;GEORGES BRAQUE;BRAQUE;103454400,103911838
RUE;Rue Georges Carpentier;GEORGES CARPENTIER;CARPENTIER;103457852
RUE;Rue Georges Chabanne;GEORGES CHABANNE;CHABANNE;116465860
RUE;Rue Georges Deswel;GEORGES DESWEL;DESWEL;99371738
RUE;Rue Georges Duhamel;GEORGES DUHAMEL;DUHAMEL;72795407,440865321,440865322
RUE;Rue Georges Jean;GEORGES JEAN;JEAN;218865052
RUE;Rue Georges Lajoinie;GEORGES LAJOINIE;LAJOINIE;129868633
RUE;Rue Georges Pée;GEORGES PEE;PEE;103911837,103911870,103911897
RUE;Rue Germain Quintel;GERMAIN QUINTEL;QUINTEL;241020096
RUE;Rue Giffard;GIFFARD;GIFFARD;103436471
RUE;Rue Gilbert Sardier;GILBERT SARDIER;SARDIER;290420633
RUE;Rue Gondovald;GONDOVALD;GONDOVALD;115841713
RUE;Rue Guillaume Aygueparse;GUILLAUME AYGUEPARSE;AYGUEPARSE;151832261
RUE;Rue Guillaumet;GUILLAUMET;GUILLAUMET;101554367
RUE;Rue Gustave Courbet;GUSTAVE COURBET;COURBET;103917205
RUE;Rue Gustave Flaubert;GUSTAVE FLAUBERT;FLAUBERT;103302269
RUE;Rue Gutenberg;GUTENBERG;GUTENBERG;151813649
RUE;Rue Guy Bonjour;GUY BONJOUR;BONJOUR;136360907
RUE;Rue Guy Buisson;GUY BUISSON;BUISSON;397838654
RUE;Rue Guy de Maupassant;GUY DE MAUPASSANT;MAUPASSANT;100877258
RUE;Rue Guynemer Richard;GUYNEMER RICHARD;RICHARD;72790446
RUE;Rue Général Guedin;GENERAL GUEDIN;GUEDIN;151814335
RUE;Rue Général Marchand;GENERAL MARCHAND;MARCHAND;398254960
RUE;Rue Général Pierre Pouyade;GENERAL PIERRE POUYADE;POUYADE;103990640
RUE;Rue Général Souham;GENERAL SOUHAM;SOUHAM;72790444,101568452
RUE;Rue Gérard Mialet;GERARD MIALET;MIALET;103917204
RUE;Rue Hector d'Ussel;HECTOR D USSEL;USSEL;151814543
RUE;Rue Henri Aupert;HENRI AUPERT;AUPERT;102617808,117404712
RUE;Rue Henri Barbusse;HENRI BARBUSSE;BARBUSSE;117426673
RUE;Rue Henri Bergson;HENRI BERGSON;BERGSON;114573267
RUE;Rue Henri Brisson;HENRI BRISSON;BRISSON;99371711
RUE;Rue Henri Chapelle;HENRI CHAPELLE;CHAPELLE;116465858
RUE;Rue Henri Dayma;HENRI DAYMA;DAYMA;99382772
RUE;Rue Henri Delsol;HENRI DELSOL;DELSOL;136360945
RUE;Rue Henri Dunand;HENRI DUNAND;DUNAND;140690237
RUE;Rue Henri Garroux;HENRI GARROUX;GARROUX;100877252,100877259
RUE;Rue Henri Gérard;HENRI GERARD;GERARD;103436443
RUE;Rue Henri Lecat;HENRI LECAT;LECAT;176941780,296072931,670705837,670705842,670705846
RUE;Rue Henri Margery;HENRI MARGERY;MARGERY;99345263
RUE;Rue Henri Martin;HENRI MARTIN;MARTIN;102192128,114573254
RUE;Rue Henri Matisse;HENRI MATISSE;MATISSE;136360923
RUE;Rue Henri Sautet;HENRI SAUTET;SAUTET;103445598
RUE;Rue Henri de Bournazel;HENRI DE BOURNAZEL;BOURNAZEL;99371697
RUE;Rue Hervé Bazin;HERVE BAZIN;BAZIN;117410037
RUE;Rue Hervé Nizard;HERVE NIZARD;NIZARD;151814942
RUE;Rue Hoche;HOCHE;HOCHE;103302267
RUE;Rue Ingres;INGRES;INGRES;101554386
RUE;Rue Jacques Chaminade;JACQUES CHAMINADE;CHAMINADE;260007220,451586137,451586138
RUE;Rue Jacques Daguerre;JACQUES DAGUERRE;DAGUERRE;114573249
RUE;Rue Jacques Monod;JACQUES MONOD;MONOD;103911864
RUE;Rue Jacques Poirier;JACQUES POIRIER;POIRIER;59737218
RUE;Rue Jacques Prévert;JACQUES PREVERT;PREVERT;103911916
RUE;Rue Jacques Thibault;JACQUES THIBAULT;THIBAULT;103462251
RUE;Rue Jean Abel Lefranc;JEAN ABEL LEFRANC;LEFRANC;74172872
RUE;Rue Jean Allary;JEAN ALLARY;ALLARY;296072932
RUE;Rue Jean Antoine Houdon;JEAN ANTOINE HOUDON;HOUDON;176988434
RUE;Rue Jean Audiau;JEAN AUDIAU;AUDIAU;103436431
RUE;Rue Jean Baptiste Delambre;JEAN BAPTISTE DELAMBRE;DELAMBRE;136360937
RUE;Rue Jean Baptiste Dumas;JEAN BAPTISTE DUMAS;DUMAS;292340108
RUE;Rue Jean Baptiste Geuze;JEAN BAPTISTE GEUZE;GEUZE;101554387
RUE;Rue Jean Baptiste Lamarck;JEAN BAPTISTE LAMARCK;LAMARCK;114573246
RUE;Rue Jean Baptiste Siorat;JEAN BAPTISTE SIORAT;SIORAT;176988432
RUE;Rue Jean Baptiste Sirey;JEAN BAPTISTE SIREY;SIREY;103218341,103218345
RUE;Rue Jean Bosredon;JEAN BOSREDON;BOSREDON;151813742
RUE;Rue Jean Brossard;JEAN BROSSARD;BROSSARD;117426675
RUE;Rue Jean Cassan;JEAN CASSAN;CASSAN;117426660
RUE;Rue Jean Charcot;JEAN CHARCOT;CHARCOT;100877262
RUE;Rue Jean Chassaing;JEAN CHASSAING;CHASSAING;102617461
RUE;Rue Jean Claude Cassaing;JEAN CLAUDE CASSAING;CASSAING;151815356
RUE;Rue Jean Dallet;JEAN DALLET;DALLET;176941738,176941772
RUE;Rue Jean Dumaitre;JEAN DUMAITRE;DUMAITRE;103218356
RUE;Rue Jean Dutheil;JEAN DUTHEIL;DUTHEIL;241019811
RUE;Rue Jean Espinassouze;JEAN ESPINASSOUZE;ESPINASSOUZE;643084624,643084626
RUE;Rue Jean Faurel;JEAN FAUREL;FAUREL;115841711
RUE;Rue Jean Fieyre;JEAN FIEYRE;FIEYRE;100532113
RUE;Rue Jean Filliol;JEAN FILLIOL;FILLIOL;151815150
RUE;Rue Jean Giraudoux;JEAN GIRAUDOUX;GIRAUDOUX;277616097
RUE;Rue Jean Goudoux;JEAN GOUDOUX;GOUDOUX;103454413,103454417
RUE;Rue Jean Guillaumie;JEAN GUILLAUMIE;GUILLAUMIE;241020099
RUE;Rue Jean Labrunie;JEAN LABRUNIE;LABRUNIE;74172757
RUE;Rue Jean Macé;JEAN MACE;MACE;151814339
RUE;Rue Jean Maistre;JEAN MAISTRE;MAISTRE;99333301
RUE;Rue Jean Mermoz;JEAN MERMOZ;MERMOZ;114573245
RUE;Rue Jean Montalat;JEAN MONTALAT;MONTALAT;151814336
RUE;Rue Jean Monteil;JEAN MONTEIL;MONTEIL;140690245
RUE;Rue Jean Nesmy;JEAN NESMY;NESMY;277616986
RUE;Rue Jean Perrin;JEAN PERRIN;PERRIN;617883514
RUE;Rue Jean Richepin;JEAN RICHEPIN;RICHEPIN;101554368
RUE;Rue Jean Saule;JEAN SAULE;SAULE;151974347
RUE;Rue Jean Segurel;JEAN SEGUREL;SEGUREL;151983208
RUE;Rue Jean Traversat;JEAN TRAVERSAT;TRAVERSAT;115841700
RUE;Rue Jean Veysset;JEAN VEYSSET;VEYSSET;101104778
RUE;Rue Jean et Amédée Bouyssonie;JEAN ET AMEDEE BOUYSSONIE;BOUYSSONIE;103452084
RUE;Rue Jean-Baptiste Laumond;JEAN BAPTISTE LAUMOND;LAUMOND;103911918
RUE;Rue Jean-Baptiste Toulzac;JEAN BAPTISTE TOULZAC;TOULZAC;537694598
RUE;Rue Jean-François Lacombe;JEAN FRANCOIS LACOMBE;LACOMBE;103990643,441526006,441526007,441526008,441526010
RUE;Rue Jean-Paul Puydebois;JEAN PAUL PUYDEBOIS;PUYDEBOIS;114253730
RUE;Rue Joseph Dubois;JOSEPH DUBOIS;DUBOIS;290420634
RUE;Rue Joseph Escande;JOSEPH ESCANDE;ESCANDE;101222921
RUE;Rue Joseph Lavarec;JOSEPH LAVAREC;LAVAREC;151814938
RUE;Rue Joseph Roux;JOSEPH ROUX;ROUX;114573248
RUE;Rue Joseph Sabardan;JOSEPH SABARDAN;SABARDAN;117426668
RUE;Rue Joseph Yernaux;JOSEPH YERNAUX;YERNAUX;136360896
RUE;Rue Joséphine Baker;JOSEPHINE BAKER;BAKER;103911887
RUE;Rue Jules Bouchet;JULES BOUCHET;BOUCHET;114253732,447707090,447707091,447707092
RUE;Rue Jules Dalou;JULES DALOU;DALOU;296073868
RUE;Rue Jules Ladoumegue;JULES LADOUMEGUE;LADOUMEGUE;449775085
RUE;Rue Jules Renard;JULES RENARD;RENARD;115841709
RUE;Rue Jules Romains;JULES ROMAINS;ROMAINS;103911865
RUE;Rue Jules Saintoyant;JULES SAINTOYANT;SAINTOYANT;116465855
RUE;Rue Jules Sandeau;JULES SANDEAU;SANDEAU;151814548
RUE;Rue Jules Vallès;JULES VALLES;VALLES;103454404
RUE;Rue Jules Verne;JULES VERNE;VERNE;277616159
RUE;Rue Jules Vialle;JULES VIALLE;VIALLE;74172787
RUE;Rue Jules Védrine;JULES VEDRINE;VEDRINE;114573260
RUE;Rue Jules Védrines;JULES VEDRINES;VEDRINES;114573258
RUE;Rue Juliette Adam;JULIETTE ADAM;ADAM;100877245
RUE;Rue Kléber;KLEBER;KLEBER;103302282
RUE;Rue La Fontaine;LA FONTAINE;FONTAINE;101104758
RUE;Rue Labruyère;LABRUYERE;LABRUYERE;103452077
RUE;Rue Lachambaudie;LACHAMBAUDIE;LACHAMBAUDIE;117426663
RUE;Rue Lachaume;LACHAUME;LACHAUME;101222890
RUE;Rue Laennec;LAENNEC;LAENNEC;103911907
RUE;Rue Lafayette;LAFAYETTE;LAFAYETTE;93613240,117404724
RUE;Rue Lagrange;LAGRANGE;LAGRANGE;100668766
RUE;Rue Lamartine;LAMARTINE;LAMARTINE;100541427
RUE;Rue Laplace;LAPLACE;LAPLACE;100532102
RUE;Rue Lapradelle;LAPRADELLE;LAPRADELLE;100668783,100877261
RUE;Rue Latreille;LATREILLE;LATREILLE;103911858
RUE;Rue Lavoisier;LAVOISIER;LAVOISIER;70433103
RUE;Rue Le Corbusier;LE CORBUSIER;CORBUSIER;101574019,441993899,441994908
RUE;Rue Le Nôtre;LE NOTRE;NOTRE;176939300
RUE;Rue Lecherbonnier;LECHERBONNIER;LECHERBONNIER;74172855
RUE;Rue Leconte de l'Isle;LECONTE DE L ISLE;ISLE;101238572
RUE;Rue Leibniz;LEIBNIZ;LEIBNIZ;103218326
RUE;Rue Leon Bourgeois;LEON BOURGEOIS;BOURGEOIS;99382776
RUE;Rue Leon Cladel;LEON CLADEL;CLADEL;99382763
RUE;Rue Lidon;LIDON;LIDON;83812345,100668699,100668702
RUE;Rue Lieutenant-Colonel Laporte;LIEUTENANT COLONEL LAPORTE;LAPORTE;151868728,270353146,270353147,446540810,446540811,451954211
RUE;Rue Littre;LITTRE;LITTRE;103218323,229173819
RUE;Rue Louis Armand;LOUIS ARMAND;ARMAND;176939322
RUE;Rue Louis Blériot;LOUIS BLERIOT;BLERIOT;102618040
RUE;Rue Louis Braille;LOUIS BRAILLE;BRAILLE;241020091
RUE;Rue Louis Chadourne;LOUIS CHADOURNE;CHADOURNE;100877251
RUE;Rue Louis Eugène Félix Néel;LOUIS EUGENE FELIX NEEL;NEEL;398256463
RUE;Rue Louis Jouvet;LOUIS JOUVET;JOUVET;87082119
RUE;Rue Louis Lalue;LOUIS LALUE;LALUE;52300725
RUE;Rue Louis Latrade;LOUIS LATRADE;LATRADE;101222871,101222897
RUE;Rue Louis Lépine;LOUIS LEPINE;LEPINE;151868731
RUE;Rue Louis Mie;LOUIS MIE;MIE;100526450,100526489
RUE;Rue Louis Miginiac;LOUIS MIGINIAC;MIGINIAC;151814940
RUE;Rue Louis Nussas;LOUIS NUSSAS;NUSSAS;277617000
RUE;Rue Louis Plantadis;LOUIS PLANTADIS;PLANTADIS;241020093
RUE;Rue Louis Rodas;LOUIS RODAS;RODAS;176941770
RUE;Rue Louis Taurisson;LOUIS TAURISSON;TAURISSON;136859607
RUE;Rue Louis Thomas;LOUIS THOMAS;THOMAS;103911859
RUE;Rue Louis de Broglie;LOUIS DE BROGLIE;BROGLIE;101238571
RUE;Rue Louis de Nussac;LOUIS DE NUSSAC;NUSSAC;74172750,74172880
RUE;Rue Louis de Saint-Germain;LOUIS DE SAINT GERMAIN;GERMAIN;315529695
RUE;Rue Lucie Aubrac;LUCIE AUBRAC;AUBRAC;117410044
RUE;Rue Lucien Rousset;LUCIEN ROUSSET;ROUSSET;277616051
RUE;Rue Léo Jean;LEO JEAN;JEAN;100532105
RUE;Rue Léon Branchet;LEON BRANCHET;BRANCHET;101254732,101254772
RUE;Rue Léon Dautrement;LEON DAUTREMENT;DAUTREMENT;103218347,103218361
RUE;Rue Léon Jouhaud;LEON JOUHAUD;JOUHAUD;308371901
RUE;Rue Léon Lecornu;LEON LECORNU;LECORNU;151868730
RUE;Rue Léonard de Vinci;LEONARD DE VINCI;VINCI;103445536
RUE;Rue Léonce Bourliaguet;LEONCE BOURLIAGUET;BOURLIAGUET;296073870,451586139,451586140
RUE;Rue Léopold Lachaud;LEOPOLD LACHAUD;LACHAUD;103296856,103296865
RUE;Rue Maillard;MAILLARD;MAILLARD;74172748
RUE;Rue Maillet de Chassat;MAILLET DE CHASSAT;CHASSAT;99382770
RUE;Rue Majour;MAJOUR;MAJOUR;74172751,424541915
RUE;Rue Marc Sangnier;MARC SANGNIER;SANGNIER;103291652
RUE;Rue Marceau;MARCEAU;MARCEAU;117404699
RUE;Rue Marcel Bourotte;MARCEL BOUROTTE;BOUROTTE;114253743
RUE;Rue Marcel Crouzat;MARCEL CROUZAT;CROUZAT;115841708
RUE;Rue Marcel Pocaly;MARCEL POCALY;POCALY;103218353,229173815
RUE;Rue Marcel Proust;MARCEL PROUST;PROUST;151867531
RUE;Rue Marcel Roche;MARCEL ROCHE;ROCHE;100877256
RUE;Rue Marcelin Berthelot;MARCELIN BERTHELOT;BERTHELOT;100532101
RUE;Rue Marcelin Roche;MARCELIN ROCHE;ROCHE;137594230,229267396
RUE;Rue Marcelle Tinayre;MARCELLE TINAYRE;TINAYRE;101554363
RUE;Rue Marcellin Berthelot;MARCELLIN BERTHELOT;BERTHELOT;100532097
RUE;Rue Marguerite Genes;MARGUERITE GENES;GENES;315529583
RUE;Rue Marie Rose Guillot;MARIE ROSE GUILLOT;GUILLOT;99333308
RUE;Rue Marie l'et Jul. Viallatoux;MARIE L ET JUL  VIALLATOUX;VIALLATOUX;101104794
RUE;Rue Marie-Louise et Julia Viallatoux;MARIE LOUISE ET JULIA VIALLATOUX;VIALLATOUX;400746867
RUE;Rue Marmontel;MARMONTEL;MARMONTEL;103296875
RUE;Rue Martial Brigouleix;MARTIAL BRIGOULEIX;BRIGOULEIX;102618056
RUE;Rue Martine;MARTINE;MARTINE;74172758
RUE;Rue Maryse Bastié;MARYSE BASTIE;BASTIE;114573266
RUE;Rue Maréchal Juin;MARECHAL JUIN;JUIN;102617478
RUE;Rue Massenat Crozat;MASSENAT CROZAT;CROZAT;100532096,103296876
RUE;Rue Massenet;MASSENET;MASSENET;103218328
RUE;Rue Maurice Arnouil;MAURICE ARNOUIL;ARNOUIL;277616109,277616989
RUE;Rue Maurice Bourdelle;MAURICE BOURDELLE;BOURDELLE;72790437
RUE;Rue Maurice Grostin;MAURICE GROSTIN;GROSTIN;399536017
RUE;Rue Maurice Ravel;MAURICE RAVEL;RAVEL;117426665
RUE;Rue Maurice Rollinat;MAURICE ROLLINAT;ROLLINAT;72790454,151868727
RUE;Rue Maurice Rouel;MAURICE ROUEL;ROUEL;292440051
RUE;Rue Max de Vars;MAX DE VARS;VARS;151814330,529042372
RUE;Rue Maximilien Robespierre;MAXIMILIEN ROBESPIERRE;ROBESPIERRE;103457865
RUE;Rue Michel Touron;MICHEL TOURON;TOURON;103911913
RUE;Rue Milton;MILTON;MILTON;117426672
RUE;Rue Mireille;MIREILLE;MIREILLE;114573268
RUE;Rue Moise et Jacques Duche;MOISE ET JACQUES DUCHE;DUCHE;101554359
RUE;Rue Moissan;MOISSAN;MOISSAN;70439229,411099220,411099221
RUE;Rue Monge;MONGE;MONGE;103218357
RUE;Rue Montaigne;MONTAIGNE;MONTAIGNE;103296835
RUE;Rue Montcalm;MONTCALM;MONTCALM;100676217
RUE;Rue Montesquieu;MONTESQUIEU;MONTESQUIEU;103218354
RUE;Rue Montyon;MONTYON;MONTYON;99371649
RUE;Rue Muzac;MUZAC;MUZAC;103296860,103296869
RUE;Rue Méchin;MECHIN;MECHIN;101222889
RUE;Rue Mérimée;MERIMEE;MERIMEE;117426666
RUE;Rue Navier;NAVIER;NAVIER;99382758
RUE;Rue Newton;NEWTON;NEWTON;101104767
RUE;Rue Nicolas Copernic;NICOLAS COPERNIC;COPERNIC;114573265
RUE;Rue Nobel;NOBEL;NOBEL;103445577,103445585
RUE;Rue Normandie Niemen;NORMANDIE NIEMEN;NIEMEN;103218319
RUE;Rue Noël Boudy;NOEL BOUDY;BOUDY;103445602
RUE;Rue Nungesser;NUNGESSER;NUNGESSER;103440915
RUE;Rue Octave Mirbeau;OCTAVE MIRBEAU;MIRBEAU;103911863
RUE;Rue Pablo Casals;PABLO CASALS;CASALS;290420635
RUE;Rue Pablo Picasso;PABLO PICASSO;PICASSO;101254743
RUE;Rue Parmentier;PARMENTIER;PARMENTIER;100535137
RUE;Rue Pascal;PASCAL;PASCAL;397838643
RUE;Rue Paul Bert;PAUL BERT;BERT;100532119
RUE;Rue Paul Bordier;PAUL BORDIER;BORDIER;86419038
RUE;Rue Paul Cipan;PAUL CIPAN;CIPAN;101238574
RUE;Rue Paul Claudel;PAUL CLAUDEL;CLAUDEL;100877254
RUE;Rue Paul Cézanne;PAUL CEZANNE;CEZANNE;101554384
RUE;Rue Paul Daspet;PAUL DASPET;DASPET;176939293
RUE;Rue Paul Dejean;PAUL DEJEAN;DEJEAN;100532118
RUE;Rue Paul Fort;PAUL FORT;FORT;292440078
RUE;Rue Paul Gauguin;PAUL GAUGUIN;GAUGUIN;101234493
RUE;Rue Paul Lagarrigue;PAUL LAGARRIGUE;LAGARRIGUE;115841699
RUE;Rue Paul Louis Courrier;PAUL LOUIS COURRIER;COURRIER;151814331
RUE;Rue Paul Pradaud;PAUL PRADAUD;PRADAUD;101222865
RUE;Rue Paul Valéry;PAUL VALERY;VALERY;103454414
RUE;Rue Paul Verlaine;PAUL VERLAINE;VERLAINE;103440921
RUE;Rue Paul de Salvandy;PAUL DE SALVANDY;SALVANDY;100877240,100877263
RUE;Rue Paul et Mathilde Peyre;PAUL ET MATHILDE PEYRE;PEYRE;176988452
RUE;Rue Paul-Louis Grenier;PAUL LOUIS GRENIER;GRENIER;74172794
RUE;Rue Perrault;PERRAULT;PERRAULT;103436458
RUE;Rue Philibert Lalande;PHILIBERT LALANDE;LALANDE;103457848
RUE;Rue Philémon Labaudinière;PHILEMON LABAUDINIERE;LABAUDINIERE;277617002
RUE;Rue Pierre Baudin;PIERRE BAUDIN;BAUDIN;101554365
RUE;Rue Pierre Beaupuy;PIERRE BEAUPUY;BEAUPUY;241020090
RUE;Rue Pierre Benoit;PIERRE BENOIT;BENOIT;87759006,104029136
RUE;Rue Pierre Chatras;PIERRE CHATRAS;CHATRAS;103218335
RUE;Rue Pierre Chaumeil;PIERRE CHAUMEIL;CHAUMEIL;229267391,229267402,449775086,449775087,537694600,537694604
RUE;Rue Pierre Chaussade;PIERRE CHAUSSADE;CHAUSSADE;101574034
RUE;Rue Pierre Edmond Maume;PIERRE EDMOND MAUME;MAUME;315529730
RUE;Rue Pierre Fau;PIERRE FAU;FAU;165300537,308613622
RUE;Rue Pierre Laumond;PIERRE LAUMOND;LAUMOND;100676232
RUE;Rue Pierre Lescot;PIERRE LESCOT;LESCOT;151815151
RUE;Rue Pierre Loti;PIERRE LOTI;LOTI;103218325
RUE;Rue Pierre Maigne;PIERRE MAIGNE;MAIGNE;74172782
RUE;Rue Pierre Marcou;PIERRE MARCOU;MARCOU;176941788
RUE;Rue Pierre Mechain;PIERRE MECHAIN;MECHAIN;277616025
RUE;Rue Pierre Perol;PIERRE PEROL;PEROL;102029424,444437493
RUE;Rue Pierre Soignet;PIERRE SOIGNET;SOIGNET;103911893,448218553
RUE;Rue Pierre Valette;PIERRE VALETTE;VALETTE;241019751
RUE;Rue Pierre Verlhac et Henri Monjauze;PIERRE VERLHAC ET HENRI MONJAUZE;MONJAUZE;101254763
RUE;Rue Platon;PLATON;PLATON;292439329
RUE;Rue Poncelet;PONCELET;PONCELET;103436464
RUE;Rue Poussin;POUSSIN;POUSSIN;100526484
RUE;Rue Professeur Besson;PROFESSEUR BESSON;BESSON;101222884
RUE;Rue Professeur Calmette;PROFESSEUR CALMETTE;CALMETTE;151813655
RUE;Rue Professeur Debré;PROFESSEUR DEBRE;DEBRE;140690243
RUE;Rue Proudhon;PROUDHON;PROUDHON;103436483
RUE;Rue Puget;PUGET;PUGET;176939323
RUE;Rue Rabelais;RABELAIS;RABELAIS;103445545
RUE;Rue Racine;RACINE;RACINE;101554378
RUE;Rue Raoul Desvignes;RAOUL DESVIGNES;DESVIGNES;136360895
RUE;Rue Raspail;RASPAIL;RASPAIL;100668725
RUE;Rue Raymond Laborde;RAYMOND LABORDE;LABORDE;103445595
RUE;Rue Raymond Monteil;RAYMOND MONTEIL;MONTEIL;136360947
RUE;Rue Raymond Siorat;RAYMOND SIORAT;SIORAT;176941765,451586141,451586142
RUE;Rue Regnard;REGNARD;REGNARD;74172807
RUE;Rue Rembrandt;REMBRANDT;REMBRANDT;103436430
RUE;Rue Remi Coste;REMI COSTE;COSTE;114253746
RUE;Rue Renee Juge;RENEE JUGE;JUGE;74172775
RUE;Rue Renoir;RENOIR;RENOIR;101554369
RUE;Rue René Antoine Reaumur;RENE ANTOINE REAUMUR;REAUMUR;114573261
RUE;Rue René Audierne;RENE AUDIERNE;AUDIERNE;151814332
RUE;Rue René Cassin;RENE CASSIN;CASSIN;52300727
RUE;Rue René Glangeaud;RENE GLANGEAUD;GLANGEAUD;114570756
RUE;Rue René Jean;RENE JEAN;JEAN;176941761,176941787
RUE;Rue René Jugie;RENE JUGIE;JUGIE;100532107
RUE;Rue René Treuil;RENE TREUIL;TREUIL;114573259
RUE;Rue Robert Delord;ROBERT DELORD;DELORD;100526465
RUE;Rue Robert Margerit;ROBERT MARGERIT;MARGERIT;103990645,103990745
RUE;Rue Robert Nadaud;ROBERT NADAUD;NADAUD;100668740
RUE;Rue Robert Schuman;ROBERT SCHUMAN;SCHUMAN;151814937
RUE;Rue Roger Lescure;ROGER LESCURE;LESCURE;114253739
RUE;Rue Roger Nayrac;ROGER NAYRAC;NAYRAC;397838638
RUE;Rue Roger Pecheyrand;ROGER PECHEYRAND;PECHEYRAND;279113385
RUE;Rue Roger Teneze;ROGER TENEZE;TENEZE;74172804
RUE;Rue Roger Verdier;ROGER VERDIER;VERDIER;277617020
RUE;Rue Romain Rolland;ROMAIN ROLLAND;ROLLAND;101104743,103440907,103457850,229267392
RUE;Rue Rosa Bonheur;ROSA BONHEUR;BONHEUR;100877244
RUE;Rue Rouget de L'Isle;ROUGET DE L ISLE;ISLE;117404713
RUE;Rue Saint-Ambroise;SAINT AMBROISE;AMBROISE;74172776
RUE;Rue Saint-Antoine;SAINT ANTOINE;ANTOINE;74172763,424541916
RUE;Rue Saint-Bernard;SAINT BERNARD;BERNARD;74172865
RUE;Rue Saint-Exupéry;SAINT EXUPERY;EXUPERY;114573262
RUE;Rue Saint-Gregoire;SAINT GREGOIRE;GREGOIRE;74172753
RUE;Rue Saint-Jean;SAINT JEAN;JEAN;99347546
RUE;Rue Saint-John Perse;SAINT JOHN PERSE;PERSE;151815148
RUE;Rue Saint-Joseph;SAINT JOSEPH;JOSEPH;74172768
RUE;Rue Saint-Just;SAINT JUST;JUST;176988436
RUE;Rue Saint-Libéral;SAINT LIBERAL;LIBERAL;74172869
RUE;Rue Saint-Martin;SAINT MARTIN;MARTIN;74172857
RUE;Rue Saint-Simon;SAINT SIMON;SIMON;103457861,103457864
RUE;Rue Sainte-Beuve;SAINTE BEUVE;BEUVE;103454406
RUE;Rue Sallès;SALLES;SALLES;100526457,100526486
RUE;Rue Santos Dumont;SANTOS DUMONT;DUMONT;101554372
RUE;Rue Scribe;SCRIBE;SCRIBE;117426676
RUE;Rue Sergent Lovy;SERGENT LOVY;LOVY;103296855
RUE;Rue Serres;SERRES;SERRES;72790438
RUE;Rue Severine;SEVERINE;SEVERINE;99382750,99382765
RUE;Rue Soliers;SOLIERS;SOLIERS;101222917
RUE;Rue Stendhal;STENDHAL;STENDHAL;102617484,115841710
RUE;Rue Stephenson;STEPHENSON;STEPHENSON;103436441
RUE;Rue Sully Prud'homme;SULLY PRUD HOMME;HOMME;354127421
RUE;Rue Ségéral Verninac;SEGERAL VERNINAC;VERNINAC;101104763
RUE;Rue Séverin Laurier;SEVERIN LAURIER;LAURIER;103436487
RUE;Rue Théodore Géricault;THEODORE GERICAULT;GERICAULT;101554354
RUE;Rue Théodore de Banville;THEODORE DE BANVILLE;BANVILLE;103440911,103452062
RUE;Rue Théophile Gauthier;THEOPHILE GAUTHIER;GAUTHIER;292340808
RUE;Rue Thérèse Simonet;THERESE SIMONET;SIMONET;103218359,442044677,442044678
RUE;Rue Toulouse - Lautrec;TOULOUSE   LAUTREC;LAUTREC;101554370
RUE;Rue Toulzac;TOULZAC;TOULZAC;74172800,424541917
RUE;Rue Traversière;TRAVERSIERE;TRAVERSIERE;74172785
RUE;Rue Trech Laplene;TRECH LAPLENE;LAPLENE;151983207
RUE;Rue Urbain le Verrier;URBAIN LE VERRIER;VERRIER;151815147
RUE;Rue Vauban;VAUBAN;VAUBAN;241020095,241020098
RUE;Rue Verlhac;VERLHAC;VERLHAC;74172851,99333296,366997992,366997993
RUE;Rue Victor Lacassin;VICTOR LACASSIN;LACASSIN;103436451
RUE;Rue Victorien Sardou;VICTORIEN SARDOU;SARDOU;117404706
RUE;Rue Villebois;VILLEBOIS;VILLEBOIS;74172802
RUE;Rue Vincent Chassaing;VINCENT CHASSAING;CHASSAING;101254724
RUE;Rue Violet le Duc;VIOLET LE DUC;DUC;397838653
RUE;Rue Waldeck Rousseau;WALDECK ROUSSEAU;ROUSSEAU;103445539
RUE;Rue Xavier Moissinac;XAVIER MOISSINAC;MOISSINAC;114573271
RUE;Rue Yves Berger;YVES BERGER;BERGER;117410043
RUE;Rue Yvon Delvert;YVON DELVERT;DELVERT;455053587
RUE;Rue d'Alembert;D ALEMBERT;ALEMBERT;103452089
RUE;Rue d'Arsonval;D ARSONVAL;ARSONVAL;103291634
RUE;Rue d'Espagnac;D ESPAGNAC;ESPAGNAC;103296845
RUE;Rue d'Oradour-sur-Glane;D ORADOUR SUR GLANE;GLANE;117426659
RUE;Rue de Bel Air;DE BEL AIR;AIR;151815360
RUE;Rue de Bondy;DE BONDY;BONDY;74172788
RUE;Rue de Bramefond;DE BRAMEFOND;BRAMEFOND;277616012
RUE;Rue de Corrèze;DE CORREZE;CORREZE;99333263
RUE;Rue de Costenegre;DE COSTENEGRE;COSTENEGRE;129864655
RUE;Rue de Feletz;DE FELETZ;FELETZ;101222893,101222900
RUE;Rue de Frappe;DE FRAPPE;FRAPPE;74172862
RUE;Rue de Guimaraes;DE GUIMARAES;GUIMARAES;277616022
RUE;Rue de Lepinay;DE LEPINAY;LEPINAY;100877249
RUE;Rue de Lestang;DE LESTANG;LESTANG;74172771
RUE;Rue de Malecroix;DE MALECROIX;MALECROIX;176939301
RUE;Rue de Marquessac;DE MARQUESSAC;MARQUESSAC;103296840,103296846,165032450
RUE;Rue de Noailles;DE NOAILLES;NOAILLES;100541424,100676248
RUE;Rue de Polverel;DE POLVEREL;POLVEREL;100526485
RUE;Rue de Prony;DE PRONY;PRONY;103218350
RUE;Rue de Selves;DE SELVES;SELVES;100532114
RUE;Rue de Sicard;DE SICARD;SICARD;74172817
RUE;Rue de Sikasso;DE SIKASSO;SIKASSO;101574037
RUE;Rue de Ségur;DE SEGUR;SEGUR;101222886
RUE;Rue de Turenne;DE TURENNE;TURENNE;100541425,100541488,100676229
RUE;Rue de Verdun;DE VERDUN;VERDUN;103454415
RUE;Rue de Vielbans;DE VIELBANS;VIELBANS;100877241
RUE;Rue de l'Abbé Breuil;DE L ABBE BREUIL;BREUIL;101574023
RUE;Rue de l'Abbé Charles Lair;DE L ABBE CHARLES LAIR;LAIR;93395203
RUE;Rue de l'Entrepot;DE L ENTREPOT;ENTREPOT;74172831
RUE;Rue de l'Esplanade;DE L ESPLANADE;ESPLANADE;397838650
RUE;Rue de l'Hôtel de Ville;DE L HOTEL DE VILLE;VILLE;74172835,350679426
RUE;Rue de l'Industrie;DE L INDUSTRIE;INDUSTRIE;100532122
RUE;Rue de l'Ingénieur Brassaud;DE L INGENIEUR BRASSAUD;BRASSAUD;51989769
RUE;Rue de l'Île du Roi;DE L ILE DU ROI;ROI;53268081
RUE;Rue de la Briqueterie;DE LA BRIQUETERIE;BRIQUETERIE;101554361
RUE;Rue de la Concorde;DE LA CONCORDE;CONCORDE;151813656
RUE;Rue de la Convention;DE LA CONVENTION;CONVENTION;176939315
RUE;Rue de la Font Martin;DE LA FONT MARTIN;MARTIN;100526482
RUE;Rue de la Fontaine Bleue;DE LA FONTAINE BLEUE;BLEUE;100676223
RUE;Rue de la Grave;DE LA GRAVE;GRAVE;103302274
RUE;Rue de la Jaubertie;DE LA JAUBERTIE;JAUBERTIE;99333283
RUE;Rue de la Marquise de Sevigne;DE LA MARQUISE DE SEVIGNE;SEVIGNE;116465862
RUE;Rue de la Paix;DE LA PAIX;PAIX;151813660
RUE;Rue de la Petite Place;DE LA PETITE PLACE;PLACE;74172793
RUE;Rue de la Ponterie;DE LA PONTERIE;PONTERIE;100877255
RUE;Rue de la Poterie;DE LA POTERIE;POTERIE;74172779
RUE;Rue de la République;DE LA REPUBLIQUE;REPUBLIQUE;74172876
RUE;Rue de la Vendée;DE LA VENDEE;VENDEE;74172796
RUE;Rue des Aubaredes;DES AUBAREDES;AUBAREDES;116465859
RUE;Rue des Carbonnières;DES CARBONNIERES;CARBONNIERES;74172783
RUE;Rue des Carmelites;DES CARMELITES;CARMELITES;74172811
RUE;Rue des Cloutiers;DES CLOUTIERS;CLOUTIERS;74172833
RUE;Rue des Colombes;DES COLOMBES;COLOMBES;315526861
RUE;Rue des Deux Porches;DES DEUX PORCHES;PORCHES;74172874
RUE;Rue des Eaux Mornes;DES EAUX MORNES;MORNES;103291646
RUE;Rue des Echevins;DES ECHEVINS;ECHEVINS;74172861,74172887
RUE;Rue des Escures;DES ESCURES;ESCURES;103436447
RUE;Rue des Frères Dupinet;DES FRERES DUPINET;DUPINET;121107862
RUE;Rue des Frères Goncourt;DES FRERES GONCOURT;GONCOURT;103454410
RUE;Rue des Fréres Lumière;DES FRERES LUMIERE;LUMIERE;117426662
RUE;Rue des Gaulies;DES GAULIES;GAULIES;74172760
RUE;Rue des Mignardes;DES MIGNARDES;MIGNARDES;103452060
RUE;Rue des Patissiers;DES PATISSIERS;PATISSIERS;74172821
RUE;Rue des Pins;DES PINS;PINS;151814941
RUE;Rue des Prêcheurs;DES PRECHEURS;PRECHEURS;74172746,367496587
RUE;Rue des Récollets;DES RECOLLETS;RECOLLETS;74172882
RUE;Rue des Trois Provinces;DES TROIS PROVINCES;PROVINCES;101234506
RUE;Rue des Villas;DES VILLAS;VILLAS;129864656
RUE;Rue du 29 Septembre 1918;DU 29 SEPTEMBRE 1918;1918;103445557
RUE;Rue du Beau Vallon;DU BEAU VALLON;VALLON;102617816
RUE;Rue du Capitaine Debenne;DU CAPITAINE DEBENNE;DEBENNE;101554356,270353148
RUE;Rue du Capitaine Guy Bertrand;DU CAPITAINE GUY BERTRAND;BERTRAND;117404702
RUE;Rue du Capitaine de Berne Lagarde;DU CAPITAINE DE BERNE LAGARDE;LAGARDE;103911900
RUE;Rue du Chambon;DU CHAMBON;CHAMBON;129868639
RUE;Rue du Chapeau Rouge;DU CHAPEAU ROUGE;ROUGE;74172883
RUE;Rue du Civoire;DU CIVOIRE;CIVOIRE;74172798
RUE;Rue du Claux;DU CLAUX;CLAUX;117410048
RUE;Rue du Clocher;DU CLOCHER;CLOCHER;74172806
RUE;Rue du Clos Domenat;DU CLOS DOMENAT;DOMENAT;117426667
RUE;Rue du Colonel Bial;DU COLONEL BIAL;BIAL;101104754
RUE;Rue du Colonel Monteil;DU COLONEL MONTEIL;MONTEIL;101234496
RUE;Rue du Colonel Vaujour;DU COLONEL VAUJOUR;VAUJOUR;103911889,229267398
RUE;Rue du Commandant Cottenest;DU COMMANDANT COTTENEST;COTTENEST;101574026
RUE;Rue du Commandant Marchal;DU COMMANDANT MARCHAL;MARCHAL;102014555
RUE;Rue du Commandant Roche;DU COMMANDANT ROCHE;ROCHE;100668749,100668769
RUE;Rue du Docteur Jean-Baptiste Lapeyre;DU DOCTEUR JEAN BAPTISTE LAPEYRE;LAPEYRE;103911849
RUE;Rue du Docteur Jean-Marie Serre;DU DOCTEUR JEAN MARIE SERRE;SERRE;103911841
RUE;Rue du Docteur Massenat;DU DOCTEUR MASSENAT;MASSENAT;70439206,353706864
RUE;Rue du Docteur Roux;DU DOCTEUR ROUX;ROUX;99382760,100526474
RUE;Rue du Général Cavaignac;DU GENERAL CAVAIGNAC;CAVAIGNAC;103218344
RUE;Rue du Général Dalton;DU GENERAL DALTON;DALTON;100526461,101254758
RUE;Rue du Général Delmas;DU GENERAL DELMAS;DELMAS;103296842
RUE;Rue du Général Desbrulys;DU GENERAL DESBRULYS;DESBRULYS;103302273
RUE;Rue du Général Gramat;DU GENERAL GRAMAT;GRAMAT;103302277
RUE;Rue du Général Most;DU GENERAL MOST;MOST;151814546
RUE;Rue du Général Sahuguet;DU GENERAL SAHUGUET;SAHUGUET;103296831,103296857
RUE;Rue du Général de Bruchard;DU GENERAL DE BRUCHARD;BRUCHARD;103302281
RUE;Rue du Lieutenant Colonel Faro;DU LIEUTENANT COLONEL FARO;FARO;74172812
RUE;Rue du Lieutenant Paul Dhalluin;DU LIEUTENANT PAUL DHALLUIN;DHALLUIN;100532124,100532126
RUE;Rue du Lieutenant-Colonel Feyfant;DU LIEUTENANT COLONEL FEYFANT;FEYFANT;117410050
RUE;Rue du Lieutenant-Colonel Jean Verines;DU LIEUTENANT COLONEL JEAN VERINES;VERINES;101254736,101254773
RUE;Rue du Lion d'Or;DU LION D OR;OR;74172791
RUE;Rue du Maréchal Brune;DU MARECHAL BRUNE;BRUNE;101222894
RUE;Rue du Maréchal Joffre;DU MARECHAL JOFFRE;JOFFRE;100668745
RUE;Rue du Maître Frédéric Dignac;DU MAITRE FREDERIC DIGNAC;DIGNAC;103911895
RUE;Rue du Perron;DU PERRON;PERRON;74172761
RUE;Rue du Petit Saint-Germain;DU PETIT SAINT GERMAIN;GERMAIN;99371707
RUE;Rue du Père Popieluszko;DU PERE POPIELUSZKO;POPIELUSZKO;290420636
RUE;Rue du Québec;DU QUEBEC;QUEBEC;176988453
RUE;Rue du Rieux Tord;DU RIEUX TORD;TORD;103990667,103990747,134667087,134667088,441525997,441526005,517983395
RUE;Rue du Salan;DU SALAN;SALAN;74172885
RUE;Rue du Tambour;DU TAMBOUR;TAMBOUR;74172823
RUE;Rue du Vialmur;DU VIALMUR;VIALMUR;102617865
RUE;Rue Élisée Reclus;ELISEE RECLUS;RECLUS;103436500
RUE;Rue Émile Alain;EMILE ALAIN;ALAIN;52036394
RUE;Rue Émile Augier;EMILE AUGIER;AUGIER;101222876,101222914
RUE;Rue Émile Lacoste;EMILE LACOSTE;LACOSTE;103436485
RUE;Rue Émile Quinteau;EMILE QUINTEAU;QUINTEAU;176939295
RUE;Rue Évariste Galois;EVARISTE GALOIS;GALOIS;103445558
;Sechepierre;SECHEPIERRE;SECHEPIERRE;151983211
SQUARE;Square Auboiroux;AUBOIROUX;AUBOIROUX;100541417,100541420
SQUARE;Square Cap Horizon;CAP HORIZON;HORIZON;129868643
SQUARE;Square Charles Boudy;CHARLES BOUDY;BOUDY;100535131,100535134
SQUARE;Square de la Libération;DE LA LIBERATION;LIBERATION;117404717
SQUARE;Square de la Légion d'Honneur;DE LA LEGION D HONNEUR;HONNEUR;398819750
