voie;name;name_norm;last_word_norm;ways
AIRE;Aire de la Gare de Péages de Béziers Cabrials;DE LA GARE DE PEAGES DE BEZIERS CABRIALS;CABRIALS;435008942
ALLEE;Allée Albert Gobat;ALBERT GOBAT;GOBAT;38507024
ALLEE;Allée Albert Mouton;ALBERT MOUTON;MOUTON;38198703
ALLEE;Allée Bertin Bousquet;BERTIN BOUSQUET;BOUSQUET;38248150
ALLEE;Allée Ferdinand Buisson;FERDINAND BUISSON;BUISSON;38507023
ALLEE;Allée Frédéric Passy;FREDERIC PASSY;PASSY;133146077
ALLEE;Allée G Alberto Braglia;G ALBERTO BRAGLIA;BRAGLIA;479053843
ALLEE;Allée Gabriel Lippman;GABRIEL LIPPMAN;LIPPMAN;38507020
ALLEE;Allée Jacques Garrigues;JACQUES GARRIGUES;GARRIGUES;38198702
ALLEE;Allée John Boland;JOHN BOLAND;BOLAND;319141096,348239637
ALLEE;Allée Louis Renault;LOUIS RENAULT;RENAULT;38507029
ALLEE;Allée Louis de Broglie;LOUIS DE BROGLIE;BROGLIE;38507027
ALLEE;Allée Maréchal Bugeaud;MARECHAL BUGEAUD;BUGEAUD;38236428
ALLEE;Allée Maurice Lautier;MAURICE LAUTIER;LAUTIER;38197919
ALLEE;Allée Paul Riquet;PAUL RIQUET;RIQUET;30437899,38087204,181149609,181149611
ALLEE;Allée des Charmes;DES CHARMES;CHARMES;38478160,38478161
ALLEE;Allée des Cormorans;DES CORMORANS;CORMORANS;38359568,38359569,38359570
ALLEE;Allée des Eucalyptus;DES EUCALYPTUS;EUCALYPTUS;38477512
ALLEE;Allée des Vignerons;DES VIGNERONS;VIGNERONS;410668252
ALLEE;Allée des Érables;DES ERABLES;ERABLES;38477373
ALLEE;Allées Henri Deslandres;S HENRI DESLANDRES;DESLANDRES;38237450
ALLEE;Allées Jean Rostand;S JEAN ROSTAND;ROSTAND;38237440
ALLEE;Allées Paul Riquet;S PAUL RIQUET;RIQUET;30437350,30437894,30437901,30437903
ALLEE;Allées René Descartes;S RENE DESCARTES;DESCARTES;38237452
ALLEE;Allées du Chablis;S DU CHABLIS;CHABLIS;38316681,38316682
ALLEE;Allées du Doyen Nerson;S DU DOYEN NERSON;NERSON;38318778
ANCIEN CHEMIN;Ancien Chemin de Saint-Géniès;DE SAINT GENIES;GENIES;38316697
ANCIENNE ROUTE;Ancienne Route de Bédarieux;DE BEDARIEUX;BEDARIEUX;38491651,38491654,38523987,38523988,206019979,660715316
AVENUE;Avenue Albert 1er;ALBERT 1ER;1ER;38144233
AVENUE;Avenue Albert Camus;ALBERT CAMUS;CAMUS;54726932,133606186
AVENUE;Avenue Alphonse Mas;ALPHONSE MAS;MAS;38095974,272129877,629197958,629197960
AVENUE;Avenue Auguste Albertini;AUGUSTE ALBERTINI;ALBERTINI;38196740
AVENUE;Avenue Camille Saint-Saëns;CAMILLE SAINT SAENS;SAENS;30437913,30437916
AVENUE;Avenue Colonel d'Ornano;COLONEL D ORNANO;ORNANO;25670254,38067113,121462498,121462501,270049647,270049648
AVENUE;Avenue Enseigne Albertini;ENSEIGNE ALBERTINI;ALBERTINI;38196739,328020189
AVENUE;Avenue Estienne d'Orves;ESTIENNE D ORVES;ORVES;38095981
AVENUE;Avenue Gambetta;GAMBETTA;SERIGNAN;25672048,92674375,92674407
AVENUE;Avenue Georges Clemenceau;GEORGES CLEMENCEAU;CLEMENCEAU;38143114,38146886,38146887
AVENUE;Avenue Henri Galinier;HENRI GALINIER;GALINIER;38086908,38086909,181330790,181330791,401439388
AVENUE;Avenue Henri Pech;HENRI PECH;PECH;38146890,38146891,38324327,38490276,329820557
AVENUE;Avenue Jean Constans;JEAN CONSTANS;CONSTANS;38196951,38205592,38205593,329980344,562225463
AVENUE;Avenue Jean Foucault;JEAN FOUCAULT;FOUCAULT;38190540,38190541,38190547,38190548,38190550,38190551,38228503,38228504,38228505,38228506
AVENUE;Avenue Jean Moulin;JEAN MOULIN;MOULIN;30437348,38321771,329820560,329820562,471983616
AVENUE;Avenue Joseph Lazare;JOSEPH LAZARE;LAZARE;25672052,38051656,38051657,38053924,38187821,38187822,38187826,38187827,38187828,38187835,38187836,38187837,38187840,92717959,222189118,222189119,244343131,244343839
AVENUE;Avenue Louis Lachenat;LOUIS LACHENAT;LACHENAT;38347444,97674579
AVENUE;Avenue Maréchal Foch;MARECHAL FOCH;FOCH;30411336,38490275,139431141,139431146,272496765,331702911,479019721
AVENUE;Avenue Maréchal Joffre;MARECHAL JOFFRE;JOFFRE;30437895,38095977,82100871,375952896,400780776
AVENUE;Avenue Monseigneur Coste;MONSEIGNEUR COSTE;COSTE;38196071,38196072
AVENUE;Avenue Paul Loubet;PAUL LOUBET;LOUBET;38193268,38193269,38193270
AVENUE;Avenue Pierre Brousse;PIERRE BROUSSE;BROUSSE;25672051,217990102,244210419,667867841,667867842
AVENUE;Avenue Pierre Bérégovoy;PIERRE BEREGOVOY;BEREGOVOY;38095570,222189120,247051739
AVENUE;Avenue Pierre Mendès-France;PIERRE MENDES FRANCE;FRANCE;38196073
AVENUE;Avenue Pierre Verdier;PIERRE VERDIER;VERDIER;30437909,30437910,38197915,38197922,38197923,329980345
AVENUE;Avenue Pierre de Coubertin;PIERRE DE COUBERTIN;COUBERTIN;38138514,645891215,645891219
AVENUE;Avenue Prosper Mérimée;PROSPER MERIMEE;MERIMEE;133534169,133606187,133606188,206019980
AVENUE;Avenue Président Wilson;PRESIDENT WILSON;WILSON;38067127,38067128,38086148,92718001,181228206,181228207,181228208,181228209
AVENUE;Avenue Rhin et Danube;RHIN ET DANUBE;DANUBE;30437345,30437347,30437353,38095397,38324326,154278314
AVENUE;Avenue Valentin Duc;VALENTIN DUC;DUC;38138525,38138526,38138527,38138536,122077784,660715320
AVENUE;Avenue d'Agde;D AGDE;AGDE;38095569,38187838,38187839,38190519,38190521,38190525,38190526,38211855,38211856,92717810,181228210,181228211,247051740
AVENUE;Avenue d'Oc;D OC;OC;38324331,38324334
AVENUE;Avenue de Badones;DE BADONES;BADONES;27455569,38326307
AVENUE;Avenue de Béziers;DE BEZIERS;BEZIERS;26711149
AVENUE;Avenue de Carlet;DE CARLET;CARLET;93493143
AVENUE;Avenue de Michel de l'Hôpital;DE MICHEL DE L HOPITAL;HOPITAL;38356389
AVENUE;Avenue de Port Notre-Dame;DE PORT NOTRE DAME;DAME;25672022,25672023
AVENUE;Avenue de Sérignan;DE SERIGNAN;SERIGNAN;25672038,25672039,38051649,38051651,181239028,181239030,181239032,329820563,545592618
AVENUE;Avenue de la Dévèze;DE LA DEVEZE;DEVEZE;38190536,38190538
AVENUE;Avenue de la Font Neuve;DE LA FONT NEUVE;NEUVE;38240597
AVENUE;Avenue de la Marne;DE LA MARNE;MARNE;38067119
AVENUE;Avenue de la Méditerranée;DE LA MEDITERRANEE;MEDITERRANEE;17668816,58885719,135036441,135036442
AVENUE;Avenue de la Pléïade;DE LA PLEIADE;PLEIADE;38347443
AVENUE;Avenue de la République;DE LA REPUBLIQUE;REPUBLIQUE;91955472
AVENUE;Avenue de la Tanne;DE LA TANNE;TANNE;38344650,38344651,92718004,133465695
AVENUE;Avenue de la Tuilerie;DE LA TUILERIE;TUILERIE;133535033
AVENUE;Avenue de la Voie Domitienne;DE LA VOIE DOMITIENNE;DOMITIENNE;30437341,30437342,30437924,38051633,38067805,38067806,38067807,38067808,38067815,38086904,38086905,38477378,142613340,142613344,495911192
AVENUE;Avenue des Arbousiers;DES ARBOUSIERS;ARBOUSIERS;38345129,38345130,38345131
AVENUE;Avenue des Martyrs de la Résistance;DES MARTYRS DE LA RESISTANCE;RESISTANCE;38196981,38230637
AVENUE;Avenue des Métiers d'Art;DES METIERS D ART;ART;38488106,38488107,38488108
AVENUE;Avenue des Olympiades;DES OLYMPIADES;OLYMPIADES;38192112
AVENUE;Avenue des Tamaris;DES TAMARIS;TAMARIS;38356385,38356386,38356387,38356388
AVENUE;Avenue du 22 Août 1944;DU 22 AOUT 1944;1944;30437912,82097145
AVENUE;Avenue du Capiscol;DU CAPISCOL;CAPISCOL;38228915,38228916,133465696
AVENUE;Avenue du Cimetière Vieux;DU CIMETIERE VIEUX;VIEUX;38240587
AVENUE;Avenue du Pech de Gargailhan;DU PECH DE GARGAILHAN;GARGAILHAN;38344662
AVENUE;Avenue du Pech de la Galinière;DU PECH DE LA GALINIERE;GALINIERE;38241555,38242454,38242474,38242475,38242476
AVENUE;Avenue du Pont Vieux;DU PONT VIEUX;VIEUX;38067109,38138517,121268692,121268693,181239034,181239035,181239036,181239037
AVENUE;Avenue du Port Notre-Dame;DU PORT NOTRE DAME;DAME;25672020,181239023,329820564
AVENUE;Avenue du Prado;DU PRADO;PRADO;38187825
AVENUE;Avenue du Préfet Claude Érignac;DU PREFET CLAUDE ERIGNAC;ERIGNAC;38490272,38490273,329820565,329820566,329820567,329820568,329820569
AVENUE;Avenue du Puech de Valras;DU PUECH DE VALRAS;VALRAS;38205572,38205579,38205586,38205588,38205590,38205591,38205595,38344653
AVENUE;Avenue du Viguier;DU VIGUIER;VIGUIER;38190554,38190555,38213397,134559366,134559368,410060303
AVENUE;Avenue Émile Claparède;EMILE CLAPAREDE;CLAPAREDE;30437923,329820570
;Barreau Nord;BARREAU NORD;NORD;48686178,48686179,92656766,92656767,92656769,92656772,135036449,135039082,135039083,473078917,473078923,473078924,476134371,476134373
;Barreau de la Devèze;BARREAU DE LA DEVEZE;DEVEZE;58781792,58781793,58781801,58781802,135036452,135036453,135036455,135036456,135036458,159013058,221265453,221265454,251776844,251776845,251777201
BOULEVARD;Boulevard Alexandre Dumas;ALEXANDRE DUMAS;DUMAS;38318757
BOULEVARD;Boulevard Antonin Injalbert;ANTONIN INJALBERT;INJALBERT;38198007,38205584,38205587
BOULEVARD;Boulevard Bertrand Duguesclin;BERTRAND DUGUESCLIN;DUGUESCLIN;82220748
BOULEVARD;Boulevard Colette Besson;COLETTE BESSON;BESSON;288204086,288207977,348211523,348211527,348211528
BOULEVARD;Boulevard Docteur Mourut;DOCTEUR MOURUT;MOURUT;38196741
BOULEVARD;Boulevard Ernest Hemingway;ERNEST HEMINGWAY;HEMINGWAY;38507021,269195103,288204091,477877581,477877582
BOULEVARD;Boulevard Ernest Perréal;ERNEST PERREAL;PERREAL;38231424,38231431,38318758
BOULEVARD;Boulevard Frédéric Mistral;FREDERIC MISTRAL;MISTRAL;30437919
BOULEVARD;Boulevard Jean Bouin;JEAN BOUIN;BOUIN;38211400,38211401,185998442
BOULEVARD;Boulevard Jean Jaurès;JEAN JAURES;JAURES;30437904,30437907
BOULEVARD;Boulevard Jean Macé;JEAN MACE;MACE;38137437
BOULEVARD;Boulevard Jules Cadenat;JULES CADENAT;CADENAT;38193039,38193040,38193042,38193044,38193100,38193101,38194102,38194103
BOULEVARD;Boulevard Maréchal de Lattre de Tassigny;MARECHAL DE LATTRE DE TASSIGNY;TASSIGNY;38067129,92717823,181228212,329820571
BOULEVARD;Boulevard Pasteur;PASTEUR;MERIMEE;133534171
BOULEVARD;Boulevard Pierre Malafosse;PIERRE MALAFOSSE;MALAFOSSE;38195215,38195218,38195221,38195223
BOULEVARD;Boulevard Tourventouse;TOURVENTOUSE;MOULINS;38138531
BOULEVARD;Boulevard Yves Nat;YVES NAT;NAT;38318768,593941351,593941352
BOULEVARD;Boulevard Yves du Manoir;YVES DU MANOIR;MANOIR;38205571,38211408
BOULEVARD;Boulevard d'Angleterre;D ANGLETERRE;ANGLETERRE;38138513,38143111,173639332,173639335,479019725
BOULEVARD;Boulevard de Bir Hakem;DE BIR HAKEM;HAKEM;38347083
BOULEVARD;Boulevard de Garissou;DE GARISSOU;GARISSOU;38506354
BOULEVARD;Boulevard de Genève;DE GENEVE;GENEVE;38198006,329820572
BOULEVARD;Boulevard de Heilbronn;DE HEILBRONN;HEILBRONN;38205594
BOULEVARD;Boulevard de Stockport;DE STOCKPORT;STOCKPORT;38357817,38357818,38357819
BOULEVARD;Boulevard de Strasbourg;DE STRASBOURG;STRASBOURG;38143110,272496767,331702912
BOULEVARD;Boulevard de Verdun;DE VERDUN;VERDUN;38067120,38067121,38067124,38067125,38136943,38136944,38140671,92674389,92674403,92674413,247051742,608386711
BOULEVARD;Boulevard de l'Europe;DE L EUROPE;EUROPE;38344655,38344656,38344657,38344658,38344680
BOULEVARD;Boulevard de la Liberté;DE LA LIBERTE;LIBERTE;38144970,92717852
BOULEVARD;Boulevard du Four à Chaux;DU FOUR A CHAUX;CHAUX;38149529,38149530,38149531,38149533,38149534,38149535,38149537,38149539,38149540,38149541
BOULEVARD;Boulevard du Général de Larminat;DU GENERAL DE LARMINAT;LARMINAT;38328397,92717922
BOULEVARD;Boulevard du Languedoc;DU LANGUEDOC;LANGUEDOC;30437344,38324332,38332631,38332632,38332633,38332634,288204093
BOULEVARD;Boulevard du Maréchal Juin;DU MARECHAL JUIN;JUIN;27455619,38067800,38067809,38067811,38067814
BOULEVARD;Boulevard du Maréchal Leclerc;DU MARECHAL LECLERC;LECLERC;27455642,38067801,38067802,38067803,38067810,38067813,38197659,38197660,38197661,38197662
BOULEVARD;Boulevard du Président Kennedy;DU PRESIDENT KENNEDY;KENNEDY;27455620,38067796,38067797,154278316,154278317
BOULEVARD;Boulevard Édouard Herriot;EDOUARD HERRIOT;HERRIOT;38145866
;CR123;CR123;BOUJAN;243967582,341531902,518220392,644913253
CANAL;Canal du Midi;DU MIDI;MIDI;341531897
CARREFOUR;Carrefour Pierre Lacans;PIERRE LACANS;LACANS;38192111
CARREFOUR;Carrefour de l'Hours;DE L HOURS;HOURS;38067126
CARREFOUR;Carrefour de la Treille;DE LA TREILLE;TREILLE;30437343
CHEMIN RURAL;Chemin Rural du Ruisseau;DU RUISSEAU;RUISSEAU;479053890
CHEMIN RURAL;Chemin Rural n°2;N°2;BLAKE;38249987
CHEMIN RURAL;Chemin Rural n°21 du Cayrou;N°21 DU CAYROU;CAYROU;435439464
CHEMIN RURAL;Chemin Rural n°7;N°7;PRADINES;38703266
CHEMIN;Chemin Rurral 37 Bis;RURRAL 37 BIS;BIS;26166793
CHEMIN;Chemin de Badones;DE BADONES;BADONES;38326359,38326360,38813243,363115722,459171490
CHEMIN;Chemin de Bagnols;DE BAGNOLS;BAGNOLS;38490974
CHEMIN;Chemin de Bayssan;DE BAYSSAN;BAYSSAN;25672029,38178903,38179992,243978509
CHEMIN;Chemin de Boujan à Agde;DE BOUJAN A AGDE;AGDE;38813244,38868622,135036459
CHEMIN;Chemin de Boujan à Clairac;DE BOUJAN A CLAIRAC;CLAIRAC;38838260,448155512
CHEMIN;Chemin de Boujan à Libouriac;DE BOUJAN A LIBOURIAC;LIBOURIAC;38812748
CHEMIN;Chemin de Boujan à Villeneuve;DE BOUJAN A VILLENEUVE;VILLENEUVE;38812357,135039084,206019981
CHEMIN;Chemin de Béziers à Carlet;DE BEZIERS A CARLET;CARLET;38678868
CHEMIN;Chemin de Béziers à Pech Coucut;DE BEZIERS A PECH COUCUT;COUCUT;38316689,38678872
CHEMIN;Chemin de Béziers à St Jean de Libron;DE BEZIERS A ST JEAN DE LIBRON;LIBRON;38838261,97811249
CHEMIN;Chemin de Cabrials;DE CABRIALS;CABRIALS;38486662
CHEMIN;Chemin de Cabrials à Saint-Bauzille;DE CABRIALS A SAINT BAUZILLE;BAUZILLE;38869926,135036460,135036461,135036462,143538224
CHEMIN;Chemin de Carlet;DE CARLET;CARLET;393909270
CHEMIN;Chemin de Clairac à Villeneuve;DE CLAIRAC A VILLENEUVE;VILLENEUVE;38868619
CHEMIN;Chemin de Colignan;DE COLIGNAN;COLIGNAN;38702093
CHEMIN;Chemin de Foncérannes;DE FONCERANNES;FONCERANNES;38178889
CHEMIN;Chemin de Fonserannes;DE FONSERANNES;FONSERANNES;644914391
CHEMIN;Chemin de Garissou à Libouriac;DE GARISSOU A LIBOURIAC;LIBOURIAC;206019982
CHEMIN;Chemin de Libouriac à Saint-Jean de Libron;DE LIBOURIAC A SAINT JEAN DE LIBRON;LIBRON;38838259,38838266,135039085,630338090
CHEMIN;Chemin de Lieuran;DE LIEURAN;LIEURAN;38493526
CHEMIN;Chemin de Lirou;DE LIROU;LIROU;38181155
CHEMIN;Chemin de Pradines;DE PRADINES;PRADINES;38702098
CHEMIN;Chemin de Service;DE SERVICE;SERVICE;38703275
CHEMIN;Chemin de l'Oasis;DE L OASIS;OASIS;38491645,38491646
CHEMIN;Chemin de la Dévèze;DE LA DEVEZE;DEVEZE;38345677
CHEMIN;Chemin de la Fontaine Lèche-Frites;DE LA FONTAINE LECHE FRITES;FRITES;38249985,435439466,435439467
CHEMIN;Chemin de la Gandole;DE LA GANDOLE;GANDOLE;393909271
CHEMIN;Chemin des Feynes;DES FEYNES;FEYNES;91955475
CHEMIN;Chemin des Poissonniers;DES POISSONNIERS;POISSONNIERS;95996218
CHEMIN;Chemin du Cayrou;DU CAYROU;CAYROU;38316691
CHEMIN;Chemin du Cayrou à Saint-Hippolite;DU CAYROU A SAINT HIPPOLITE;HIPPOLITE;38316690
CHEMIN;Chemin du Champ du Pous;DU CHAMP DU POUS;POUS;319988304
CHEMIN;Chemin du Four à Chaux;DU FOUR A CHAUX;CHAUX;320037762
CHEMIN;Chemin du Pech d'Oulès;DU PECH D OULES;OULES;38869934
CHEMIN;Chemin du Quai du Port Notre-Dame;DU QUAI DU PORT NOTRE DAME;DAME;38136930
CHEMIN;Chemin du Roudigou;DU ROUDIGOU;ROUDIGOU;487087243
CHEMIN RURAL;Chemin rural;;SERVICE;38703276,38703443,38861253,457642098,612177133
CHEMIN RURAL;Chemin rural de Boute Sirvain;DE BOUTE SIRVAIN;SIRVAIN;458427143
CHEMIN RURAL;Chemin rural de Pailhès;DE PAILHES;PAILHES;38702086
CHEMIN RURAL;Chemin rural de Pelbery;DE PELBERY;PELBERY;38703690
CHEMIN RURAL;Chemin rural du Payssiérou;DU PAYSSIEROU;PAYSSIEROU;402550484
CHEMIN RURAL;Chemin rural du Pech de Lézigno;DU PECH DE LEZIGNO;LEZIGNO;398888367
CHEMIN RURAL;Chemin rural n° 118;N° 118;118;488057983
CHEMIN RURAL;Chemin rural n°135;N°135;ARTISANS;38229864
CHEMIN RURAL;Chemin rural n°158 de la Dragonne;N°158 DE LA DRAGONNE;DRAGONNE;457370098
CHEMIN RURAL;Chemin rural n°7 de Corneilhan à Boujan;N°7 DE CORNEILHAN A BOUJAN;BOUJAN;229698670,417913603
COUR;Cour de Crozals;DE CROZALS;CROZALS;38140613
;Drive in;DRIVE IN;IN;135018356
ESPLANADE;Esplanade Rosa Parks;ROSA PARKS;PARKS;142614953,479053855
;Giratoire du Capitaine Alfred Dreyfus;GIRATOIRE DU CAPITAINE ALFRED DREYFUS;DREYFUS;8037335
IMPASSE;Impasse Albert Schweitzer;ALBERT SCHWEITZER;SCHWEITZER;38506561
IMPASSE;Impasse Alfred Cornu;ALFRED CORNU;CORNU;38493531
IMPASSE;Impasse Alfred Nobel;ALFRED NOBEL;NOBEL;38359761
IMPASSE;Impasse Alfred Sisley;ALFRED SISLEY;SISLEY;38504855
IMPASSE;Impasse Amel;AMEL;HOLBACH;38231397
IMPASSE;Impasse André Castanet;ANDRE CASTANET;CASTANET;38328418
IMPASSE;Impasse André Dauchez;ANDRE DAUCHEZ;DAUCHEZ;38241609
IMPASSE;Impasse Anne Frank;ANNE FRANK;FRANK;38357823,38357824
IMPASSE;Impasse Antoine Bourdelle;ANTOINE BOURDELLE;BOURDELLE;38344671
IMPASSE;Impasse Antone Mauduit;ANTONE MAUDUIT;MAUDUIT;38347093,38347094,38347095
IMPASSE;Impasse Art Tesseyre;ART TESSEYRE;TESSEYRE;38345551
IMPASSE;Impasse Arthur Rimbaud;ARTHUR RIMBAUD;RIMBAUD;38333445
IMPASSE;Impasse Auguste Renoir;AUGUSTE RENOIR;RENOIR;38504964
IMPASSE;Impasse Auguste Rodin;AUGUSTE RODIN;RODIN;38241558
IMPASSE;Impasse Barbeyrac;BARBEYRAC;ARCOLE;38144240,38144244
IMPASSE;Impasse Barbès;BARBES;CAYROU;435439468
IMPASSE;Impasse Barthélémy Thimonier;BARTHELEMY THIMONIER;THIMONIER;133146423
IMPASSE;Impasse Baudin;BAUDIN;COQUILLE;38140608
IMPASSE;Impasse Bernard Buffet;BERNARD BUFFET;BUFFET;38316694
IMPASSE;Impasse Bossuet;BOSSUET;MARRONNIERS;38236417
IMPASSE;Impasse Bruno Molinari;BRUNO MOLINARI;MOLINARI;38347096,38347097
IMPASSE;Impasse C. Despiou;C  DESPIOU;DESPIOU;38344670
IMPASSE;Impasse Caillebotte;CAILLEBOTTE;POMEIRAC;38504037
IMPASSE;Impasse Cantinat;CANTINAT;VIVENT;38328422
IMPASSE;Impasse Carles;CARLES;FAIENCE;38144223
IMPASSE;Impasse Cazals;CAZALS;BELBEZET;38240590
IMPASSE;Impasse Ch. Jalabert;CH  JALABERT;JALABERT;38230556
IMPASSE;Impasse Charles Brennus;CHARLES BRENNUS;BRENNUS;38347071,38347072
IMPASSE;Impasse Charles Lecoq;CHARLES LECOQ;LECOQ;38328382
IMPASSE;Impasse Chaïm Soutine;CHAIM SOUTINE;SOUTINE;38502074
IMPASSE;Impasse Claude Gellée;CLAUDE GELLEE;GELLEE;38504854
IMPASSE;Impasse Denis Papin;DENIS PAPIN;PAPIN;38145476
IMPASSE;Impasse Didier Daurat;DIDIER DAURAT;DAURAT;38236430
IMPASSE;Impasse Docteur Jean Laroze;DOCTEUR JEAN LAROZE;LAROZE;577788769
IMPASSE;Impasse Eugène Christophe;EUGENE CHRISTOPHE;CHRISTOPHE;38345138
IMPASSE;Impasse Falandry;FALANDRY;FALANDRY;38486352
IMPASSE;Impasse Fay;FAY;ORVES;38096034
IMPASSE;Impasse Foujita;FOUJITA;CHAGALL;38505451
IMPASSE;Impasse Francis Jammes;FRANCIS JAMMES;JAMMES;410668253
IMPASSE;Impasse Francis Poulenc;FRANCIS POULENC;POULENC;38326334
IMPASSE;Impasse François Béziat;FRANCOIS BEZIAT;BEZIAT;38248160
IMPASSE;Impasse François Mauriac;FRANCOIS MAURIAC;MAURIAC;38333449
IMPASSE;Impasse G. Charbonnier;G  CHARBONNIER;CHARBONNIER;38347077
IMPASSE;Impasse G. Richier;G  RICHIER;RICHIER;38344669
IMPASSE;Impasse Gaston Cugnenc;GASTON CUGNENC;CUGNENC;38181148
IMPASSE;Impasse Georges Auric;GEORGES AURIC;AURIC;38326322
IMPASSE;Impasse Georges de Caunes;GEORGES DE CAUNES;CAUNES;38181140,38181141
IMPASSE;Impasse Germinal;GERMINAL;ROS;38236440
IMPASSE;Impasse Grau;GRAU;BELBEZET;38240589
IMPASSE;Impasse Grévin;GREVIN;BERTILLON;38230549
IMPASSE;Impasse Guillaume Apolinaire;GUILLAUME APOLINAIRE;APOLINAIRE;38333446
IMPASSE;Impasse Guillaume Tell;GUILLAUME TELL;TELL;38357827
IMPASSE;Impasse Guillaume d'Orange;GUILLAUME D ORANGE;ORANGE;38357826
IMPASSE;Impasse Gustave Charpentier;GUSTAVE CHARPENTIER;CHARPENTIER;38236402
IMPASSE;Impasse Gustave Loiseau;GUSTAVE LOISEAU;LOISEAU;38241561
IMPASSE;Impasse Guy de Maupassant;GUY DE MAUPASSANT;MAUPASSANT;38333450
IMPASSE;Impasse Général Laperrine d'Hautpoul;GENERAL LAPERRINE D HAUTPOUL;HAUTPOUL;410668254
IMPASSE;Impasse H. Laurens;H  LAURENS;LAURENS;38344661
IMPASSE;Impasse Hans Christian Andersen;HANS CHRISTIAN ANDERSEN;ANDERSEN;319141089
IMPASSE;Impasse Henri Becquerel;HENRI BECQUEREL;BECQUEREL;38493510
IMPASSE;Impasse Henri Bille;HENRI BILLE;BILLE;38236435
IMPASSE;Impasse Henri Clouzot;HENRI CLOUZOT;CLOUZOT;38178907
IMPASSE;Impasse Henri Massat;HENRI MASSAT;MASSAT;38248156
IMPASSE;Impasse Henri de France;HENRI DE FRANCE;FRANCE;38493533
IMPASSE;Impasse Honoré Daumier;HONORE DAUMIER;DAUMIER;38318753
IMPASSE;Impasse Isidore Ducasse Lautréamont;ISIDORE DUCASSE LAUTREAMONT;LAUTREAMONT;38333443
IMPASSE;Impasse Jacques Cartier;JACQUES CARTIER;CARTIER;38242456
IMPASSE;Impasse Jacques Delhon;JACQUES DELHON;DELHON;38144974
IMPASSE;Impasse Jacques Deroux;JACQUES DEROUX;DEROUX;38249708
IMPASSE;Impasse Jacques Sabinet;JACQUES SABINET;SABINET;38506362
IMPASSE;Impasse Jacques Villeneuve;JACQUES VILLENEUVE;VILLENEUVE;38241566,38241567
IMPASSE;Impasse Jean Auguste Ingres;JEAN AUGUSTE INGRES;INGRES;38502071
IMPASSE;Impasse Jean Calas;JEAN CALAS;CALAS;38357825
IMPASSE;Impasse Jean François Cros;JEAN FRANCOIS CROS;CROS;38504876
IMPASSE;Impasse Jean François Millet;JEAN FRANCOIS MILLET;MILLET;38504882
IMPASSE;Impasse Jean Gabin;JEAN GABIN;GABIN;38478173
IMPASSE;Impasse Jean Guy;JEAN GUY;GUY;38345549
IMPASSE;Impasse Jean Hus;JEAN HUS;HUS;38357829,38357830
IMPASSE;Impasse Jean Lurçat;JEAN LURCAT;LURCAT;38504963
IMPASSE;Impasse Jean Mallier;JEAN MALLIER;MALLIER;38328416
IMPASSE;Impasse Joseph Barrière;JOSEPH BARRIERE;BARRIERE;38317394
IMPASSE;Impasse Joseph Lebrix;JOSEPH LEBRIX;LEBRIX;38236429
IMPASSE;Impasse Joseph Roumanille;JOSEPH ROUMANILLE;ROUMANILLE;38321757
IMPASSE;Impasse Jules Marill;JULES MARILL;MARILL;435439469
IMPASSE;Impasse Jules Supervielles;JULES SUPERVIELLES;SUPERVIELLES;38320854
IMPASSE;Impasse Laux;LAUX;TRUFFAUT;38181123
IMPASSE;Impasse Lednu Rollin;LEDNU ROLLIN;ROLLIN;38095958
IMPASSE;Impasse Lo Perdigal;LO PERDIGAL;PERDIGAL;38329980
IMPASSE;Impasse Louis Braille;LOUIS BRAILLE;BRAILLE;38233554
IMPASSE;Impasse Louis Lannes;LOUIS LANNES;LANNES;38345139
IMPASSE;Impasse Lédérac;LEDERAC;MAGELLAN;38248144
IMPASSE;Impasse Léo Déliles;LEO DELILES;DELILES;38326323
IMPASSE;Impasse Léon Barrière;LEON BARRIERE;BARRIERE;38345554
IMPASSE;Impasse Marie Laurencin;MARIE LAURENCIN;LAURENCIN;38504864
IMPASSE;Impasse Martin Luther-King;MARTIN LUTHER KING;KING;38228666
IMPASSE;Impasse Maurice Denis;MAURICE DENIS;DENIS;38241605
IMPASSE;Impasse Meneau;MENEAU;MARILL;435439470
IMPASSE;Impasse Michel Bozon;MICHEL BOZON;BOZON;38345310
IMPASSE;Impasse Mike Plant;MIKE PLANT;PLANT;435439471
IMPASSE;Impasse Montesquieu;MONTESQUIEU;BRAILLE;38233555
IMPASSE;Impasse Murat;MURAT;ARSONVAL;38240593
IMPASSE;Impasse Nicolas Joseph Cugnot;NICOLAS JOSEPH CUGNOT;CUGNOT;38524366
IMPASSE;Impasse Notairie;NOTAIRIE;VERNHES;38139782
IMPASSE;Impasse Nègues Treilles;NEGUES TREILLES;TREILLES;38490271
IMPASSE;Impasse Pablo Picasso;PABLO PICASSO;PICASSO;393909277
IMPASSE;Impasse Paul Bourget;PAUL BOURGET;BOURGET;38493913
IMPASSE;Impasse Paul Dukas;PAUL DUKAS;DUKAS;38328392
IMPASSE;Impasse Paul Fort;PAUL FORT;FORT;38320853
IMPASSE;Impasse Paul Léautaud;PAUL LEAUTAUD;LEAUTAUD;38146915
IMPASSE;Impasse Paul Paget;PAUL PAGET;PAGET;38318899
IMPASSE;Impasse Paul Paray;PAUL PARAY;PARAY;38359585
IMPASSE;Impasse Paul Signac;PAUL SIGNAC;SIGNAC;410668256
IMPASSE;Impasse Paul Verlaine;PAUL VERLAINE;VERLAINE;38333452
IMPASSE;Impasse Paule Tiffy;PAULE TIFFY;TIFFY;38359584
IMPASSE;Impasse Philippe Noiret;PHILIPPE NOIRET;NOIRET;38181139
IMPASSE;Impasse Picarel;PICAREL;COUDERC;38328445
IMPASSE;Impasse Pierre Curie;PIERRE CURIE;CURIE;38240604
IMPASSE;Impasse Pierre Esprit Séguier;PIERRE ESPRIT SEGUIER;SEGUIER;38328417
IMPASSE;Impasse Pierre Montezin;PIERRE MONTEZIN;MONTEZIN;38241604
IMPASSE;Impasse Pierre Roland Laporte;PIERRE ROLAND LAPORTE;LAPORTE;38328415
IMPASSE;Impasse Pompon;POMPON;COQUILLE;38140607,201831811
IMPASSE;Impasse Quirou;QUIROU;BOZON;38345311
IMPASSE;Impasse R. Ballester;R  BALLESTER;BALLESTER;38345550
IMPASSE;Impasse René Baire;RENE BAIRE;BAIRE;38506363
IMPASSE;Impasse René Truel;RENE TRUEL;TRUEL;38502050
IMPASSE;Impasse Robert Rivetti;ROBERT RIVETTI;RIVETTI;38237910,38237911
IMPASSE;Impasse Saint-Aphrodise;SAINT APHRODISE;APHRODISE;38144224
IMPASSE;Impasse Saint-Martin;SAINT MARTIN;MARTIN;38143680
IMPASSE;Impasse Sainte-Ursule;SAINTE URSULE;URSULE;38139813
IMPASSE;Impasse Salomon Couderc;SALOMON COUDERC;COUDERC;38328444
IMPASSE;Impasse Sicard;SICARD;DAUBINELLE;38490955
IMPASSE;Impasse Simone Signoret;SIMONE SIGNORET;SIGNORET;38478139
IMPASSE;Impasse Tayac;TAYAC;JUSSIEU;38146893
IMPASSE;Impasse Viala;VIALA;CURIE;38240599
IMPASSE;Impasse Vincent Scotto;VINCENT SCOTTO;SCOTTO;38326335
IMPASSE;Impasse Vincent Van Gogh;VINCENT VAN GOGH;GOGH;38504871
IMPASSE;Impasse Violet;VIOLET;HOLBACH;38231400
IMPASSE;Impasse Wilhelm Grimm;WILHELM GRIMM;GRIMM;38493549
IMPASSE;Impasse Zirnhald;ZIRNHALD;1940;38347088
IMPASSE;Impasse d'Arromanches;D ARROMANCHES;ARROMANCHES;38347082
IMPASSE;Impasse d'Oradour Sur Glane;D ORADOUR SUR GLANE;GLANE;38359564
IMPASSE;Impasse de Bayeux;DE BAYEUX;BAYEUX;38347081
IMPASSE;Impasse de Bretagne;DE BRETAGNE;BRETAGNE;38321879
IMPASSE;Impasse de Costesèque;DE COSTESEQUE;COSTESEQUE;38228920
IMPASSE;Impasse de Fès;DE FES;FES;435439472
IMPASSE;Impasse de Lignan;DE LIGNAN;LIGNAN;38139778
IMPASSE;Impasse de Marsanne;DE MARSANNE;MARSANNE;38480580
IMPASSE;Impasse de Narvik;DE NARVIK;NARVIK;38347067
IMPASSE;Impasse de Padern;DE PADERN;PADERN;180852979
IMPASSE;Impasse de Puylaurens;DE PUYLAURENS;PUYLAURENS;38181154
IMPASSE;Impasse de Roquefixade;DE ROQUEFIXADE;ROQUEFIXADE;38506565
IMPASSE;Impasse de l'Abreuvoir;DE L ABREUVOIR;ABREUVOIR;38138550,38138551
IMPASSE;Impasse de l'Alouette;DE L ALOUETTE;ALOUETTE;38143676
IMPASSE;Impasse de l'Archevêque;DE L ARCHEVEQUE;ARCHEVEQUE;38241580
IMPASSE;Impasse de l'Espérance;DE L ESPERANCE;ESPERANCE;38497007
IMPASSE;Impasse de l'Hortet;DE L HORTET;HORTET;38095963
IMPASSE;Impasse de l'Origan;DE L ORIGAN;ORIGAN;38357160
IMPASSE;Impasse de l'Ours;DE L OURS;OURS;38139789
IMPASSE;Impasse de l'Éolienne;DE L EOLIENNE;EOLIENNE;38326331
IMPASSE;Impasse de la Caille;DE LA CAILLE;CAILLE;38140593
IMPASSE;Impasse de la Daubinelle;DE LA DAUBINELLE;DAUBINELLE;38497006
IMPASSE;Impasse de la Déjouque;DE LA DEJOUQUE;DEJOUQUE;38344654
IMPASSE;Impasse de la Gayonne;DE LA GAYONNE;GAYONNE;38346401
IMPASSE;Impasse de la Juliane;DE LA JULIANE;JULIANE;38228667
IMPASSE;Impasse de la Paix;DE LA PAIX;PAIX;38234085
IMPASSE;Impasse de la Pastourelle;DE LA PASTOURELLE;PASTOURELLE;38360063
IMPASSE;Impasse de la Pieule;DE LA PIEULE;PIEULE;38316695,38316696
IMPASSE;Impasse de la Poudrière;DE LA POUDRIERE;POUDRIERE;435439473
IMPASSE;Impasse de la Santoline;DE LA SANTOLINE;SANTOLINE;38345135
IMPASSE;Impasse de la Sarriette;DE LA SARRIETTE;SARRIETTE;38357162,38357164
IMPASSE;Impasse de la Touraine;DE LA TOURAINE;TOURAINE;38507016
IMPASSE;Impasse de la Vache;DE LA VACHE;VACHE;38137458
IMPASSE;Impasse des 808 Suisses;DES 808 SUISSES;SUISSES;38233553
IMPASSE;Impasse des Acacias;DES ACACIAS;ACACIAS;38344678
IMPASSE;Impasse des Albères;DES ALBERES;ALBERES;38493509
IMPASSE;Impasse des Anciennes Arènes;DES ANCIENNES ARENES;ARENES;435439474
IMPASSE;Impasse des Arts;DES ARTS;ARTS;38144989
IMPASSE;Impasse des Chalets;DES CHALETS;CHALETS;38236406
IMPASSE;Impasse des Châtaigniers;DES CHATAIGNIERS;CHATAIGNIERS;38344674
IMPASSE;Impasse des Corbières;DES CORBIERES;CORBIERES;38324357
IMPASSE;Impasse des Criquets;DES CRIQUETS;CRIQUETS;38357129,38357132,38357134
IMPASSE;Impasse des Cèdres;DES CEDRES;CEDRES;38344679
IMPASSE;Impasse des Cévennes;DES CEVENNES;CEVENNES;435439475
IMPASSE;Impasse des Elfes;DES ELFES;ELFES;38493546,38493547
IMPASSE;Impasse des Glaïeuls;DES GLAIEULS;GLAIEULS;38497014,38497015
IMPASSE;Impasse des Jardins;DES JARDINS;JARDINS;38241576
IMPASSE;Impasse des Lauriers;DES LAURIERS;LAURIERS;38241574
IMPASSE;Impasse des Lucques;DES LUCQUES;LUCQUES;38316699,38316700,435439476,435439477
IMPASSE;Impasse des Lutins;DES LUTINS;LUTINS;38493536
IMPASSE;Impasse des Mousquetaires;DES MOUSQUETAIRES;MOUSQUETAIRES;38328394
IMPASSE;Impasse des Myrtes;DES MYRTES;MYRTES;38345155
IMPASSE;Impasse des Pins;DES PINS;PINS;38344677
IMPASSE;Impasse des Platanes;DES PLATANES;PLATANES;38344666
IMPASSE;Impasse des Portanelles;DES PORTANELLES;PORTANELLES;38240603
IMPASSE;Impasse des Réformés;DES REFORMES;REFORMES;38181152
IMPASSE;Impasse des Seringats;DES SERINGATS;SERINGATS;38345140
IMPASSE;Impasse des Sorbiers;DES SORBIERS;SORBIERS;38478162
IMPASSE;Impasse des Tanneurs;DES TANNEURS;TANNEURS;38140612
IMPASSE;Impasse des Tilleuls;DES TILLEULS;TILLEULS;38344676
IMPASSE;Impasse du 4 Septembre;DU 4 SEPTEMBRE;SEPTEMBRE;38140591
IMPASSE;Impasse du Bel Air;DU BEL AIR;AIR;38144232
IMPASSE;Impasse du Bouclier;DU BOUCLIER;BOUCLIER;38347069
IMPASSE;Impasse du Cagarol;DU CAGAROL;CAGAROL;38240594
IMPASSE;Impasse du Capcir;DU CAPCIR;CAPCIR;38248867
IMPASSE;Impasse du Capiscol;DU CAPISCOL;CAPISCOL;38228918
IMPASSE;Impasse du Carignan;DU CARIGNAN;CARIGNAN;38490973
IMPASSE;Impasse du Caroux;DU CAROUX;CAROUX;38493525
IMPASSE;Impasse du Cayrou;DU CAYROU;CAYROU;38242473
IMPASSE;Impasse du Chardonneret;DU CHARDONNERET;CHARDONNERET;38241600
IMPASSE;Impasse du Chat;DU CHAT;CHAT;38137450
IMPASSE;Impasse du Chien;DU CHIEN;CHIEN;38137454
IMPASSE;Impasse du Château d'Usson;DU CHATEAU D USSON;USSON;180852994
IMPASSE;Impasse du Château de Quéribus;DU CHATEAU DE QUERIBUS;QUERIBUS;384546688
IMPASSE;Impasse du Chèvrefeuille;DU CHEVREFEUILLE;CHEVREFEUILLE;38345133
IMPASSE;Impasse du Garissou;DU GARISSOU;GARISSOU;38326349
IMPASSE;Impasse du Grapillon;DU GRAPILLON;GRAPILLON;38490968
IMPASSE;Impasse du Général Rollet;DU GENERAL ROLLET;ROLLET;38328401,38328403
IMPASSE;Impasse du Gévaudan;DU GEVAUDAN;GEVAUDAN;38242464
IMPASSE;Impasse du Limousin;DU LIMOUSIN;LIMOUSIN;38507017
IMPASSE;Impasse du Loup;DU LOUP;LOUP;38140597
IMPASSE;Impasse du Mauzac;DU MAUZAC;MAUZAC;38480581
IMPASSE;Impasse du Merlot;DU MERLOT;MERLOT;38480607
IMPASSE;Impasse du Montalet;DU MONTALET;MONTALET;38248865
IMPASSE;Impasse du Moulin à Vent;DU MOULIN A VENT;VENT;38326330
IMPASSE;Impasse du Muguet;DU MUGUET;MUGUET;38497020
IMPASSE;Impasse du Pech de la Galinière;DU PECH DE LA GALINIERE;GALINIERE;38241556
IMPASSE;Impasse du Picpoul;DU PICPOUL;PICPOUL;38490960
IMPASSE;Impasse du Poitou;DU POITOU;POITOU;38321790
IMPASSE;Impasse du Pont Vieux;DU PONT VIEUX;VIEUX;38140610
IMPASSE;Impasse du Père Coreau;DU PERE COREAU;COREAU;38493518
IMPASSE;Impasse du Rouergue;DU ROUERGUE;ROUERGUE;38321789
IMPASSE;Impasse du Serin;DU SERIN;SERIN;38143677
IMPASSE;Impasse du Vercors;DU VERCORS;VERCORS;38359565
IMPASSE;Impasse Édouard Vuillard;EDOUARD VUILLARD;VUILLARD;38502056
IMPASSE;Impasse Élise Vigée-Lebrun;ELISE VIGEE LEBRUN;LEBRUN;38504034
IMPASSE;Impasse Émile Borel;EMILE BOREL;BOREL;38506360
IMPASSE;Impasse Émile Gentil;EMILE GENTIL;GENTIL;38242457
JARDIN;Jardin Public Des Bassins;PUBLIC DES BASSINS;BASSINS;38324337
;La Languedocienne;LA LANGUEDOCIENNE;LANGUEDOCIENNE;23046074,32075189,135981594,155251134,155251136,155251138,155251139,189217030,189217037,251783639,479606212,479698858,479698859,479698860,479698862
;La Méridienne;LA MERIDIENNE;MERIDIENNE;122219602,135036436,135036437,159009606,159009610,221265456,221265458,221265459,231536891,251777827,251777829,251777831,251777832,409085001,473078916,473078920,473078927,476134375,476134389
LOTISSEMENT;Lotissement Les Capucines;LES CAPUCINES;CAPUCINES;38316688
MAIL;Mail Louis Baïsse;LOUIS BAISSE;BAISSE;38248154
MAIL;Mail Philippe Lamour;PHILIPPE LAMOUR;LAMOUR;133548685,133606193
MAIL;Mail de Montimaran;DE MONTIMARAN;MONTIMARAN;38477182,38477183,38477185,38477186
MAIL;Mail de la Courondelle;DE LA COURONDELLE;COURONDELLE;133146080,133146082,477877674
PASSAGE;Passage Canterelles;CANTERELLES;CHAUDRONNIERS;38139759,479076082
PASSAGE;Passage François Clauzel;FRANCOIS CLAUZEL;CLAUZEL;38345545,38345546
PASSAGE;Passage Jean Baptiste Malacan;JEAN BAPTISTE MALACAN;MALACAN;38181146
PASSAGE;Passage Jean Magrou;JEAN MAGROU;MAGROU;38231435
PASSAGE;Passage L. Ginouilhac;L  GINOUILHAC;GINOUILHAC;38181147
PASSAGE;Passage Louis Maurel;LOUIS MAUREL;MAUREL;38345544
PASSAGE;Passage Mazagran;MAZAGRAN;CHAT;38137451
PASSAGE;Passage Trianon;TRIANON;LEBAS;38317883
PASSAGE;Passage d'Oradour Sur Glane;D ORADOUR SUR GLANE;GLANE;38359566
PASSAGE;Passage de la Barthe;DE LA BARTHE;BARTHE;38181145
PASSAGE;Passage des Vertes Pelouses;DES VERTES PELOUSES;PELOUSES;38236427
PASSAGE;Passage du Cayrou;DU CAYROU;CAYROU;38242472
PLACE;Place Arthur Honegger;ARTHUR HONEGGER;HONEGGER;38326324
PLACE;Place Bellevue;BELLEVUE;CALVAIRE;38143644,38143686
PLACE;Place Claude Debussy;CLAUDE DEBUSSY;DEBUSSY;38328414
PLACE;Place David d'Angers;DAVID D ANGERS;ANGERS;38145870
PLACE;Place Gabriel Péri;GABRIEL PERI;PERI;612649852
PLACE;Place Galilée;GALILEE;MORSE;38493523
PLACE;Place Georges Braque;GEORGES BRAQUE;BRAQUE;38505821
PLACE;Place Jean Gau;JEAN GAU;GAU;38249984
PLACE;Place Jean Jaurès;JEAN JAURES;JAURES;608386747
PLACE;Place Louis Huc;LOUIS HUC;HUC;435439478
PLACE;Place Mère Thérésa;MERE THERESA;THERESA;38478163
PLACE;Place Nimeño II;NIMEÑO II;II;38230552
PLACE;Place Paul Bès;PAUL BES;BES;38143650
PLACE;Place Pierre Lavabre;PIERRE LAVABRE;LAVABRE;38140603
PLACE;Place Pierre Semard;PIERRE SEMARD;SEMARD;30437920,38095982
PLACE;Place Pépézuc;PEPEZUC;CITADELLE;38140596
PLACE;Place Saint-Aphrodise;SAINT APHRODISE;APHRODISE;38144225
PLACE;Place Saint-Cyr;SAINT CYR;CYR;38137443
PLACE;Place Saint-Jacques;SAINT JACQUES;JACQUES;121282637,121284658
PLACE;Place Sainte-Aphrodise;SAINTE APHRODISE;APHRODISE;38143692
PLACE;Place Suzanne Valadon;SUZANNE VALADON;VALADON;38504867,38504868,38507098
PLACE;Place William Webb Ellis;WILLIAM WEBB ELLIS;ELLIS;479053858
PLACE;Place Yvonne Le Roux;YVONNE LE ROUX;ROUX;38317884,38317896
PLACE;Place de la Cime;DE LA CIME;CIME;38491636,38491637
PLACE;Place de la Clairette;DE LA CLAIRETTE;CLAIRETTE;38490967,38490969
PLACE;Place de la Madeleine;DE LA MADELEINE;MADELEINE;38143665
PLACE;Place de la Renardière;DE LA RENARDIERE;RENARDIERE;38491662,38491663
PLACE;Place de la Révolution;DE LA REVOLUTION;REVOLUTION;38139755
PLACE;Place de la Serpette;DE LA SERPETTE;SERPETTE;38490965,38490970
PLACE;Place de la Tour;DE LA TOUR;TOUR;38139802,38139804
PLACE;Place de la Victoire;DE LA VICTOIRE;VICTOIRE;30437349
PLACE;Place de la Vigne;DE LA VIGNE;VIGNE;38490971
PLACE;Place des Albigeois;DES ALBIGEOIS;ALBIGEOIS;38139771
PLACE;Place des Alliés;DES ALLIES;ALLIES;25672035,181239039,181239040
PLACE;Place des Bons Amis;DES BONS AMIS;AMIS;38139784,608683843
PLACE;Place des Casernes;DES CASERNES;CASERNES;38136933,38136934
PLACE;Place des Chaudronniers;DES CHAUDRONNIERS;CHAUDRONNIERS;629197964
PLACE;Place des Gavachs;DES GAVACHS;GAVACHS;38477370
PLACE;Place des Sternes;DES STERNES;STERNES;38359577
PLACE;Place des Trois Six;DES TROIS SIX;SIX;254238091,608402968
PLACE;Place du 11 Novembre;DU 11 NOVEMBRE;NOVEMBRE;38143112
PLACE;Place du 14 Juillet;DU 14 JUILLET;JUILLET;479019734
PLACE;Place du 8 Mai 1945;DU 8 MAI 1945;1945;38318776,593941341,593941343
PLACE;Place du Chai;DU CHAI;CHAI;133454347
PLACE;Place du Chardonnay;DU CHARDONNAY;CHARDONNAY;38480597
PLACE;Place du Cirque;DU CIRQUE;CIRQUE;38137442
PLACE;Place du Coq d'Inde;DU COQ D INDE;INDE;38140584
PLACE;Place du Forum;DU FORUM;FORUM;254248116
PLACE;Place du Général de Gaulle;DU GENERAL DE GAULLE;GAULLE;38145862
PLACE;Place du Temple;DU TEMPLE;TEMPLE;38231401
PLACE;Place Émile Ain;EMILE AIN;AIN;181330799,329820574,329820575
PLACE;Place Émile Zola;EMILE ZOLA;ZOLA;38144966
PLAN;Plan Canterellette;CANTERELLETTE;CHAUDRONNIERS;38139761
PLAN;Plan Monseigneur Blaquière;MONSEIGNEUR BLAQUIERE;BLAQUIERE;38139770
PONT;Pont Neuf;NEUF;FAURE;25670252
PONT;Pont d'Occitanie;D OCCITANIE;OCCITANIE;37864882
PORTE;Porte des Six Nations;DES SIX NATIONS;NATIONS;142614952
PROMENADE;Promenade Jacques Hamel;JACQUES HAMEL;HAMEL;38139772
QUAI;Quai Commandant Jacques-Yves Cousteau;COMMANDANT JACQUES YVES COUSTEAU;COUSTEAU;38138546,152613776,152613777
QUAI;Quai du Comandant Jaques-Yves Cousteau;DU COMANDANT JAQUES YVES COUSTEAU;COUSTEAU;38138552,92674429,92674444
QUAI;Quai du Port Neuf;DU PORT NEUF;NEUF;244261098,244271849
QUAI;Quai du Port Notre-Dame;DU PORT NOTRE DAME;DAME;25672024
RAMPE;Rampe Canterellette;CANTERELLETTE;CHAUDRONNIERS;38139760
RAMPE;Rampe des Casernes;DES CASERNES;CASERNES;270049649
RAMPE;Rampe des Moulins;DES MOULINS;MOULINS;38138528,38138529,38138530
RAMPE;Rampe des Poilus;DES POILUS;POILUS;38136949
RAMPE;Rampe du 96e Régiment d'Infanterie;DU 96E REGIMENT D INFANTERIE;INFANTERIE;38136932
ROND POINT;Rond Point Pierre Brousse;PIERRE BROUSSE;BROUSSE;26367631
ROND POINT;Rond Point d'Occitanie;D OCCITANIE;OCCITANIE;26366708
ROND POINT;Rond-Point Ambroise Paré;AMBROISE PARE;PARE;38194107
ROND POINT;Rond-Point Aristide Briand;ARISTIDE BRIAND;BRIAND;38195214
ROND POINT;Rond-Point Bachaga Boualam;BACHAGA BOUALAM;BOUALAM;121578784
ROND POINT;Rond-Point Christiaan Barnhard;CHRISTIAAN BARNHARD;BARNHARD;38194104
ROND POINT;Rond-Point Edgar Faure;EDGAR FAURE;FAURE;25669838
ROND POINT;Rond-Point Fernand Arcas;FERNAND ARCAS;ARCAS;26366567
ROND POINT;Rond-Point François Mitterrand;FRANCOIS MITTERRAND;MITTERRAND;38190528
ROND POINT;Rond-Point Georges Pompidou;GEORGES POMPIDOU;POMPIDOU;38190533
ROND POINT;Rond-Point Général Paul Vanuxem;GENERAL PAUL VANUXEM;VANUXEM;30437346
ROND POINT;Rond-Point Henri Laborit;HENRI LABORIT;LABORIT;38193041
ROND POINT;Rond-Point Jacques Chaban-Delmas;JACQUES CHABAN DELMAS;DELMAS;38193099
ROND POINT;Rond-Point Jean-Jacques Beucler;JEAN JACQUES BEUCLER;BEUCLER;38190520
ROND POINT;Rond-Point Max Rouquette;MAX ROUQUETTE;ROUQUETTE;8037297
ROND POINT;Rond-Point Mireille Bessière;MIREILLE BESSIERE;BESSIERE;38149532
ROND POINT;Rond-Point Monseigneur Coste;MONSEIGNEUR COSTE;COSTE;38196070
ROND POINT;Rond-Point Neil Alden Armstrong;NEIL ALDEN ARMSTRONG;ARMSTRONG;92674454
ROND POINT;Rond-Point Paul Harris;PAUL HARRIS;HARRIS;38147673
ROND POINT;Rond-Point Paul Émile Victor;PAUL EMILE VICTOR;VICTOR;38067114
ROND POINT;Rond-Point Paul-Henri Cugnenc;PAUL HENRI CUGNENC;CUGNENC;154278320
ROND POINT;Rond-Point Pierre-Gilles de Gennes;PIERRE GILLES DE GENNES;GENNES;38524355
ROND POINT;Rond-Point Roger Calmels;ROGER CALMELS;CALMELS;38326308
ROND POINT;Rond-Point Simon Wiesenthal;SIMON WIESENTHAL;WIESENTHAL;38147672
ROND POINT;Rond-Point Vincent Badie;VINCENT BADIE;BADIE;26366046,495911193,495911194,495911195,495911196,495911197
ROND POINT;Rond-Point Willy Brand;WILLY BRAND;BRAND;38138524
ROND POINT;Rond-Point Winston Churchill;WINSTON CHURCHILL;CHURCHILL;38067130
ROND POINT;Rond-Point Youri Gargarine;YOURI GARGARINE;GARGARINE;181228214
ROND POINT;Rond-Point de la Mer;DE LA MER;MER;155251140
ROND POINT;Rond-Point des Anciens Combattants d'Afrique du Nord;DES ANCIENS COMBATTANTS D AFRIQUE DU NORD;NORD;26366915
ROND POINT;Rond-Point des Centurions;DES CENTURIONS;CENTURIONS;30437911,38067804
ROND POINT;Rond-Point des Docteurs Causse;DES DOCTEURS CAUSSE;CAUSSE;38193043
ROND POINT;Rond-Point des Entreprises;DES ENTREPRISES;ENTREPRISES;38488105
ROND POINT;Rond-Point des Monts de Lacaune;DES MONTS DE LACAUNE;LACAUNE;38242453
ROND POINT;Rond-Point du Collège;DU COLLEGE;COLLEGE;38211407
ROND POINT;Rond-Point du Docteur Raymond Simorre;DU DOCTEUR RAYMOND SIMORRE;SIMORRE;27707238
ROND POINT;Rond-Point du Trou de Pomarède;DU TROU DE POMAREDE;POMAREDE;38486354
ROND POINT;Rond-Point Éric Tabarly;ERIC TABARLY;TABARLY;38051659
ROUTE;Route d'Espagne;D ESPAGNE;ESPAGNE;25672034,38086906,38138515,329820576,329820577
ROUTE;Route de Bessan;DE BESSAN;BESSAN;25520702,38053935,38158861,38158866,38486353,38486355,135036463,135036464
ROUTE;Route de Bédarieux;DE BEDARIEUX;BEDARIEUX;25669829,25669830,25669832,25669833,30021068,38523917,38523918,138351014,288204088,288204089,288205271,288205272,366195606,409879190
ROUTE;Route de Béziers;DE BEZIERS;BEZIERS;38178049,73542472
ROUTE;Route de Corneilhan;DE CORNEILHAN;CORNEILHAN;38147697
ROUTE;Route de Maraussan;DE MARAUSSAN;MARAUSSAN;27707237,27707239,27707240,38053925,38176655,38176656,38176657,144125428,144125429
ROUTE;Route de Murviel;DE MURVIEL;MURVIEL;26366920
ROUTE;Route de Narbonne;DE NARBONNE;NARBONNE;8597652,25672026,38051642,92717789,92717873,92718032,121580607,158257148,181239038,181239041,215112492,217981362,222189123,222189124,222189125,241628406,247051747,328414211,329820578,329820579,329820580,329820581,329820582,329820583,358607763
ROUTE;Route de Pézenas;DE PEZENAS;PEZENAS;30436962,30436963,30437352,38053928,471977087,471977090,476134367
ROUTE;Route de Sérignan;DE SERIGNAN;SERIGNAN;38051648,38178045,38178046,38178047,38178048,38178050,38178051,38178052,38178053,38178057,97225199,97225204,244196248
RUE;Rue A. Marquet;A  MARQUET;MARQUET;38505462
RUE;Rue A. de Baif;A  DE BAIF;BAIF;38357114
RUE;Rue Abbé de l'Épée;ABBE DE L EPEE;EPEE;38230544
RUE;Rue Abraham Mazel;ABRAHAM MAZEL;MAZEL;38328378
RUE;Rue Abélard;ABELARD;ZOLA;38144968
RUE;Rue Adolphe Adam;ADOLPHE ADAM;ADAM;38236409
RUE;Rue Aguilar;AGUILAR;QUERIBUS;384546690
RUE;Rue Alain Bombard;ALAIN BOMBARD;BOMBARD;38249981
RUE;Rue Alain Colas;ALAIN COLAS;COLAS;38249701,38249703,435439479
RUE;Rue Alain Gerbault;ALAIN GERBAULT;GERBAULT;38242465
RUE;Rue Alain Lesage;ALAIN LESAGE;LESAGE;38493917
RUE;Rue Alba Véziers;ALBA VEZIERS;VEZIERS;38353702
RUE;Rue Albert Arnaud;ALBERT ARNAUD;ARNAUD;38321755
RUE;Rue Albert Camus;ALBERT CAMUS;CAMUS;38146913
RUE;Rue Albert Deport;ALBERT DEPORT;DEPORT;38237444,38237445,38237446,38237447,38237448
RUE;Rue Albert Einstein;ALBERT EINSTEIN;EINSTEIN;38230553
RUE;Rue Albert Gleizes;ALBERT GLEIZES;GLEIZES;38497021,410668257,410668258,410668259
RUE;Rue Albert Magnelli;ALBERT MAGNELLI;MAGNELLI;38502058,38502060,38502061,38504865
RUE;Rue Albert Marc;ALBERT MARC;MARC;38317610
RUE;Rue Albert Mouton;ALBERT MOUTON;MOUTON;38198700
RUE;Rue Albert Robert;ALBERT ROBERT;ROBERT;38493918
RUE;Rue Albert Roussel;ALBERT ROUSSEL;ROUSSEL;38328386
RUE;Rue Albert Schweitzer;ALBERT SCHWEITZER;SCHWEITZER;38506562
RUE;Rue Alexandre Cabanel;ALEXANDRE CABANEL;CABANEL;38144980
RUE;Rue Alfred Cortot;ALFRED CORTOT;CORTOT;38326309
RUE;Rue Alfred Manessier;ALFRED MANESSIER;MANESSIER;38504028,38504029
RUE;Rue Alfred Nobel;ALFRED NOBEL;NOBEL;38359759
RUE;Rue Alfred de Musset;ALFRED DE MUSSET;MUSSET;30437898,133535036
RUE;Rue Alfred de Vigny;ALFRED DE VIGNY;VIGNY;38095972
RUE;Rue Alphonse Beau de Rochas;ALPHONSE BEAU DE ROCHAS;ROCHAS;133146424
RUE;Rue Alphonse Daudet;ALPHONSE DAUDET;DAUDET;38144235,133541729
RUE;Rue Alphonse Lavallée;ALPHONSE LAVALLEE;LAVALLEE;38480582
RUE;Rue Amadeo Modigliani;AMADEO MODIGLIANI;MODIGLIANI;38502073
RUE;Rue Ambroise Thomas;AMBROISE THOMAS;THOMAS;38233550
RUE;Rue Amiral Courbet;AMIRAL COURBET;COURBET;38144994
RUE;Rue Ampère;AMPERE;BABILLOT;38146908
RUE;Rue Anatole France;ANATOLE FRANCE;FRANCE;38145863,38145864
RUE;Rue Anaïs Barthès;ANAIS BARTHES;BARTHES;38236400
RUE;Rue Andoque;ANDOQUE;PASCAL;38145877
RUE;Rue André Blondel;ANDRE BLONDEL;BLONDEL;38228668
RUE;Rue André Cadelard;ANDRE CADELARD;CADELARD;38143683
RUE;Rue André Chamson;ANDRE CHAMSON;CHAMSON;38493534
RUE;Rue André Chaussoug;ANDRE CHAUSSOUG;CHAUSSOUG;38321754
RUE;Rue André Chénier;ANDRE CHENIER;CHENIER;38144997,329820587
RUE;Rue André Combet;ANDRE COMBET;COMBET;38317611
RUE;Rue André Derain;ANDRE DERAIN;DERAIN;38505461
RUE;Rue André Gide;ANDRE GIDE;GIDE;38146905
RUE;Rue André Le Nôtre;ANDRE LE NOTRE;NOTRE;38139751
RUE;Rue André Lhote;ANDRE LHOTE;LHOTE;38504861
RUE;Rue André Navarro;ANDRE NAVARRO;NAVARRO;38486336
RUE;Rue André Nougaret;ANDRE NOUGARET;NOUGARET;38143639,479019722
RUE;Rue André Robert;ANDRE ROBERT;ROBERT;38360067,97674610
RUE;Rue André Salmon;ANDRE SALMON;SALMON;38477377
RUE;Rue André Tannières;ANDRE TANNIERES;TANNIERES;38326351
RUE;Rue Angélique Arnaud;ANGELIQUE ARNAUD;ARNAUD;38357911,38357912,38357913,38357915
RUE;Rue Anne Frank;ANNE FRANK;FRANK;38357821,38357822
RUE;Rue Antoine Bonnefous;ANTOINE BONNEFOUS;BONNEFOUS;38345539
RUE;Rue Antoine Fabre;ANTOINE FABRE;FABRE;38317391
RUE;Rue Antoine Miquel;ANTOINE MIQUEL;MIQUEL;38143679
RUE;Rue Antoine Moulin;ANTOINE MOULIN;MOULIN;38318755
RUE;Rue Antoine Palazy;ANTOINE PALAZY;PALAZY;38236396
RUE;Rue Antoine Picard;ANTOINE PICARD;PICARD;38241581
RUE;Rue Antonin Gros;ANTONIN GROS;GROS;38333444
RUE;Rue Antonin Maffre;ANTONIN MAFFRE;MAFFRE;38318764
RUE;Rue Antonin Soucaille;ANTONIN SOUCAILLE;SOUCAILLE;38231423
RUE;Rue Arago;ARAGO;ARCOLE;38144242
RUE;Rue Archimède;ARCHIMEDE;PASTEUR;38233564
RUE;Rue Argence;ARGENCE;EDWARD;38146901
RUE;Rue Aristide Maillol;ARISTIDE MAILLOL;MAILLOL;38504030
RUE;Rue Arnaud de Massy;ARNAUD DE MASSY;MASSY;38863998
RUE;Rue Arthur Honegger;ARTHUR HONEGGER;HONEGGER;38326332
RUE;Rue Arthur Ramade;ARTHUR RAMADE;RAMADE;38329977
RUE;Rue Aspirant Pidoux;ASPIRANT PIDOUX;PIDOUX;38317604,38317605
RUE;Rue Aubert;AUBERT;ARTS;38144991
RUE;Rue Auguste Blanqui;AUGUSTE BLANQUI;BLANQUI;38145477
RUE;Rue Auguste Comte;AUGUSTE COMTE;COMTE;38233559
RUE;Rue Auguste Fabrégat;AUGUSTE FABREGAT;FABREGAT;38139773,608402967
RUE;Rue Auguste Renoir;AUGUSTE RENOIR;RENOIR;38504027,133146078,329820595
RUE;Rue Auguste Rodin;AUGUSTE RODIN;RODIN;38241557
RUE;Rue Augustin Jean Fresnel;AUGUSTIN JEAN FRESNEL;FRESNEL;38524361
RUE;Rue Azalaïs de Portiragnes;AZALAIS DE PORTIRAGNES;PORTIRAGNES;38317891,38317892,38317893
RUE;Rue Bacchus;BACCHUS;CHAI;133454348
RUE;Rue Bagatelle;BAGATELLE;SAENS;30437915
RUE;Rue Balthazar Balthus;BALTHAZAR BALTHUS;BALTHUS;38502062
RUE;Rue Barbeyrac;BARBEYRAC;1ER;38144234
RUE;Rue Barbès;BARBES;POUDRIERE;38136941
RUE;Rue Barthès;BARTHES;POILUS;38136952
RUE;Rue Bayard;BAYARD;LISLE;38095980
RUE;Rue Beauregard;BEAUREGARD;RENAUDEL;38143685
RUE;Rue Beethoven;BEETHOVEN;CASALS;38326318
RUE;Rue Bellevue;BELLEVUE;MARTIN;38143682
RUE;Rue Bellonte;BELLONTE;BLERIOT;38236445
RUE;Rue Benjamin Constant;BENJAMIN CONSTANT;CONSTANT;38146894
RUE;Rue Benjamin Fabre;BENJAMIN FABRE;FABRE;38318769
RUE;Rue Benoît Malon;BENOIT MALON;MALON;38233586
RUE;Rue Berlioz;BERLIOZ;CHAMPS;38145468
RUE;Rue Bernard Délicieux;BERNARD DELICIEUX;DELICIEUX;409159851
RUE;Rue Bernard Moitessier;BERNARD MOITESSIER;MOITESSIER;38249983
RUE;Rue Bernard Palissy;BERNARD PALISSY;PALISSY;38324310
RUE;Rue Bernard Pourquier;BERNARD POURQUIER;POURQUIER;38138523
RUE;Rue Bernard d'Auriac;BERNARD D AURIAC;AURIAC;38317888
RUE;Rue Berthe Morisot;BERTHE MORISOT;MORISOT;38504858,38504859
RUE;Rue Bertin Bousquet;BERTIN BOUSQUET;BOUSQUET;38248151
RUE;Rue Bertrand;BERTRAND;LIBERTE;38144973
RUE;Rue Bertrand Marty;BERTRAND MARTY;MARTY;409159852
RUE;Rue Blaise Pascal;BLAISE PASCAL;PASCAL;38145875
RUE;Rue Boudard;BOUDARD;FABREGAT;38139774
RUE;Rue Bouillet;BOUILLET;FERRY;38231433
RUE;Rue Boïeldieu;BOIELDIEU;FLOURENS;30437922
RUE;Rue Brillat-Savarin;BRILLAT SAVARIN;SAVARIN;38231413
RUE;Rue Brocéliande;BROCELIANDE;SINGER;479053887
RUE;Rue Buffon;BUFFON;IENA;38146920
RUE;Rue Buhler;BUHLER;JALABERT;38231388
RUE;Rue Béatrix Marguerite;BEATRIX MARGUERITE;MARGUERITE;38318747
RUE;Rue Bédard;BEDARD;FABRE;38320851
RUE;Rue Cambon;CAMBON;FRERES;38144983
RUE;Rue Camille Desmoulins;CAMILLE DESMOULINS;DESMOULINS;38233587
RUE;Rue Camille Pissaro;CAMILLE PISSARO;PISSARO;38505456
RUE;Rue Canterelles;CANTERELLES;POILUS;38137434
RUE;Rue Capitaine de Bournazel;CAPITAINE DE BOURNAZEL;BOURNAZEL;38146921
RUE;Rue Carles;CARLES;HUC;435439480
RUE;Rue Carnot;CARNOT;IENA;38146918
RUE;Rue Casimir Péret;CASIMIR PERET;PERET;38143689
RUE;Rue Cassan;CASSAN;LABOR;38143659
RUE;Rue Castelbon de Beauxhostes;CASTELBON DE BEAUXHOSTES;BEAUXHOSTES;38196953
RUE;Rue Chaptal;CHAPTAL;RICHEPIN;38233584
RUE;Rue Charles Baudelaire;CHARLES BAUDELAIRE;BAUDELAIRE;38318759
RUE;Rue Charles Bonnet;CHARLES BONNET;BONNET;38324344
RUE;Rue Charles Bourseul;CHARLES BOURSEUL;BOURSEUL;38240607
RUE;Rue Charles Brennus;CHARLES BRENNUS;BRENNUS;38347068
RUE;Rue Charles Cabrolier;CHARLES CABROLIER;CABROLIER;38321763
RUE;Rue Charles Floquet;CHARLES FLOQUET;FLOQUET;38233589
RUE;Rue Charles Gounod;CHARLES GOUNOD;GOUNOD;38233552
RUE;Rue Charles Labor;CHARLES LABOR;LABOR;38143657
RUE;Rue Charles Lecoq;CHARLES LECOQ;LECOQ;38328381
RUE;Rue Charles Loubens;CHARLES LOUBENS;LOUBENS;38321797
RUE;Rue Charles Messager;CHARLES MESSAGER;MESSAGER;38328383
RUE;Rue Charles Nungesser;CHARLES NUNGESSER;NUNGESSER;38236450
RUE;Rue Charles Perrault;CHARLES PERRAULT;PERRAULT;38493919,38493920
RUE;Rue Charles Péguy;CHARLES PEGUY;PEGUY;38320847
RUE;Rue Charles Richet;CHARLES RICHET;RICHET;38228670
RUE;Rue Charles Texier;CHARLES TEXIER;TEXIER;38240611
RUE;Rue Charles Trenet;CHARLES TRENET;TRENET;409159853
RUE;Rue Charles Vergenne;CHARLES VERGENNE;VERGENNE;38328408
RUE;Rue Christophe Colomb;CHRISTOPHE COLOMB;COLOMB;38248139
RUE;Rue Claude Bernard;CLAUDE BERNARD;BERNARD;38230547,38230555,329980347
RUE;Rue Claude Brousson;CLAUDE BROUSSON;BROUSSON;38328379
RUE;Rue Claude Chappe;CLAUDE CHAPPE;CHAPPE;38240608,121296440
RUE;Rue Claude Farrère;CLAUDE FARRERE;FARRERE;38324324,38324342,38324343
RUE;Rue Claude Mazet;CLAUDE MAZET;MAZET;38478158
RUE;Rue Claude Nougaro;CLAUDE NOUGARO;NOUGARO;38477511
RUE;Rue Clément Ader;CLEMENT ADER;ADER;38236412
RUE;Rue Colbert;COLBERT;RICHEPIN;38233582
RUE;Rue Colette Besson;COLETTE BESSON;BESSON;462170355
RUE;Rue Colonel Rozanoff;COLONEL ROZANOFF;ROZANOFF;38236421
RUE;Rue Combes Antanin;COMBES ANTANIN;ANTANIN;38176658,38176659
RUE;Rue Commandant Farret;COMMANDANT FARRET;FARRET;38233585
RUE;Rue Commandant Raynal;COMMANDANT RAYNAL;RAYNAL;38317607
RUE;Rue Condorcet;CONDORCET;EDWARD;38146902,471983612,471983613
RUE;Rue Cordier;CORDIER;CHAT;38137453,629197957
RUE;Rue Corneille;CORNEILLE;ALMA;38145472
RUE;Rue Cornells Van Dongen;CORNELLS VAN DONGEN;DONGEN;38502063
RUE;Rue Cot;COT;CHATEAUDUN;38144978
RUE;Rue Cuvier;CUVIER;IENA;38146919
RUE;Rue César Franck;CESAR FRANCK;FRANCK;38326342,38326343,38326344
RUE;Rue Daniel Sorano;DANIEL SORANO;SORANO;38477375
RUE;Rue Dante;DANTE;BERTIN;38318746
RUE;Rue Danton;DANTON;NISSAN;38095967
RUE;Rue Darius Milhaud;DARIUS MILHAUD;MILHAUD;38326316,38326361
RUE;Rue Debés;DEBES;PASCAL;38145876
RUE;Rue Delacroix;DELACROIX;BLANQUI;38145479
RUE;Rue Denfert Rochereau;DENFERT ROCHEREAU;ROCHEREAU;38231391,666078810
RUE;Rue Dessalles;DESSALLES;CAGAROL;38240595
RUE;Rue Diderot;DIDEROT;SUCHON;38145869
RUE;Rue Dimitri Amilakvari;DIMITRI AMILAKVARI;AMILAKVARI;38486332
RUE;Rue Docteur Charcot;DOCTEUR CHARCOT;CHARCOT;38231429
RUE;Rue Docteur Roux;DOCTEUR ROUX;ROUX;38231428
RUE;Rue Docteur Senty;DOCTEUR SENTY;SENTY;38321768
RUE;Rue Docteur Vernhes;DOCTEUR VERNHES;VERNHES;38139781
RUE;Rue Dragonneau;DRAGONNEAU;ALMA;38145474
RUE;Rue Duchartre;DUCHARTRE;ORVES;38096035
RUE;Rue Dujol;DUJOL;NISSAN;38095968
RUE;Rue Dumont d'Urville;DUMONT D URVILLE;URVILLE;38324320
RUE;Rue Dyonisos;DYONISOS;PLANTIER;135036560
RUE;Rue E. Cohl;E  COHL;COHL;38497004
RUE;Rue Edgar Degas;EDGAR DEGAS;DEGAS;38504862
RUE;Rue Edgar Quinet;EDGAR QUINET;QUINET;38144984
RUE;Rue Edmond About;EDMOND ABOUT;ABOUT;38318756
RUE;Rue Edmond Audran;EDMOND AUDRAN;AUDRAN;38236408
RUE;Rue Edmond Frémy;EDMOND FREMY;FREMY;38228507
RUE;Rue Edmond Michelet;EDMOND MICHELET;MICHELET;38486335
RUE;Rue Edward Jenner;EDWARD JENNER;JENNER;38353733
RUE;Rue Emmanuel Chabrier;EMMANUEL CHABRIER;CHABRIER;38328377
RUE;Rue Emmanuel Gambadella;EMMANUEL GAMBADELLA;GAMBADELLA;38345136
RUE;Rue Erik Satie;ERIK SATIE;SATIE;38326341
RUE;Rue Ermengaud;ERMENGAUD;COURTE;38144220
RUE;Rue Ernest Renan;ERNEST RENAN;RENAN;38233556
RUE;Rue Esclarmonde de Foix;ESCLARMONDE DE FOIX;FOIX;409159854
RUE;Rue Espic de Lirou;ESPIC DE LIROU;LIROU;38236404
RUE;Rue Etienne Forcadel;ETIENNE FORCADEL;FORCADEL;435439481
RUE;Rue Eugène Coulon;EUGENE COULON;COULON;38345542,38345543
RUE;Rue Eugène Cros;EUGENE CROS;CROS;38146895
RUE;Rue Eugène Gilbert;EUGENE GILBERT;GILBERT;38236452,38236453
RUE;Rue Eugène Jamot;EUGENE JAMOT;JAMOT;38506560
RUE;Rue Eugène Sue;EUGENE SUE;SUE;38139792
RUE;Rue Fabre d'Églantine;FABRE D EGLANTINE;EGLANTINE;38323441,38323442
RUE;Rue Federico Garcia Lorca;FEDERICO GARCIA LORCA;LORCA;38357814
RUE;Rue Ferdinand Fabre;FERDINAND FABRE;FABRE;38144998
RUE;Rue Ferdinand Hérold;FERDINAND HEROLD;HEROLD;38233551
RUE;Rue Ferdinand de Lesseps;FERDINAND DE LESSEPS;LESSEPS;38321075
RUE;Rue Fernand Arvieu;FERNAND ARVIEU;ARVIEU;477880698
RUE;Rue Fernand Foureau;FERNAND FOUREAU;FOUREAU;38241552
RUE;Rue Fernand Magellan;FERNAND MAGELLAN;MAGELLAN;38248142
RUE;Rue Fernand Taillefer;FERNAND TAILLEFER;TAILLEFER;477880697
RUE;Rue Ferracci;FERRACCI;HOLBACH;38231395
RUE;Rue Flandres-Dunkerque 1940;FLANDRES DUNKERQUE 1940;1940;38347085,38347086
RUE;Rue Floréal;FLOREAL;MARRONNIERS;38236419
RUE;Rue Fortuné Puel;FORTUNE PUEL;PUEL;38231390
RUE;Rue Fourrier;FOURRIER;BLANQUI;38145478
RUE;Rue Fr. Samson;FR  SAMSON;SAMSON;38326348
RUE;Rue Francis Bacon;FRANCIS BACON;BACON;38502052
RUE;Rue Francis Crick;FRANCIS CRICK;CRICK;133146079
RUE;Rue Francis Garnier;FRANCIS GARNIER;GARNIER;38324321
RUE;Rue Francisque Sarcey;FRANCISQUE SARCEY;SARCEY;38320845,593941348,593941349
RUE;Rue Franklin;FRANKLIN;BABILLOT;38146909
RUE;Rue Française;FRANCAISE;LOUP;38140598,435439482
RUE;Rue François Bazin;FRANCOIS BAZIN;BAZIN;38236407
RUE;Rue François Béziat;FRANCOIS BEZIAT;BEZIAT;38248146
RUE;Rue François Coli;FRANCOIS COLI;COLI;38236451
RUE;Rue François Coppée;FRANCOIS COPPEE;COPPEE;38318760
RUE;Rue François Feynes;FRANCOIS FEYNES;FEYNES;38233575
RUE;Rue François Truffaut;FRANCOIS TRUFFAUT;TRUFFAUT;38179993,244194004
RUE;Rue François Vivent;FRANCOIS VIVENT;VIVENT;38328421
RUE;Rue Frederik De Klerk;FREDERIK DE KLERK;KLERK;38663389,573503407,573503411,573503414
RUE;Rue Frédéric Bazille;FREDERIC BAZILLE;BAZILLE;38502057
RUE;Rue Frédéric Bérard;FREDERIC BERARD;BERARD;38230545,329980348
RUE;Rue Frédéric Chopin;FREDERIC CHOPIN;CHOPIN;38328412
RUE;Rue Frédéric Donnadieu;FREDERIC DONNADIEU;DONNADIEU;38318771
RUE;Rue Frédéric Mistral;FREDERIC MISTRAL;MISTRAL;133541735
RUE;Rue Félix Cambon;FELIX CAMBON;CAMBON;38241570
RUE;Rue Félix Nadar;FELIX NADAR;NADAR;133146425
RUE;Rue Fénelon;FENELON;MARRONNIERS;38236418
RUE;Rue G. Moreau;G  MOREAU;MOREAU;38505458
RUE;Rue G. Van Parys;G  VAN PARYS;PARYS;38326340
RUE;Rue Gabriel Bonvalot;GABRIEL BONVALOT;BONVALOT;38324348
RUE;Rue Gabriel Fauré;GABRIEL FAURE;FAURE;38236399
RUE;Rue Gargailhan;GARGAILHAN;CASTORS;38237065
RUE;Rue Gaston Baissette;GASTON BAISSETTE;BAISSETTE;38344660
RUE;Rue Gaston Planté;GASTON PLANTE;PLANTE;38493528
RUE;Rue Gaveau;GAVEAU;CASERNES;38136935
RUE;Rue Gayon;GAYON;APHRODISE;38144216
RUE;Rue George Sand;GEORGE SAND;SAND;38138543,121272878
RUE;Rue Georges Auric;GEORGES AURIC;AURIC;38326321,38326363
RUE;Rue Georges Bayrou;GEORGES BAYROU;BAYROU;147622162
RUE;Rue Georges Bizet;GEORGES BIZET;BIZET;38236401
RUE;Rue Georges Braque;GEORGES BRAQUE;BRAQUE;38505671
RUE;Rue Georges Guynemer;GEORGES GUYNEMER;GUYNEMER;38236442
RUE;Rue Georges Mandel;GEORGES MANDEL;MANDEL;38145865
RUE;Rue Georges Méliès;GEORGES MELIES;MELIES;38497002,38497005
RUE;Rue Georges Picot;GEORGES PICOT;PICOT;38318767
RUE;Rue Georges Rouault;GEORGES ROUAULT;ROUAULT;38505817
RUE;Rue Georges Seurat;GEORGES SEURAT;SEURAT;38324328,38324329,38324333,38504860
RUE;Rue Gerry du Roufs;GERRY DU ROUFS;ROUFS;38249977,38249978
RUE;Rue Gibaudan;GIBAUDAN;BISCAYE;38321767
RUE;Rue Gilbert Bécaud;GILBERT BECAUD;BECAUD;409159855
RUE;Rue Gilbert Coscoll;GILBERT COSCOLL;COSCOLL;38345547,38345548
RUE;Rue Giolio Matteoti;GIOLIO MATTEOTI;MATTEOTI;38357838,38357839
RUE;Rue Giuseppe Verdi;GIUSEPPE VERDI;VERDI;38196952,329820596
RUE;Rue Gratiolet;GRATIOLET;EDWARD;38146903,471983614
RUE;Rue Guibal;GUIBAL;COQUILLE;38140606,608394311
RUE;Rue Guilhemon;GUILHEMON;SAENS;30437917
RUE;Rue Guillaume Augier;GUILLAUME AUGIER;AUGIER;38317894
RUE;Rue Guillaume Belibaste;GUILLAUME BELIBASTE;BELIBASTE;479053895
RUE;Rue Guillaume Dupuytren;GUILLAUME DUPUYTREN;DUPUYTREN;38230546
RUE;Rue Guiraud Riquier;GUIRAUD RIQUIER;RIQUIER;38317890
RUE;Rue Gustave Eiffel;GUSTAVE EIFFEL;EIFFEL;38491657,38491658
RUE;Rue Guy Boniface;GUY BONIFACE;BONIFACE;38353704,38353705
RUE;Rue Guy Galibert;GUY GALIBERT;GALIBERT;38236433
RUE;Rue Général Brosset;GENERAL BROSSET;BROSSET;38237073
RUE;Rue Général Chanzy;GENERAL CHANZY;CHANZY;121268203
RUE;Rue Général Crouzat;GENERAL CROUZAT;CROUZAT;38139779
RUE;Rue Général Duval;GENERAL DUVAL;DUVAL;38317606
RUE;Rue Général Marguerite;GENERAL MARGUERITE;MARGUERITE;38138542,121279721
RUE;Rue Général Miquel;GENERAL MIQUEL;MIQUEL;38139756,629197961
RUE;Rue Général Pailhès;GENERAL PAILHES;PAILHES;38139780
RUE;Rue Général Thomières;GENERAL THOMIERES;THOMIERES;38318748
RUE;Rue Gérard Philipe;GERARD PHILIPE;PHILIPE;38477510
RUE;Rue H. Combet;H  COMBET;COMBET;38236398
RUE;Rue Halévy;HALEVY;ARTS;38144990
RUE;Rue Harry Mitchell;HARRY MITCHELL;MITCHELL;38249704
RUE;Rue Henri Barbusse;HENRI BARBUSSE;BARBUSSE;38333440
RUE;Rue Henri Becquerel;HENRI BECQUEREL;BECQUEREL;38493508
RUE;Rue Henri Bergson;HENRI BERGSON;BERGSON;38237068,38237070
RUE;Rue Henri Brisson;HENRI BRISSON;BRISSON;38231412,409159856
RUE;Rue Henri Deslandres;HENRI DESLANDRES;DESLANDRES;38237441
RUE;Rue Henri Dunant;HENRI DUNANT;DUNANT;38231425,38231426
RUE;Rue Henri Farman;HENRI FARMAN;FARMAN;38236431
RUE;Rue Henri Guillaumet;HENRI GUILLAUMET;GUILLAUMET;38236420
RUE;Rue Henri Martin;HENRI MARTIN;MARTIN;38145882
RUE;Rue Henri Massat;HENRI MASSAT;MASSAT;38248148
RUE;Rue Henri Matisse;HENRI MATISSE;MATISSE;38505998
RUE;Rue Henri Mestre;HENRI MESTRE;MESTRE;38198699
RUE;Rue Henri Moissan;HENRI MOISSAN;MOISSAN;38228672
RUE;Rue Henri Pégoud;HENRI PEGOUD;PEGOUD;38236432,329820597,329820598
RUE;Rue Henri de France;HENRI DE FRANCE;FRANCE;38493532
RUE;Rue Henri de Toulouse-Lautrec;HENRI DE TOULOUSE LAUTREC;LAUTREC;38505214,38505215
RUE;Rue Henry Bordeaux;HENRY BORDEAUX;BORDEAUX;38318752
RUE;Rue Hoche;HOCHE;ALMA;38145471
RUE;Rue Honoré Daumier;HONORE DAUMIER;DAUMIER;38318762,479019732
RUE;Rue Honoré de Balzac;HONORE DE BALZAC;BALZAC;38324313
RUE;Rue Ignace Brunel;IGNACE BRUNEL;BRUNEL;38139795,38139797
RUE;Rue Isaac Singer;ISAAC SINGER;SINGER;479053885
RUE;Rue J. Richepin;J  RICHEPIN;RICHEPIN;38233581
RUE;Rue J.B. Lulli;J B  LULLI;LULLI;38236403
RUE;Rue Jacques Balmat;JACQUES BALMAT;BALMAT;38353720
RUE;Rue Jacques Brel;JACQUES BREL;BREL;38149526,38149527,38149528,38240600
RUE;Rue Jacques Copeau;JACQUES COPEAU;COPEAU;319141090
RUE;Rue Jacques Esprit;JACQUES ESPRIT;ESPRIT;38324325
RUE;Rue Jacques Ferréol Mazas;JACQUES FERREOL MAZAS;MAZAS;38236411
RUE;Rue Jacques Garrigues;JACQUES GARRIGUES;GARRIGUES;38196982
RUE;Rue Jacques Lazerne;JACQUES LAZERNE;LAZERNE;38324346
RUE;Rue Jacques Offenbach;JACQUES OFFENBACH;OFFENBACH;38326345
RUE;Rue Jacques Prévert;JACQUES PREVERT;PREVERT;38333451
RUE;Rue Jacques Renouvin;JACQUES RENOUVIN;RENOUVIN;38317609
RUE;Rue Jacques et Gabriel Azais;JACQUES ET GABRIEL AZAIS;AZAIS;593941345
RUE;Rue Jacques et Gabriel Azaïs;JACQUES ET GABRIEL AZAIS;AZAIS;38318774
RUE;Rue Jean Aicard;JEAN AICARD;AICARD;38318763
RUE;Rue Jean Alicot;JEAN ALICOT;ALICOT;38139810
RUE;Rue Jean Baptiste Carpeaux;JEAN BAPTISTE CARPEAUX;CARPEAUX;38324308
RUE;Rue Jean Baptiste Lebas;JEAN BAPTISTE LEBAS;LEBAS;38317882
RUE;Rue Jean Baptiste Perrin;JEAN BAPTISTE PERRIN;PERRIN;38228671
RUE;Rue Jean Bart;JEAN BART;BART;38324314
RUE;Rue Jean Bonicel;JEAN BONICEL;BONICEL;38241560
RUE;Rue Jean Boudou;JEAN BOUDOU;BOUDOU;38344664
RUE;Rue Jean Cés;JEAN CES;CES;38345540
RUE;Rue Jean Despeaux;JEAN DESPEAUX;DESPEAUX;477877712
RUE;Rue Jean Dorat;JEAN DORAT;DORAT;38347445
RUE;Rue Jean Estève;JEAN ESTEVE;ESTEVE;38137459,629197966
RUE;Rue Jean Falandry;JEAN FALANDRY;FALANDRY;38486351
RUE;Rue Jean Fautrier;JEAN FAUTRIER;FAUTRIER;38502051
RUE;Rue Jean François Cros;JEAN FRANCOIS CROS;CROS;38504875,38504878
RUE;Rue Jean François Millet;JEAN FRANCOIS MILLET;MILLET;38504879,38504880,38504881,38504883
RUE;Rue Jean Gabriel Domergue;JEAN GABRIEL DOMERGUE;DOMERGUE;38505457
RUE;Rue Jean Gassiat;JEAN GASSIAT;GASSIAT;38863999,38864000
RUE;Rue Jean Giraudoux;JEAN GIRAUDOUX;GIRAUDOUX;38493912,318726130
RUE;Rue Jean Jacques Franco;JEAN JACQUES FRANCO;FRANCO;38353713,38353714,38353715
RUE;Rue Jean Ladoux;JEAN LADOUX;LADOUX;38321079,38321764,479019727,479019729
RUE;Rue Jean Laurès;JEAN LAURES;LAURES;38318772
RUE;Rue Jean Louis Forain;JEAN LOUIS FORAIN;FORAIN;38241562
RUE;Rue Jean Marie Vinas;JEAN MARIE VINAS;VINAS;593941346
RUE;Rue Jean Melet;JEAN MELET;MELET;38230550
RUE;Rue Jean Mermoz;JEAN MERMOZ;MERMOZ;38236446
RUE;Rue Jean Michel Capendeguy;JEAN MICHEL CAPENDEGUY;CAPENDEGUY;38353728
RUE;Rue Jean Nussy;JEAN NUSSY;NUSSY;38317889
RUE;Rue Jean Pallach;JEAN PALLACH;PALLACH;38357815
RUE;Rue Jean Rostand;JEAN ROSTAND;ROSTAND;38237439
RUE;Rue Jean Saucet;JEAN SAUCET;SAUCET;38181149
RUE;Rue Jean Soulairol;JEAN SOULAIROL;SOULAIROL;38241559
RUE;Rue Jean Sébastien Bach;JEAN SEBASTIEN BACH;BACH;38326346
RUE;Rue Jean Valette;JEAN VALETTE;VALETTE;38234084,329820600
RUE;Rue Jean Victor Poncelet;JEAN VICTOR PONCELET;PONCELET;38491659,38491660
RUE;Rue Jean de Label;JEAN DE LABEL;LABEL;38502069
RUE;Rue Jean-Baptiste Perdraut;JEAN BAPTISTE PERDRAUT;PERDRAUT;38143640,82220491
RUE;Rue Jean-François Remesy;JEAN FRANCOIS REMESY;REMESY;38863995,38863996
RUE;Rue Jean-Jacques Rousseau;JEAN JACQUES ROUSSEAU;ROUSSEAU;38136938
RUE;Rue Joachim du Bellay;JOACHIM DU BELLAY;BELLAY;38357116
RUE;Rue Joseph Agricol Viala;JOSEPH AGRICOL VIALA;VIALA;38147698,38147699
RUE;Rue Joseph Bara;JOSEPH BARA;BARA;38149521,38149522
RUE;Rue Joseph Delteil;JOSEPH DELTEIL;DELTEIL;38344659
RUE;Rue Joseph Fabre;JOSEPH FABRE;FABRE;38320850
RUE;Rue Joseph Roumanille;JOSEPH ROUMANILLE;ROUMANILLE;38321756
RUE;Rue Joseph Salvat;JOSEPH SALVAT;SALVAT;38344685
RUE;Rue Joseph Vallot;JOSEPH VALLOT;VALLOT;38242466
RUE;Rue Jospeh Marie Jacquard;JOSPEH MARIE JACQUARD;JACQUARD;38524368
RUE;Rue Joséphine Baker;JOSEPHINE BAKER;BAKER;276672564
RUE;Rue Jules Dalou;JULES DALOU;DALOU;38241563
RUE;Rue Jules Ferry;JULES FERRY;FERRY;38231432
RUE;Rue Jules Guesde;JULES GUESDE;GUESDE;38231417
RUE;Rue Jules Peloue;JULES PELOUE;PELOUE;38493511
RUE;Rue Jules Raimu;JULES RAIMU;RAIMU;38478167,38478170
RUE;Rue Jules Verne;JULES VERNE;VERNE;38233577
RUE;Rue Jules Védrines;JULES VEDRINES;VEDRINES;38236443,38236448
RUE;Rue Julien Imbert;JULIEN IMBERT;IMBERT;38248874
RUE;Rue Junior Sans;JUNIOR SANS;SANS;38318770
RUE;Rue Kléber;KLEBER;ARCOLE;38144241
RUE;Rue L. Pergaud;L  PERGAUD;PERGAUD;38493923
RUE;Rue Lafontaine;LAFONTAINE;LIBERTE;38144971
RUE;Rue Lamarck;LAMARCK;BABILLOT;38146911,38146912
RUE;Rue Lamartine;LAMARTINE;CHATEAUDUN;38144979
RUE;Rue Laurens Ravanel;LAURENS RAVANEL;RAVANEL;92717832,92717928,152612730,152613152,152613276,152613748,165326993,165327059
RUE;Rue Lavoisier;LAVOISIER;GIDE;38146906
RUE;Rue Leconte de Lisle;LECONTE DE LISLE;LISLE;38095976
RUE;Rue Ledru-Rollin;LEDRU ROLLIN;ROLLIN;38095957
RUE;Rue Lignon;LIGNON;TUILERIES;38144996
RUE;Rue Linné;LINNE;CHAPPE;38240609
RUE;Rue Lino Ventura;LINO VENTURA;VENTURA;38178909,38178911
RUE;Rue Lo Perdigal;LO PERDIGAL;PERDIGAL;38329979
RUE;Rue Longuelannes;LONGUELANNES;CASERNES;38138538
RUE;Rue Louis Armand;LOUIS ARMAND;ARMAND;38478140
RUE;Rue Louis Bausset;LOUIS BAUSSET;BAUSSET;38324345
RUE;Rue Louis Baïsse;LOUIS BAISSE;BAISSE;38248153
RUE;Rue Louis Bertillon;LOUIS BERTILLON;BERTILLON;38230548
RUE;Rue Louis Blanc;LOUIS BLANC;BLANC;38145878
RUE;Rue Louis Blériot;LOUIS BLERIOT;BLERIOT;38236444,329820604
RUE;Rue Louis Bouchet;LOUIS BOUCHET;BOUCHET;38480600
RUE;Rue Louis Bréguet;LOUIS BREGUET;BREGUET;38493519
RUE;Rue Louis Carayon;LOUIS CARAYON;CARAYON;38236437
RUE;Rue Louis Caux;LOUIS CAUX;CAUX;38493516
RUE;Rue Louis Chevalier;LOUIS CHEVALIER;CHEVALIER;38328388
RUE;Rue Louis Domairon;LOUIS DOMAIRON;DOMAIRON;38143669
RUE;Rue Louis Fournol;LOUIS FOURNOL;FOURNOL;38067812
RUE;Rue Louis Joseph Gay Lussac;LOUIS JOSEPH GAY LUSSAC;LUSSAC;38486653,38486655,38486656,38486657,38486660
RUE;Rue Louis Jouvet;LOUIS JOUVET;JOUVET;38478166,38478169
RUE;Rue Louis Laffère;LOUIS LAFFERE;LAFFERE;38231422
RUE;Rue Louis Malbosc;LOUIS MALBOSC;MALBOSC;38317603,92718028
RUE;Rue Louis Pasteur;LOUIS PASTEUR;PASTEUR;38233562
RUE;Rue Louis Paulhan;LOUIS PAULHAN;PAULHAN;38236438
RUE;Rue Louis Rouquier;LOUIS ROUQUIER;ROUQUIER;38321759
RUE;Rue Louis Serre;LOUIS SERRE;SERRE;38486333,38486334
RUE;Rue Loïc Caradec;LOIC CARADEC;CARADEC;38249980
RUE;Rue Ludovic Lazare Zamenhof;LUDOVIC LAZARE ZAMENHOF;ZAMENHOF;38326319
RUE;Rue Luois Poul;LUOIS POUL;POUL;38324317
RUE;Rue Léo Délibes;LEO DELIBES;DELIBES;38326310
RUE;Rue Léo Valentin;LEO VALENTIN;VALENTIN;38236423
RUE;Rue Léon Baylet;LEON BAYLET;BAYLET;38144237
RUE;Rue Léon Bourgeois;LEON BOURGEOIS;BOURGEOIS;38507022
RUE;Rue Léopold Dauphin;LEOPOLD DAUPHIN;DAUPHIN;38143667
RUE;Rue Léopold Vabre;LEOPOLD VABRE;VABRE;38241577,38241578
RUE;Rue Madeleine Roch;MADELEINE ROCH;ROCH;38236405
RUE;Rue Mairan;MAIRAN;LAVABRE;38140604
RUE;Rue Malapague;MALAPAGUE;CHAUDRONNIERS;38139763
RUE;Rue Malbec;MALBEC;COURTE;38144219
RUE;Rue Marc Albert;MARC ALBERT;ALBERT;38321760
RUE;Rue Marc Chagall;MARC CHAGALL;CHAGALL;38505450
RUE;Rue Marc Tressol;MARC TRESSOL;TRESSOL;38477372
RUE;Rue Marceau;MARCEAU;BOURNAZEL;38146922
RUE;Rue Marcel Bardiaux;MARCEL BARDIAUX;BARDIAUX;38249982
RUE;Rue Marcel Biscaye;MARCEL BISCAYE;BISCAYE;38321766
RUE;Rue Marcel Carné;MARCEL CARNE;CARNE;38178906
RUE;Rue Marcel Doret;MARCEL DORET;DORET;38236422
RUE;Rue Marcel Jalade;MARCEL JALADE;JALADE;38241573
RUE;Rue Marcel Maury;MARCEL MAURY;MAURY;38198711
RUE;Rue Marcel Pagnol;MARCEL PAGNOL;PAGNOL;38493921,38493922,348211525,348211526
RUE;Rue Marcel Proust;MARCEL PROUST;PROUST;38493914
RUE;Rue Marcel Prévost;MARCEL PREVOST;PREVOST;38318761
RUE;Rue Marcel Sembat;MARCEL SEMBAT;SEMBAT;38231419
RUE;Rue Marcellin Berthelot;MARCELLIN BERTHELOT;BERTHELOT;38149525,272496770,329820606,329820609
RUE;Rue Marguerite Long;MARGUERITE LONG;LONG;38326311
RUE;Rue Marie Durand;MARIE DURAND;DURAND;38328409
RUE;Rue Marie-Agnès Péron;MARIE AGNES PERON;PERON;38249707
RUE;Rue Martin Luther-King;MARTIN LUTHER KING;KING;38228665
RUE;Rue Maryse Bastié;MARYSE BASTIE;BASTIE;38236425
RUE;Rue Maréchal Galliéni;MARECHAL GALLIENI;GALLIENI;38317887
RUE;Rue Massenet;MASSENET;QUINET;38144987
RUE;Rue Massol;MASSOL;CHAUDRONNIERS;38139762
RUE;Rue Maurice Béjart;MAURICE BEJART;BEJART;133465711
RUE;Rue Maurice Lautier;MAURICE LAUTIER;LAUTIER;38197912
RUE;Rue Maurice Noguès;MAURICE NOGUES;NOGUES;38236413
RUE;Rue Maurice Ros;MAURICE ROS;ROS;38236439
RUE;Rue Maurice Utrillo;MAURICE UTRILLO;UTRILLO;38504866,38504869
RUE;Rue Maurice de Vlaminck;MAURICE DE VLAMINCK;VLAMINCK;38505818
RUE;Rue Max Jacob;MAX JACOB;JACOB;38486350,135018357
RUE;Rue Maximillien de Sully;MAXIMILLIEN DE SULLY;SULLY;38233774,38233775
RUE;Rue Mazagran;MAZAGRAN;ARGENTERIE;38137448
RUE;Rue Maître Gervais;MAITRE GERVAIS;GERVAIS;38139777
RUE;Rue Mercoran;MERCORAN;BLANC;38145879
RUE;Rue Meyerbeer;MEYERBEER;QUINET;38144985
RUE;Rue Michaël Faraday;MICHAEL FARADAY;FARADAY;38493512,38493514,660715319
RUE;Rue Michel Colucci;MICHEL COLUCCI;COLUCCI;38237909,38477184
RUE;Rue Michel de Lambert;MICHEL DE LAMBERT;LAMBERT;38317885,38317886
RUE;Rue Michelet;MICHELET;BERT;38233558
RUE;Rue Micheline Ostermeyer;MICHELINE OSTERMEYER;OSTERMEYER;319141102
RUE;Rue Milne Edward;MILNE EDWARD;EDWARD;38146900,471983611
RUE;Rue Mirabeau;MIRABEAU;BLANC;38145880
RUE;Rue Mohandas Karamchand Gandhi;MOHANDAS KARAMCHAND GANDHI;GANDHI;38329981,38329982,38329983,38329984
RUE;Rue Molière;MOLIERE;CHATEAUDUN;38144976
RUE;Rue Monge;MONGE;ANGERS;38145872,82220493
RUE;Rue Montibel;MONTIBEL;SIMONIENS;38140616
RUE;Rue Montmorency;MONTMORENCY;SEPTEMBRE;38140592
RUE;Rue Mozart;MOZART;BACH;38326347
RUE;Rue Muratel;MURATEL;HORTET;38095964
RUE;Rue Nicolas Copernic;NICOLAS COPERNIC;COPERNIC;38233574
RUE;Rue Nicolas Joseph Cugnot;NICOLAS JOSEPH CUGNOT;CUGNOT;38524362
RUE;Rue Nicolas Poussin;NICOLAS POUSSIN;POUSSIN;38504872
RUE;Rue Nicéphore Niepce;NICEPHORE NIEPCE;NIEPCE;38493520,38493521
RUE;Rue Nigel Burgess;NIGEL BURGESS;BURGESS;38249698
RUE;Rue Noël Forestier;NOEL FORESTIER;FORESTIER;38198709
RUE;Rue Noël Sylvestre;NOEL SYLVESTRE;SYLVESTRE;38146896
RUE;Rue Octave Mirbeau;OCTAVE MIRBEAU;MIRBEAU;38320848
RUE;Rue Olivier Vatinet;OLIVIER VATINET;VATINET;38249705
RUE;Rue Orane Demazis;ORANE DEMAZIS;DEMAZIS;38478168
RUE;Rue P.J. Béranger;P J  BERANGER;BERANGER;38139799
RUE;Rue PAsteur Niemoller;PASTEUR NIEMOLLER;NIEMOLLER;38357835,38357836,38357837
RUE;Rue Pablo Casals;PABLO CASALS;CASALS;38326317,38326362
RUE;Rue Pablo Picasso;PABLO PICASSO;PICASSO;38505452
RUE;Rue Parmentier;PARMENTIER;BABILLOT;38146910
RUE;Rue Paul Alary;PAUL ALARY;ALARY;38328413
RUE;Rue Paul Bert;PAUL BERT;BERT;38233557
RUE;Rue Paul Bourget;PAUL BOURGET;BOURGET;318727025
RUE;Rue Paul Chalon;PAUL CHALON;CHALON;38139785
RUE;Rue Paul Chavez;PAUL CHAVEZ;CHAVEZ;38236454
RUE;Rue Paul Codos;PAUL CODOS;CODOS;38236441
RUE;Rue Paul Cézanne;PAUL CEZANNE;CEZANNE;38505455
RUE;Rue Paul Dardé;PAUL DARDE;DARDE;38067108,92717906,181239042
RUE;Rue Paul Fougassier;PAUL FOUGASSIER;FOUGASSIER;38317880
RUE;Rue Paul Gauguin;PAUL GAUGUIN;GAUGUIN;38505819
RUE;Rue Paul Héroult;PAUL HEROULT;HEROULT;38228669,134634202
RUE;Rue Paul Langevin;PAUL LANGEVIN;LANGEVIN;38228664
RUE;Rue Paul Noguier;PAUL NOGUIER;NOGUIER;38324312
RUE;Rue Paul Painlevé;PAUL PAINLEVE;PAINLEVE;38230554
RUE;Rue Paul Paray;PAUL PARAY;PARAY;38359580
RUE;Rue Paul Pélisson;PAUL PELISSON;PELISSON;38140589
RUE;Rue Paul Riquet;PAUL RIQUET;RIQUET;38139786,38143666,254243149,619211457
RUE;Rue Paul Roca;PAUL ROCA;ROCA;38345541
RUE;Rue Paul Sabatier;PAUL SABATIER;SABATIER;38493527
RUE;Rue Paul Signac;PAUL SIGNAC;SIGNAC;38505212
RUE;Rue Paul Séjourné;PAUL SEJOURNE;SEJOURNE;38493507
RUE;Rue Paul Valéry;PAUL VALERY;VALERY;38146914
RUE;Rue Paul Vatine;PAUL VATINE;VATINE;38249696,38249697
RUE;Rue Paul Éluard;PAUL ELUARD;ELUARD;38328449
RUE;Rue Paule Tiffy;PAULE TIFFY;TIFFY;38359582
RUE;Rue Pentecôte;PENTECOTE;ROTONDE;38095971
RUE;Rue Philippe Graber;PHILIPPE GRABER;GRABER;38249979
RUE;Rue Philippe Lebon;PHILIPPE LEBON;LEBON;38233579
RUE;Rue Pierre Astrie;PIERRE ASTRIE;ASTRIE;38197916
RUE;Rue Pierre Augustin Caron de Beaumarchais;PIERRE AUGUSTIN CARON DE BEAUMARCHAIS;BEAUMARCHAIS;38320849
RUE;Rue Pierre Bertin;PIERRE BERTIN;BERTIN;38318745
RUE;Rue Pierre Bonnard;PIERRE BONNARD;BONNARD;38505213
RUE;Rue Pierre Brossolette;PIERRE BROSSOLETTE;BROSSOLETTE;38317608
RUE;Rue Pierre Claris;PIERRE CLARIS;CLARIS;38328419,38328420
RUE;Rue Pierre Cros;PIERRE CROS;CROS;38198712
RUE;Rue Pierre Curie;PIERRE CURIE;CURIE;38240598
RUE;Rue Pierre Durand;PIERRE DURAND;DURAND;38328411
RUE;Rue Pierre Flourens;PIERRE FLOURENS;FLOURENS;30437921
RUE;Rue Pierre Fresnay;PIERRE FRESNAY;FRESNAY;38478165
RUE;Rue Pierre Jalabert;PIERRE JALABERT;JALABERT;38241599
RUE;Rue Pierre Loti;PIERRE LOTI;LOTI;38146888,38146889
RUE;Rue Pierre Marivaux;PIERRE MARIVAUX;MARIVAUX;38320852
RUE;Rue Pierre Puget;PIERRE PUGET;PUGET;38178897,38178900,38178901,181239043
RUE;Rue Pierre Renaudel;PIERRE RENAUDEL;RENAUDEL;38143684
RUE;Rue Pierre Simon de Laplace;PIERRE SIMON DE LAPLACE;LAPLACE;38524363
RUE;Rue Pierre Séguier;PIERRE SEGUIER;SEGUIER;38324316
RUE;Rue Pierre Villon;PIERRE VILLON;VILLON;38196074,38196075,38196076,38237460,38237461,38237462
RUE;Rue Planchon;PLANCHON;EDWARD;38146904,471983610
RUE;Rue Pontus de Thiard;PONTUS DE THIARD;THIARD;38357120
RUE;Rue Porte Olivier;PORTE OLIVIER;OLIVIER;173639337,619211455,619211461,619211462
RUE;Rue Professeur Calmettes;PROFESSEUR CALMETTES;CALMETTES;38231427
RUE;Rue Père Gabriel Bouys;PERE GABRIEL BOUYS;BOUYS;577786180
RUE;Rue Pépézut;PEPEZUT;JAURES;608402969
RUE;Rue Quentin de Latour;QUENTIN DE LATOUR;LATOUR;38504032,38504033
RUE;Rue Quérigut;QUERIGUT;MONTAILLOU;180852990
RUE;Rue Racine;RACINE;ALMA;38145473
RUE;Rue Raoul Bayou;RAOUL BAYOU;BAYOU;38477187
RUE;Rue Raoul Cajas;RAOUL CAJAS;CAJAS;38333447
RUE;Rue Raoul Dautry;RAOUL DAUTRY;DAUTRY;38478141,38478142
RUE;Rue Raoul Dufy;RAOUL DUFY;DUFY;38505672
RUE;Rue Raoul Follereau;RAOUL FOLLEREAU;FOLLEREAU;38359581
RUE;Rue Raoul Guiraud;RAOUL GUIRAUD;GUIRAUD;38477374
RUE;Rue Raspail;RASPAIL;ROLLIN;38095959
RUE;Rue Ravel;RAVEL;QUINET;38144986
RUE;Rue Raymond Gausselin;RAYMOND GAUSSELIN;GAUSSELIN;38144231
RUE;Rue Raymond Roger Trencavel;RAYMOND ROGER TRENCAVEL;TRENCAVEL;133534250
RUE;Rue Raymond Viala;RAYMOND VIALA;VIALA;38248158
RUE;Rue Raymond de Péreille;RAYMOND DE PEREILLE;PEREILLE;409159857
RUE;Rue Raynaldo Hahn;RAYNALDO HAHN;HAHN;38326327,38326328
RUE;Rue Relin;RELIN;ARGENTERIE;38137449
RUE;Rue René Anglade;RENE ANGLADE;ANGLADE;38197917
RUE;Rue René Boyer;RENE BOYER;BOYER;38138554,38138555,71458945,210722494,244313303,341531900,354105389
RUE;Rue René Caillié;RENE CAILLIE;CAILLIE;38324349
RUE;Rue René Cassin;RENE CASSIN;CASSIN;38359763,38359764
RUE;Rue René Descartes;RENE DESCARTES;DESCARTES;38237442,38237443
RUE;Rue René Fonck;RENE FONCK;FONCK;38236434
RUE;Rue René Fournier;RENE FOURNIER;FOURNIER;38317601
RUE;Rue René Magritte;RENE MAGRITTE;MAGRITTE;38504031
RUE;Rue Riccioti;RICCIOTI;TOUAT;38143688
RUE;Rue Richard Bessière;RICHARD BESSIERE;BESSIERE;410668260
RUE;Rue Robert Fronval;ROBERT FRONVAL;FRONVAL;38236447,329820610
RUE;Rue Robert Guinot;ROBERT GUINOT;GUINOT;38345309
RUE;Rue Robert Keller;ROBERT KELLER;KELLER;38317881
RUE;Rue Robert Planquette;ROBERT PLANQUETTE;PLANQUETTE;38233777,38233778
RUE;Rue Robert Rivetti;ROBERT RIVETTI;RIVETTI;38237907,38237908
RUE;Rue Robert Surcouf;ROBERT SURCOUF;SURCOUF;38324322
RUE;Rue Roger Gazel;ROGER GAZEL;GAZEL;38490958
RUE;Rue Roger Mathieu;ROGER MATHIEU;MATHIEU;38491675
RUE;Rue Roland Garros;ROLAND GARROS;GARROS;38236449
RUE;Rue Romain Rolland;ROMAIN ROLLAND;ROLLAND;38320846
RUE;Rue Ronsard;RONSARD;LIBERTE;38144972
RUE;Rue Rouget de Lisle;ROUGET DE LISLE;LISLE;38095973
RUE;Rue Rozier;ROZIER;SAND;38138544
RUE;Rue Réaumur;REAUMUR;TRUFFAUT;38181124
RUE;Rue Rémy Belleau;REMY BELLEAU;BELLEAU;38357112
RUE;Rue Sacha Guitry;SACHA GUITRY;GUITRY;38493910
RUE;Rue Saint-Andiu de la Galinière;SAINT ANDIU DE LA GALINIERE;GALINIERE;38248863
RUE;Rue Saint-Bernard;SAINT BERNARD;BERNARD;38143653
RUE;Rue Saint-Cyr;SAINT CYR;CYR;38137444
RUE;Rue Saint-Esprit;SAINT ESPRIT;ESPRIT;38143672,619211463
RUE;Rue Saint-Exupéry;SAINT EXUPERY;EXUPERY;38236424
RUE;Rue Saint-Jacques;SAINT JACQUES;JACQUES;38137436
RUE;Rue Saint-Vincent de Paul;SAINT VINCENT DE PAUL;PAUL;38139811
RUE;Rue Sainte-Claire;SAINTE CLAIRE;CLAIRE;38144229
RUE;Rue Salomon Couderc;SALOMON COUDERC;COUDERC;38328380
RUE;Rue Salvador Allende;SALVADOR ALLENDE;ALLENDE;38356390
RUE;Rue Salvador Montagné;SALVADOR MONTAGNE;MONTAGNE;38317613
RUE;Rue Samuel Morse;SAMUEL MORSE;MORSE;38493522
RUE;Rue Sarah Bernhart;SARAH BERNHART;BERNHART;38230551
RUE;Rue Savorgnan de Brazza;SAVORGNAN DE BRAZZA;BRAZZA;38324347
RUE;Rue Scribe;SCRIBE;AZAIS;38318775
RUE;Rue Serge Goussault;SERGE GOUSSAULT;GOUSSAULT;38353723,38353724,38353725
RUE;Rue Sergent Babillot;SERGENT BABILLOT;BABILLOT;38146907
RUE;Rue Sergent Blandan;SERGENT BLANDAN;BLANDAN;38139801
RUE;Rue Simone Weil;SIMONE WEIL;WEIL;38328396
RUE;Rue Sir Isaac Newton;SIR ISAAC NEWTON;NEWTON;38233572
RUE;Rue Sir Peter Blake;SIR PETER BLAKE;BLAKE;38249986,38316692
RUE;Rue Solférino;SOLFERINO;SAENS;30437918
RUE;Rue Stéphane Mallarmé;STEPHANE MALLARME;MALLARME;38333442
RUE;Rue Suchon;SUCHON;HERRIOT;38145867
RUE;Rue Suzanne Lenglen;SUZANNE LENGLEN;LENGLEN;38324318
RUE;Rue Sylva Sicard;SYLVA SICARD;SICARD;38321769
RUE;Rue Sébastopol;SEBASTOPOL;CHAMPS;38145469
RUE;Rue Théodore Aubanel;THEODORE AUBANEL;AUBANEL;38321779
RUE;Rue Théodule Ribot;THEODULE RIBOT;RIBOT;38237069
RUE;Rue Théophile Gautier;THEOPHILE GAUTIER;GAUTIER;38144993
RUE;Rue Tiquetonne;TIQUETONNE;MULETS;38140588
RUE;Rue Tolbiac;TOLBIAC;GLACIERE;38318766
RUE;Rue Tournefort;TOURNEFORT;CHAPPE;38240610
RUE;Rue Tourventouse;TOURVENTOUSE;ALBIGEOIS;38139776
RUE;Rue Traversière;TRAVERSIERE;PALISSY;38324311
RUE;Rue Trencavel;TRENCAVEL;PERI;619211460
RUE;Rue Valentin Haüy;VALENTIN HAUY;HAUY;38194105,38194106
RUE;Rue Valmy;VALMY;CABANEL;38144981
RUE;Rue Vannière;VANNIERE;FAIENCE;38144222
RUE;Rue Vasco de Gama;VASCO DE GAMA;GAMA;38248141
RUE;Rue Vauban;VAUBAN;BABYLONE;38145874
RUE;Rue Vercingétorix;VERCINGETORIX;MAURY;38231409,38318749,38318750,38318751
RUE;Rue Victor Grignard;VICTOR GRIGNARD;GRIGNARD;288204092
RUE;Rue Victor Hugo;VICTOR HUGO;HUGO;30437896
RUE;Rue Victor Schoelcher;VICTOR SCHOELCHER;SCHOELCHER;38236397
RUE;Rue Viennet;VIENNET;VERNHES;38139783,254242516
RUE;Rue Vincent Van Gogh;VINCENT VAN GOGH;GOGH;38504870
RUE;Rue Vincent d'Indy;VINCENT D INDY;INDY;38326320
RUE;Rue Voltaire;VOLTAIRE;CHATEAUDUN;38144977
RUE;Rue William et Catherine Booth;WILLIAM ET CATHERINE BOOTH;BOOTH;38144992
RUE;Rue Yves Montand;YVES MONTAND;MONTAND;38478138
RUE;Rue Zénobe Gramme;ZENOBE GRAMME;GRAMME;38486659
RUE;Rue d'Aguesseau;D AGUESSEAU;AGUESSEAU;38138548
RUE;Rue d'Aguilar;D AGUILAR;AGUILAR;38507019
RUE;Rue d'Alembert;D ALEMBERT;ALEMBERT;38231392,666078811
RUE;Rue d'Alger;D ALGER;ALGER;38345153
RUE;Rue d'Alsace;D ALSACE;ALSACE;38231434,82220494
RUE;Rue d'Arcole;D ARCOLE;ARCOLE;38144238
RUE;Rue d'Arques;D ARQUES;ARQUES;38506359
RUE;Rue d'Arromanches;D ARROMANCHES;ARROMANCHES;38347080
RUE;Rue d'Arsonval;D ARSONVAL;ARSONVAL;38240592
RUE;Rue d'Assas;D ASSAS;ASSAS;38144243
RUE;Rue d'Austerlitz;D AUSTERLITZ;AUSTERLITZ;82103189
RUE;Rue d'Envedel;D ENVEDEL;ENVEDEL;38140599,435439483
RUE;Rue d'Holbach;D HOLBACH;HOLBACH;38231394
RUE;Rue d'Iéna;D IENA;IENA;38146917
RUE;Rue d'Oran;D ORAN;ORAN;38345154
RUE;Rue de Babylone;DE BABYLONE;BABYLONE;38145873
RUE;Rue de Bastit;DE BASTIT;BASTIT;38353731
RUE;Rue de Bonsi;DE BONSI;BONSI;38139765
RUE;Rue de Bougainville;DE BOUGAINVILLE;BOUGAINVILLE;38324319
RUE;Rue de Bretagne;DE BRETAGNE;BRETAGNE;38321878
RUE;Rue de Bône;DE BONE;BONE;38345308,133465698
RUE;Rue de Cabrespine;DE CABRESPINE;CABRESPINE;180852995
RUE;Rue de Ceux d'Argeliès;DE CEUX D ARGELIES;ARGELIES;38240596
RUE;Rue de Chateaubriand;DE CHATEAUBRIAND;CHATEAUBRIAND;38493515
RUE;Rue de Châteaudun;DE CHATEAUDUN;CHATEAUDUN;38144975
RUE;Rue de Clairie;DE CLAIRIE;CLAIRIE;38143671
RUE;Rue de Constantine;DE CONSTANTINE;CONSTANTINE;38345152,38345156,38345157,38345158,38345159
RUE;Rue de Corneilhan;DE CORNEILHAN;CORNEILHAN;38240591,139431144
RUE;Rue de Corse;DE CORSE;CORSE;38321770
RUE;Rue de Costesèque;DE COSTESEQUE;COSTESEQUE;38228919
RUE;Rue de Durfort;DE DURFORT;DURFORT;38506563,38506564
RUE;Rue de Fontfroide;DE FONTFROIDE;FONTFROIDE;38248873
RUE;Rue de Jussieu;DE JUSSIEU;JUSSIEU;38146892
RUE;Rue de Lastours;DE LASTOURS;LASTOURS;38506358
RUE;Rue de Lorraine;DE LORRAINE;LORRAINE;38231437,471983615
RUE;Rue de Louvois;DE LOUVOIS;LOUVOIS;38233776
RUE;Rue de Malpas;DE MALPAS;MALPAS;38143675
RUE;Rue de Metz;DE METZ;METZ;38144236
RUE;Rue de Minerve;DE MINERVE;MINERVE;38506364,38506365,38507030
RUE;Rue de Miramont;DE MIRAMONT;MIRAMONT;180853008
RUE;Rue de Mirepoix;DE MIREPOIX;MIREPOIX;38181126
RUE;Rue de Montaillou;DE MONTAILLOU;MONTAILLOU;180852986
RUE;Rue de Montségur;DE MONTSEGUR;MONTSEGUR;38181142,38181143
RUE;Rue de Murano;DE MURANO;MURANO;479053867
RUE;Rue de Narvik;DE NARVIK;NARVIK;38347066
RUE;Rue de Nissan;DE NISSAN;NISSAN;38095966
RUE;Rue de Normandie;DE NORMANDIE;NORMANDIE;38505208
RUE;Rue de Noyon;DE NOYON;NOYON;38477376
RUE;Rue de Peyrepertuse;DE PEYREPERTUSE;PEYREPERTUSE;38506356
RUE;Rue de Poussan;DE POUSSAN;POUSSAN;272496773
RUE;Rue de Provence;DE PROVENCE;PROVENCE;38505209,38505210
RUE;Rue de Puivert;DE PUIVERT;PUIVERT;38506355
RUE;Rue de Rocagel;DE ROCAGEL;ROCAGEL;38505207
RUE;Rue de Saint-Andrews;DE SAINT ANDREWS;ANDREWS;38863997,401196585
RUE;Rue de Saint-Bitou;DE SAINT BITOU;BITOU;38228922
RUE;Rue de Saint-Geniès;DE SAINT GENIES;GENIES;38241571,435439484,435439485
RUE;Rue de Saint-Jean d'Aureilhan;DE SAINT JEAN D AUREILHAN;AUREILHAN;38486337
RUE;Rue de Saissac;DE SAISSAC;SAISSAC;409159858
RUE;Rue de Sétif;DE SETIF;SETIF;38346399
RUE;Rue de Talleyrand de Périgord;DE TALLEYRAND DE PERIGORD;PERIGORD;38328407
RUE;Rue de Tautavel;DE TAUTAVEL;TAUTAVEL;180853009
RUE;Rue de Termes;DE TERMES;TERMES;38506567
RUE;Rue de Trémolis;DE TREMOLIS;TREMOLIS;38248872
RUE;Rue de l'Abreuvoir;DE L ABREUVOIR;ABREUVOIR;38138519,38138539,121274719,660715321
RUE;Rue de l'Aigoual;DE L AIGOUAL;AIGOUAL;38242460
RUE;Rue de l'Airette;DE L AIRETTE;AIRETTE;38143674
RUE;Rue de l'Alma;DE L ALMA;ALMA;38145470,82094046
RUE;Rue de l'Ancienne Comédie;DE L ANCIENNE COMEDIE;COMEDIE;629197959
RUE;Rue de l'Angel;DE L ANGEL;ANGEL;38137445
RUE;Rue de l'Anjou;DE L ANJOU;ANJOU;38324351
RUE;Rue de l'Aramon;DE L ARAMON;ARAMON;38491639
RUE;Rue de l'Argenterie;DE L ARGENTERIE;ARGENTERIE;38137447
RUE;Rue de l'Armée d'Afrique;DE L ARMEE D AFRIQUE;AFRIQUE;38346404
RUE;Rue de l'Artois;DE L ARTOIS;ARTOIS;38505211
RUE;Rue de l'Aubun;DE L AUBUN;AUBUN;38480604
RUE;Rue de l'Auvergne;DE L AUVERGNE;AUVERGNE;38321778
RUE;Rue de l'Ermite;DE L ERMITE;ERMITE;38140601
RUE;Rue de l'Espinouse;DE L ESPINOUSE;ESPINOUSE;38242477
RUE;Rue de l'Hirondelle;DE L HIRONDELLE;HIRONDELLE;38095961
RUE;Rue de l'Hort de Monseigneur;DE L HORT DE MONSEIGNEUR;MONSEIGNEUR;38317602,329820611
RUE;Rue de l'Hortet;DE L HORTET;HORTET;38095962
RUE;Rue de l'Industrie;DE L INDUSTRIE;INDUSTRIE;38488109
RUE;Rue de l'Occident;DE L OCCIDENT;OCCIDENT;38491633
RUE;Rue de l'Occitanie;DE L OCCITANIE;OCCITANIE;133548700
RUE;Rue de l'Oeillade;DE L OEILLADE;OEILLADE;38491676
RUE;Rue de l'Olivette;DE L OLIVETTE;OLIVETTE;38480598
RUE;Rue de l'Oppidum;DE L OPPIDUM;OPPIDUM;38249988
RUE;Rue de l'Oranger;DE L ORANGER;ORANGER;133146965,666061612
RUE;Rue de l'Orb;DE L ORB;ORB;38138540,121267366
RUE;Rue de l'Orient;DE L ORIENT;ORIENT;38491632
RUE;Rue de l'Ugni;DE L UGNI;UGNI;38480606
RUE;Rue de l'École des Andélys;DE L ECOLE DES ANDELYS;ANDELYS;38318777,38318780
RUE;Rue de l'Église;DE L EGLISE;EGLISE;38347441,38347442
RUE;Rue de l'Évêque;DE L EVEQUE;EVEQUE;38241550,38241551
RUE;Rue de l'Île de France;DE L ILE DE FRANCE;FRANCE;38321795
RUE;Rue de la Brasserie;DE LA BRASSERIE;BRASSERIE;38231389
RUE;Rue de la Bruyère;DE LA BRUYERE;BRUYERE;38345142
RUE;Rue de la Capelière;DE LA CAPELIERE;CAPELIERE;38493911,477877698,477877699
RUE;Rue de la Cardabelle;DE LA CARDABELLE;CARDABELLE;38491786
RUE;Rue de la Cime;DE LA CIME;CIME;38491635
RUE;Rue de la Citadelle;DE LA CITADELLE;CITADELLE;38140585,608386787
RUE;Rue de la Clairette;DE LA CLAIRETTE;CLAIRETTE;38490959,38491678
RUE;Rue de la Colline;DE LA COLLINE;COLLINE;38491634
RUE;Rue de la Comporte;DE LA COMPORTE;COMPORTE;38490964
RUE;Rue de la Coopérative;DE LA COOPERATIVE;COOPERATIVE;38233588
RUE;Rue de la Coquille;DE LA COQUILLE;COQUILLE;38140605,608394310
RUE;Rue de la Courondelle;DE LA COURONDELLE;COURONDELLE;38502054
RUE;Rue de la Croix de Pomeirac;DE LA CROIX DE POMEIRAC;POMEIRAC;38504036
RUE;Rue de la Croix de la Reille;DE LA CROIX DE LA REILLE;REILLE;38491640,329820612
RUE;Rue de la Crouzette;DE LA CROUZETTE;CROUZETTE;38333441,133606196
RUE;Rue de la Cuve;DE LA CUVE;CUVE;38491669
RUE;Rue de la Daubinelle;DE LA DAUBINELLE;DAUBINELLE;38490274,38490277
RUE;Rue de la Dévèze;DE LA DEVEZE;DEVEZE;38211488,38211489,38211490
RUE;Rue de la Farigoule;DE LA FARIGOULE;FARIGOULE;38357156,38357157,38357158,38357159
RUE;Rue de la Faïence;DE LA FAIENCE;FAIENCE;38144221
RUE;Rue de la Font Maury;DE LA FONT MAURY;MAURY;38231408
RUE;Rue de la Gascogne;DE LA GASCOGNE;GASCOGNE;38321774
RUE;Rue de la Gayonne;DE LA GAYONNE;GAYONNE;38346400
RUE;Rue de la Ginieisse;DE LA GINIEISSE;GINIEISSE;38486663,38486665,495911191
RUE;Rue de la Glacière;DE LA GLACIERE;GLACIERE;38318765
RUE;Rue de la Grangette;DE LA GRANGETTE;GRANGETTE;38236395
RUE;Rue de la Grappe;DE LA GRAPPE;GRAPPE;38491661
RUE;Rue de la Guyenne;DE LA GUYENNE;GUYENNE;38321776
RUE;Rue de la Hotte;DE LA HOTTE;HOTTE;133454350
RUE;Rue de la Juliane;DE LA JULIANE;JULIANE;38228917
RUE;Rue de la Lavande;DE LA LAVANDE;LAVANDE;38345144
RUE;Rue de la Loge;DE LA LOGE;LOGE;38137457
RUE;Rue de la Margeride;DE LA MARGERIDE;MARGERIDE;387835600
RUE;Rue de la Paix;DE LA PAIX;PAIX;38231415
RUE;Rue de la Pastourelle;DE LA PASTOURELLE;PASTOURELLE;38360066
RUE;Rue de la Perle;DE LA PERLE;PERLE;38136947
RUE;Rue de la Petite Jérusalem;DE LA PETITE JERUSALEM;JERUSALEM;38139768
RUE;Rue de la Pomme;DE LA POMME;POMME;38236414
RUE;Rue de la Poudrière;DE LA POUDRIERE;POUDRIERE;38136940
RUE;Rue de la Renardière;DE LA RENARDIERE;RENARDIERE;38490956
RUE;Rue de la Rocade;DE LA ROCADE;ROCADE;26366926
RUE;Rue de la Rose des Sables;DE LA ROSE DES SABLES;SABLES;319141091
RUE;Rue de la Rotonde;DE LA ROTONDE;ROTONDE;38095970
RUE;Rue de la République;DE LA REPUBLIQUE;REPUBLIQUE;30437351
RUE;Rue de la Rôtisserie;DE LA ROTISSERIE;ROTISSERIE;38139766,254238095
RUE;Rue de la Salpetrière;DE LA SALPETRIERE;SALPETRIERE;38136939
RUE;Rue de la Syrah;DE LA SYRAH;SYRAH;38480593
RUE;Rue de la Tible;DE LA TIBLE;TIBLE;38137435
RUE;Rue de la Tour;DE LA TOUR;TOUR;38139806
RUE;Rue de la Treille;DE LA TREILLE;TREILLE;38491670
RUE;Rue de la Trivalle;DE LA TRIVALLE;TRIVALLE;435439486
RUE;Rue de la Vallone;DE LA VALLONE;VALLONE;38236410
RUE;Rue de la Verrerie;DE LA VERRERIE;VERRERIE;38668424
RUE;Rue de la Vieille Citadelle;DE LA VIEILLE CITADELLE;CITADELLE;38140594
RUE;Rue de la Vielle;DE LA VIELLE;VIELLE;577786183,577786184
RUE;Rue de la Vierge;DE LA VIERGE;VIERGE;38143654
RUE;Rue de la Vigne;DE LA VIGNE;VIGNE;38490962,38490963
RUE;Rue des 2 Frères;DES 2 FRERES;FRERES;38144982
RUE;Rue des Abeilles;DES ABEILLES;ABEILLES;38357147,38357149,38357151
RUE;Rue des Albigeois;DES ALBIGEOIS;ALBIGEOIS;38139775
RUE;Rue des Alpes;DES ALPES;ALPES;38324355
RUE;Rue des Anciennes Arènes;DES ANCIENNES ARENES;ARENES;38137439
RUE;Rue des Anciens Combattants;DES ANCIENS COMBATTANTS;COMBATTANTS;38137455,38140595
RUE;Rue des Anciens d'Algérie;DES ANCIENS D ALGERIE;ALGERIE;38346402
RUE;Rue des Anciens d'Indochine;DES ANCIENS D INDOCHINE;INDOCHINE;38346403
RUE;Rue des Ardennes;DES ARDENNES;ARDENNES;38324358
RUE;Rue des Artisans;DES ARTISANS;ARTISANS;38228926
RUE;Rue des Arts;DES ARTS;ARTS;38146916
RUE;Rue des Azéroliers;DES AZEROLIERS;AZEROLIERS;38344683
RUE;Rue des Bains;DES BAINS;BAINS;38144228
RUE;Rue des Balances;DES BALANCES;BALANCES;38140586
RUE;Rue des Bouleaux;DES BOULEAUX;BOULEAUX;38344667
RUE;Rue des Camélias;DES CAMELIAS;CAMELIAS;38497016
RUE;Rue des Capucins;DES CAPUCINS;CAPUCINS;38137438
RUE;Rue des Caroubiers;DES CAROUBIERS;CAROUBIERS;38345143
RUE;Rue des Casernes;DES CASERNES;CASERNES;38138537
RUE;Rue des Castors;DES CASTORS;CASTORS;38236456
RUE;Rue des Cerisiers;DES CERISIERS;CERISIERS;38181131
RUE;Rue des Chasselas;DES CHASSELAS;CHASSELAS;38490957
RUE;Rue des Chaudronniers;DES CHAUDRONNIERS;CHAUDRONNIERS;38139757
RUE;Rue des Christols;DES CHRISTOLS;CHRISTOLS;142614951
RUE;Rue des Châtaigniers;DES CHATAIGNIERS;CHATAIGNIERS;38344673
RUE;Rue des Cigales;DES CIGALES;CIGALES;38357123,38357128
RUE;Rue des Cistes;DES CISTES;CISTES;38345146
RUE;Rue des Coquelicots;DES COQUELICOTS;COQUELICOTS;38497008
RUE;Rue des Corbières;DES CORBIERES;CORBIERES;38324356
RUE;Rue des Cyprès;DES CYPRES;CYPRES;38344668
RUE;Rue des Cévennes;DES CEVENNES;CEVENNES;38242463
RUE;Rue des Dahlias;DES DAHLIAS;DAHLIAS;38497018
RUE;Rue des Docteurs Bourguet;DES DOCTEURS BOURGUET;BOURGUET;38137446
RUE;Rue des Dunes;DES DUNES;DUNES;38491641,38491643,318730475
RUE;Rue des Fauvettes;DES FAUVETTES;FAUVETTES;38241586
RUE;Rue des Figuiers;DES FIGUIERS;FIGUIERS;38181130
RUE;Rue des Flandres;DES FLANDRES;FLANDRES;38321881
RUE;Rue des Fossés;DES FOSSES;FOSSES;38143678
RUE;Rue des Frères Faget;DES FRERES FAGET;FAGET;38493517
RUE;Rue des Frères Lumière;DES FRERES LUMIERE;LUMIERE;38233772
RUE;Rue des Félibres;DES FELIBRES;FELIBRES;38321753
RUE;Rue des Genêts;DES GENETS;GENETS;38345149
RUE;Rue des Glycines;DES GLYCINES;GLYCINES;38497013
RUE;Rue des Gorges d'Héric;DES GORGES D HERIC;HERIC;38242478,38242479
RUE;Rue des Grenadiers;DES GRENADIERS;GRENADIERS;38345145
RUE;Rue des Grillons;DES GRILLONS;GRILLONS;38357136
RUE;Rue des Génévriers;DES GENEVRIERS;GENEVRIERS;38344663
RUE;Rue des Géraniums;DES GERANIUMS;GERANIUMS;38497012
RUE;Rue des Hortensias;DES HORTENSIAS;HORTENSIAS;38497010
RUE;Rue des Jardins;DES JARDINS;JARDINS;38147701,38149523,38149524
RUE;Rue des Lilas;DES LILAS;LILAS;38236415
RUE;Rue des Liserons;DES LISERONS;LISERONS;38497011
RUE;Rue des Lois;DES LOIS;LOIS;38317392
RUE;Rue des Louis Daguerre;DES LOUIS DAGUERRE;DAGUERRE;38233773
RUE;Rue des Lucioles;DES LUCIOLES;LUCIOLES;38357153,38357154,38357155
RUE;Rue des Lutins;DES LUTINS;LUTINS;38493535
RUE;Rue des Marronniers;DES MARRONNIERS;MARRONNIERS;38236416
RUE;Rue des Micocouliers;DES MICOCOULIERS;MICOCOULIERS;38345132
RUE;Rue des Minimes;DES MINIMES;MINIMES;38138545
RUE;Rue des Myosotis;DES MYOSOTIS;MYOSOTIS;38497017
RUE;Rue des Mésanges;DES MESANGES;MESANGES;38241587
RUE;Rue des Mûriers;DES MURIERS;MURIERS;38178896
RUE;Rue des Nouvelles Arènes;DES NOUVELLES ARENES;ARENES;38231430
RUE;Rue des Néfliers;DES NEFLIERS;NEFLIERS;38344681
RUE;Rue des Paradisiers;DES PARADISIERS;PARADISIERS;38241564,38241597
RUE;Rue des Petits Champs;DES PETITS CHAMPS;CHAMPS;38145467
RUE;Rue des Peupliers;DES PEUPLIERS;PEUPLIERS;38178893
RUE;Rue des Plaqueminiers;DES PLAQUEMINIERS;PLAQUEMINIERS;38344682
RUE;Rue des Platanes;DES PLATANES;PLATANES;38344665
RUE;Rue des Poiriers;DES POIRIERS;POIRIERS;38181129
RUE;Rue des Poëtes;DES POETES;POETES;38144988
RUE;Rue des Pyrénées;DES PYRENEES;PYRENEES;38324353
RUE;Rue des Péniches;DES PENICHES;PENICHES;38138556
RUE;Rue des Pénitents Noirs;DES PENITENTS NOIRS;NOIRS;38143670
RUE;Rue des Raisins;DES RAISINS;RAISINS;38491671
RUE;Rue des Ramiers;DES RAMIERS;RAMIERS;38241583
RUE;Rue des Réformes;DES REFORMES;REFORMES;38181150,409159860
RUE;Rue des Saint-Simoniens;DES SAINT SIMONIENS;SIMONIENS;38140614
RUE;Rue des Saules;DES SAULES;SAULES;38178891
RUE;Rue des Spahis;DES SPAHIS;SPAHIS;38360075
RUE;Rue des Sycomores;DES SYCOMORES;SYCOMORES;38344672
RUE;Rue des Sœurs Grises;DES SŒURS GRISES;GRISES;38143648
RUE;Rue des Tanneurs;DES TANNEURS;TANNEURS;38140611
RUE;Rue des Terries;DES TERRIES;TERRIES;38504874
RUE;Rue des Tilleuls;DES TILLEULS;TILLEULS;38344675
RUE;Rue des Tisserands;DES TISSERANDS;TISSERANDS;38143647
RUE;Rue des Treize Vents;DES TREIZE VENTS;VENTS;38248871
RUE;Rue des Trembles;DES TREMBLES;TREMBLES;38181127
RUE;Rue des Trois Mulets;DES TROIS MULETS;MULETS;38140587
RUE;Rue des Trois Portes;DES TROIS PORTES;PORTES;38316683,38316684,38316685,38316686
RUE;Rue des Troubadours;DES TROUBADOURS;TROUBADOURS;409159859,409159861,577786179,577786185,577786186
RUE;Rue des Tuileries;DES TUILERIES;TUILERIES;38144995
RUE;Rue des Têtes;DES TETES;TETES;38144227
RUE;Rue des Vendanges;DES VENDANGES;VENDANGES;38490966
RUE;Rue des Vieilles Prisons;DES VIEILLES PRISONS;PRISONS;38139764
RUE;Rue des Violettes;DES VIOLETTES;VIOLETTES;38497019
RUE;Rue des Vosges;DES VOSGES;VOSGES;38324352
RUE;Rue des Zouaves;DES ZOUAVES;ZOUAVES;38360076
RUE;Rue des Écluses;DES ECLUSES;ECLUSES;38178887,92674364
RUE;Rue des Écoles;DES ECOLES;ECOLES;133546480,133606198
RUE;Rue des Écureuils;DES ECUREUILS;ECUREUILS;38816631
RUE;Rue des Époux Pignol;DES EPOUX PIGNOL;PIGNOL;38197913,38197914
RUE;Rue du 22 Septembre;DU 22 SEPTEMBRE;SEPTEMBRE;38138549,121274718,660715322
RUE;Rue du 4 Septembre;DU 4 SEPTEMBRE;SEPTEMBRE;254238096
RUE;Rue du 6 Juin 1944;DU 6 JUIN 1944;1944;38317393
RUE;Rue du Bananier;DU BANANIER;BANANIER;38491642,38491644
RUE;Rue du Bel Air;DU BEL AIR;AIR;38144230,479062889
RUE;Rue du Berry;DU BERRY;BERRY;38321791,38321792
RUE;Rue du Bon Pasteur;DU BON PASTEUR;PASTEUR;38144217
RUE;Rue du Béarn;DU BEARN;BEARN;38321775
RUE;Rue du Cabaretou;DU CABARETOU;CABARETOU;38248860,38248876,477877713
RUE;Rue du Cabernet;DU CABERNET;CABERNET;38480602
RUE;Rue du Calitor;DU CALITOR;CALITOR;38480601
RUE;Rue du Calvaire;DU CALVAIRE;CALVAIRE;38143642
RUE;Rue du Canal;DU CANAL;CANAL;38051644,181330792
RUE;Rue du Canalet;DU CANALET;CANALET;38136931
RUE;Rue du Capnau;DU CAPNAU;CAPNAU;38143673
RUE;Rue du Capus;DU CAPUS;CAPUS;38139790,201831813,201831814
RUE;Rue du Cardinal;DU CARDINAL;CARDINAL;38480605
RUE;Rue du Carignan;DU CARIGNAN;CARIGNAN;38490972
RUE;Rue du Cayrou;DU CAYROU;CAYROU;38242471
RUE;Rue du Cefi;DU CEFI;CEFI;38478172
RUE;Rue du Chanoine Bessède;DU CHANOINE BESSEDE;BESSEDE;38360068,38360069,38360070,38360071,38360072
RUE;Rue du Chapeau Rouge;DU CHAPEAU ROUGE;ROUGE;38140600
RUE;Rue du Chardonneret;DU CHARDONNERET;CHARDONNERET;38241598
RUE;Rue du Chemin de l'Évêque;DU CHEMIN DE L EVEQUE;EVEQUE;38241549
RUE;Rue du Château de la Dévèze;DU CHATEAU DE LA DEVEZE;DEVEZE;38345535
RUE;Rue du Cinsault;DU CINSAULT;CINSAULT;38480599
RUE;Rue du Cirque;DU CIRQUE;CIRQUE;38136937
RUE;Rue du Collège;DU COLLEGE;COLLEGE;38139793
RUE;Rue du Commandant Denoix de Saint-Marc;DU COMMANDANT DENOIX DE SAINT MARC;MARC;38360061
RUE;Rue du Commandant Kiefer;DU COMMANDANT KIEFER;KIEFER;38486340
RUE;Rue du Commerce;DU COMMERCE;COMMERCE;459171491
RUE;Rue du Comtat Venaissin;DU COMTAT VENAISSIN;VENAISSIN;38321777
RUE;Rue du Comté de Foix;DU COMTE DE FOIX;FOIX;38321761
RUE;Rue du Comté de Nice;DU COMTE DE NICE;NICE;38321773
RUE;Rue du Coq;DU COQ;COQ;38095975,82100875
RUE;Rue du Coteau;DU COTEAU;COTEAU;38491638,319141092
RUE;Rue du Cygne;DU CYGNE;CYGNE;38241584
RUE;Rue du Dauphiné;DU DAUPHINE;DAUPHINE;38324350
RUE;Rue du Docteur Fleming;DU DOCTEUR FLEMING;FLEMING;38353730,181079321,181079322
RUE;Rue du Floura;DU FLOURA;FLOURA;38480611
RUE;Rue du Fouloir;DU FOULOIR;FOULOIR;133454349
RUE;Rue du Garagliano;DU GARAGLIANO;GARAGLIANO;38486343
RUE;Rue du Garissou;DU GARISSOU;GARISSOU;38326338,38326339
RUE;Rue du Grand Mestre Lédérac;DU GRAND MESTRE LEDERAC;LEDERAC;38241554
RUE;Rue du Grenache;DU GRENACHE;GRENACHE;38491668
RUE;Rue du Général Catroux;DU GENERAL CATROUX;CATROUX;38347084
RUE;Rue du Général Faidherbe;DU GENERAL FAIDHERBE;FAIDHERBE;38231420
RUE;Rue du Général Koenig;DU GENERAL KOENIG;KOENIG;38326312,477880706,477880707
RUE;Rue du Général de Linarès;DU GENERAL DE LINARES;LINARES;38237071
RUE;Rue du Gévaudan;DU GEVAUDAN;GEVAUDAN;38242461,38242462
RUE;Rue du Listan;DU LISTAN;LISTAN;38480609
RUE;Rue du Major Laurent Soler;DU MAJOR LAURENT SOLER;SOLER;38241606
RUE;Rue du Malvoisié;DU MALVOISIE;MALVOISIE;38480584
RUE;Rue du Maréchal Bugeaud;DU MARECHAL BUGEAUD;BUGEAUD;38236426
RUE;Rue du Midi;DU MIDI;MIDI;38095960,479019726
RUE;Rue du Mont Fontjun;DU MONT FONTJUN;FONTJUN;38248875
RUE;Rue du Mont Peyroux;DU MONT PEYROUX;PEYROUX;38248864
RUE;Rue du Mont des Trois Terres;DU MONT DES TROIS TERRES;TERRES;378377948
RUE;Rue du Moulin à Huile;DU MOULIN A HUILE;HUILE;38137441
RUE;Rue du Mourvais;DU MOURVAIS;MOURVAIS;38480583
RUE;Rue du Mourvèdre;DU MOURVEDRE;MOURVEDRE;38480612
RUE;Rue du Mouton;DU MOUTON;MOUTON;38137456
RUE;Rue du Muscat;DU MUSCAT;MUSCAT;518598489
RUE;Rue du Médecin Grauwin;DU MEDECIN GRAUWIN;GRAUWIN;38478156
RUE;Rue du Nivernais;DU NIVERNAIS;NIVERNAIS;38321762
RUE;Rue du Palmier-Dattier;DU PALMIER DATTIER;DATTIER;133146967
RUE;Rue du Pech;DU PECH;PECH;38242455,38242468,38242469
RUE;Rue du Pech des Moulins;DU PECH DES MOULINS;MOULINS;38241565
RUE;Rue du Picardan;DU PICARDAN;PICARDAN;38480594
RUE;Rue du Pinot;DU PINOT;PINOT;38480595
RUE;Rue du Plantier;DU PLANTIER;PLANTIER;135036501
RUE;Rue du Plateau;DU PLATEAU;PLATEAU;38242467
RUE;Rue du Pressoir;DU PRESSOIR;PRESSOIR;38491667
RUE;Rue du Puits de la Courte;DU PUITS DE LA COURTE;COURTE;38144218
RUE;Rue du Puits des Arènes;DU PUITS DES ARENES;ARENES;38136936
RUE;Rue du Père C. de Foucauld;DU PERE C  DE FOUCAULD;FOUCAULD;38478157
RUE;Rue du Père Pierre;DU PERE PIERRE;PIERRE;38491647
RUE;Rue du Raisiné;DU RAISINE;RAISINE;171223969
RUE;Rue du Rec d'Arièges;DU REC D ARIEGES;ARIEGES;38228923,38228924
RUE;Rue du Roitelet;DU ROITELET;ROITELET;38241585
RUE;Rue du Rossignol;DU ROSSIGNOL;ROSSIGNOL;38241607
RUE;Rue du Rouat;DU ROUAT;ROUAT;38324323
RUE;Rue du Rouge-Gorge;DU ROUGE GORGE;GORGE;38241608
RUE;Rue du Roussillon;DU ROUSSILLON;ROUSSILLON;38321794
RUE;Rue du Réveillon;DU REVEILLON;REVEILLON;38345147
RUE;Rue du Servant;DU SERVANT;SERVANT;38480603
RUE;Rue du Soleil;DU SOLEIL;SOLEIL;38139791,201831815
RUE;Rue du Somail;DU SOMAIL;SOMAIL;38242459
RUE;Rue du Taste Vin;DU TASTE VIN;VIN;427804148
RUE;Rue du Temple;DU TEMPLE;TEMPLE;38231405,38318744
RUE;Rue du Terret;DU TERRET;TERRET;38480579
RUE;Rue du Tertre;DU TERTRE;TERTRE;38242470
RUE;Rue du Thym;DU THYM;THYM;38345148
RUE;Rue du Tibouren;DU TIBOUREN;TIBOUREN;38480610
RUE;Rue du Touat;DU TOUAT;TOUAT;38143687,82220490
RUE;Rue du Tourbat;DU TOURBAT;TOURBAT;38480608
RUE;Rue du Tunnel;DU TUNNEL;TUNNEL;38096036
RUE;Rue Édith Piaf;EDITH PIAF;PIAF;409159862
RUE;Rue Édouard Belin;EDOUARD BELIN;BELIN;38240606
RUE;Rue Édouard Branly;EDOUARD BRANLY;BRANLY;38240605,38493513
RUE;Rue Édouard Lalo;EDOUARD LALO;LALO;38328384
RUE;Rue Édouard Leroy;EDOUARD LEROY;LEROY;38237066
RUE;Rue Édouard Manet;EDOUARD MANET;MANET;38497022,38497023
RUE;Rue Élie Guiraud;ELIE GUIRAUD;GUIRAUD;38248157
RUE;Rue Émile Augier;EMILE AUGIER;AUGIER;38321076
RUE;Rue Émile Barthe;EMILE BARTHE;BARTHE;38321080
RUE;Rue Émile Combes;EMILE COMBES;COMBES;38231418
RUE;Rue Émile Duployé;EMILE DUPLOYE;DUPLOYE;38231406
RUE;Rue Émile Péreire;EMILE PEREIRE;PEREIRE;38478144,38478145
RUE;Rue Émile Suchon;EMILE SUCHON;SUCHON;38145868
RUE;Rue Émile Taco;EMILE TACO;TACO;38353706
RUE;Rue Émmanuel Séra;EMMANUEL SERA;SERA;38236436,329820613
RUE;Rue Étienne Dolet;ETIENNE DOLET;DOLET;38144226
RUE;Rue Étienne Forcadel;ETIENNE FORCADEL;FORCADEL;38139796,38139798
RUE;Rue Étienne Jodelle;ETIENNE JODELLE;JODELLE;38357121
RUE;Rue Étienne Marcel;ETIENNE MARCEL;MARCEL;38144969
RUE;Rue Étienne Sabatier;ETIENNE SABATIER;SABATIER;38324315
RUE;Rue Évariste Galois;EVARISTE GALOIS;GALOIS;38228673,134634203
SENTIER;Sentier de Bagnols;DE BAGNOLS;BAGNOLS;38138535
SENTIER;Sentier de Belbézet;DE BELBEZET;BELBEZET;38240588
SENTIER;Sentier de la Faïence;DE LA FAIENCE;FAIENCE;435439487
SQUARE;Square Alfred Nobel;ALFRED NOBEL;NOBEL;38359760
SQUARE;Square Croix de Pomeirac;CROIX DE POMEIRAC;POMEIRAC;38504877
SQUARE;Square Edouard Barthe;EDOUARD BARTHE;BARTHE;38140590
SQUARE;Square Laurens Ravanel;LAURENS RAVANEL;RAVANEL;38328405
SQUARE;Square Louis Armand;LOUIS ARMAND;ARMAND;38478147
SQUARE;Square Vincent Scotto;VINCENT SCOTTO;SCOTTO;38326336
SQUARE;Square de l'Ensouleillade;DE L ENSOULEILLADE;ENSOULEILLADE;38360062
SQUARE;Square de la Brasucade;DE LA BRASUCADE;BRASUCADE;38360064
SQUARE;Square des Coccinelles;DES COCCINELLES;COCCINELLES;38357145
SQUARE;Square des Goëlands;DES GOELANDS;GOELANDS;38359574
SQUARE;Square des Libellules;DES LIBELLULES;LIBELLULES;38357141
SQUARE;Square des Papillons;DES PAPILLONS;PAPILLONS;38357143
SQUARE;Square des Volontaires Biterrois;DES VOLONTAIRES BITERROIS;BITERROIS;410668261
SQUARE;Square du Rouat;DU ROUAT;ROUAT;38324335,38324336
TRAVERSE;Traverse de Colombiers;DE COLOMBIERS;COLOMBIERS;38181134,38181135,92717758,92717762,92717831,92717881,92717979,92718008,158257149,181239056,217981368,217981370,573503422
TRAVERSE;Traverse de la Présidente;DE LA PRESIDENTE;PRESIDENTE;38181158,645891218
TRAVERSE;Traverse du Lirou;DU LIROU;LIROU;38181125
;Vieux Pont sur l'Orb;VIEUX PONT SUR L ORB;ORB;38138518
