voie;name;name_norm;last_word_norm;ways
;Albert Camus;ALBERT CAMUS;CAMUS;305200085
ALLEE;Allée Pierre de Ronsard;PIERRE DE RONSARD;RONSARD;21362818
ALLEE;Allée René Guy Cadou;RENE GUY CADOU;CADOU;21654234
ALLEE;Allée Rosa Floch;ROSA FLOCH;FLOCH;46864765
ALLEE;Allée Voltaire;VOLTAIRE;VOLTAIRE;21349467
ALLEE;Allée d'Aquitaine;D AQUITAINE;AQUITAINE;46862445
ALLEE;Allée de Croas-Hent;DE CROAS HENT;HENT;25692442,25692443
ALLEE;Allée de Keravilin-Vian;DE KERAVILIN VIAN;VIAN;46863592,397761560,397761561,397762944
ALLEE;Allée de Keriézégan;DE KERIEZEGAN;KERIEZEGAN;25790872
ALLEE;Allée de Kervillerm;DE KERVILLERM;KERVILLERM;46861778
ALLEE;Allée de Lavallot;DE LAVALLOT;LAVALLOT;34906549
ALLEE;Allée de Poul ar Feunteun;DE POUL AR FEUNTEUN;FEUNTEUN;23150750
ALLEE;Allée de Reun Ar C'hoat;DE REUN AR C HOAT;HOAT;18501189
ALLEE;Allée des Bouvreuils;DES BOUVREUILS;BOUVREUILS;25790892
ALLEE;Allée des Camélias;DES CAMELIAS;CAMELIAS;26197455,60045444,199459330,458085343
ALLEE;Allée des Colibris;DES COLIBRIS;COLIBRIS;26308908
ALLEE;Allée des Cormorans;DES CORMORANS;CORMORANS;25790887
ALLEE;Allée des Dahlias;DES DAHLIAS;DAHLIAS;46863951
ALLEE;Allée des Ecureuils;DES ECUREUILS;ECUREUILS;21359889
ALLEE;Allée des Ecuyers;DES ECUYERS;ECUYERS;26370082
ALLEE;Allée des Freesias;DES FREESIAS;FREESIAS;193186104,193186137,590612034
ALLEE;Allée des Fuchsias;DES FUCHSIAS;FUCHSIAS;46863447
ALLEE;Allée des Gentianes;DES GENTIANES;GENTIANES;46862892,180272209
ALLEE;Allée des Géraniums;DES GERANIUMS;GERANIUMS;21654433
ALLEE;Allée des Hortensias;DES HORTENSIAS;HORTENSIAS;60045447
ALLEE;Allée des Mimosas;DES MIMOSAS;MIMOSAS;60045446
ALLEE;Allée des Mouettes;DES MOUETTES;MOUETTES;25790881
ALLEE;Allée des Mésanges;DES MESANGES;MESANGES;25790891
ALLEE;Allée des Primevères;DES PRIMEVERES;PRIMEVERES;21349481
ALLEE;Allée des Pétunias;DES PETUNIAS;PETUNIAS;46863445
ALLEE;Allée des Sternes;DES STERNES;STERNES;25790879,25790880
ALLEE;Allée du Candy;DU CANDY;CANDY;21654265
ALLEE;Allée du Maine;DU MAINE;MAINE;26533632
ALLEE;Allée du Pontrouff;DU PONTROUFF;PONTROUFF;34906551
ALLEE;Allée du Vizac;DU VIZAC;VIZAC;23917856,215113253,248321056
AVENUE;Avenue Georges Pompidou;GEORGES POMPIDOU;POMPIDOU;13702803,46862243
AVENUE;Avenue de Barsbüttel;DE BARSBUTTEL;BARSBUTTEL;13702798,13702815,13702816,13702849,13702850,425326467
AVENUE;Avenue de Callington;DE CALLINGTON;CALLINGTON;13702799,13702854,13702855,34883508,215113254
AVENUE;Avenue de Normandie;DE NORMANDIE;NORMANDIE;13702804,166911217
;Baralan;BARALAN;BARALAN;46863779
;Bodspern;BODSPERN;BODSPERN;34883526
BOULEVARD;Boulevard Chateaubriand;CHATEAUBRIAND;CHATEAUBRIAND;21349440
BOULEVARD;Boulevard Corneille;CORNEILLE;CORNEILLE;21349454
BOULEVARD;Boulevard François Mitterrand;FRANCOIS MITTERRAND;MITTERRAND;21654204,21654207,157570605,157570606,193082775,193096803
BOULEVARD;Boulevard Gabriel Lippmann;GABRIEL LIPPMANN;LIPPMANN;23148278
BOULEVARD;Boulevard Général de Gaulle;GENERAL DE GAULLE;GAULLE;13702870,214447661,376075864
BOULEVARD;Boulevard Leopold Maissin;LEOPOLD MAISSIN;MAISSIN;22703900,22703902
BOULEVARD;Boulevard Michel Briant;MICHEL BRIANT;BRIANT;5156264,23151161,215809815,215809816,262456921,276600844,276600846,276600848,276600849,276600851,276600854,276600856,276600859,276600861
BOULEVARD;Boulevard Molière;MOLIERE;MOLIERE;21349465
BOULEVARD;Boulevard de Coataudon;DE COATAUDON;COATAUDON;5156258,21654228,21654230,130455111,171771534,171771992,171771993,210770001,210770003,210770004,214451805,214451809
BOULEVARD;Boulevard de l'Europe;DE L EUROPE;EUROPE;13719952
BOULEVARD;Boulevard de la Fontaine;DE LA FONTAINE;FONTAINE;21349463,21349464
;Bus - Taxi;BUS   TAXI;TAXI;62298325,193095208,445040173,445040177
;CE97;CE97;CE97;112242365
;CR48;CR48;CR48;112242325
CHEMIN;Chemin de Kerafloc'h;DE KERAFLOC H;H;23741129,23741130,513139851,557095086
CHEMIN;Chemin de Langoget;DE LANGOGET;LANGOGET;23741135,302730194
;Coz Castel;COZ CASTEL;CASTEL;46862504,421811947,421811948
;Creismeas;CREISMEAS;CREISMEAS;46865047
;Créac'h Burguy;CREAC H BURGUY;BURGUY;34883516
;D 712;D 712;712;13702845
;Dépose Minute;DEPOSE MINUTE;MINUTE;25287108
;Elisabeth Boselli;ELISABETH BOSELLI;BOSELLI;205943210
;Forestic;FORESTIC;FORESTIC;46863469
;Giratoire de St Eloi;GIRATOIRE DE ST ELOI;ELOI;191807310
;Goarem Vors Est;GOAREM VORS EST;EST;23151159
IMPASSE;Impasse Ernest Renan;ERNEST RENAN;RENAN;21359924
IMPASSE;Impasse Hélène Boucher;HELENE BOUCHER;BOUCHER;25692431
IMPASSE;Impasse Jean Bosco;JEAN BOSCO;BOSCO;46862024
IMPASSE;Impasse Louis Hémon;LOUIS HEMON;HEMON;46863310
IMPASSE;Impasse Monfort Kerdiles;MONFORT KERDILES;KERDILES;46864238
IMPASSE;Impasse René Char;RENE CHAR;CHAR;21654283
IMPASSE;Impasse Saint-Pierre;SAINT PIERRE;PIERRE;46862034
IMPASSE;Impasse Sapeur Béasse;SAPEUR BEASSE;BEASSE;26370083
IMPASSE;Impasse de Gwarem Vors;DE GWAREM VORS;VORS;511517147
IMPASSE;Impasse de Kermeur;DE KERMEUR;KERMEUR;21359867
IMPASSE;Impasse de Menez Kerivoas;DE MENEZ KERIVOAS;KERIVOAS;46862771
IMPASSE;Impasse de Picardie;DE PICARDIE;PICARDIE;26310589
IMPASSE;Impasse de Pontanné;DE PONTANNE;PONTANNE;26368649,26368650,200893862
IMPASSE;Impasse de Quelarnou;DE QUELARNOU;QUELARNOU;34906539
IMPASSE;Impasse de Quélarnou;DE QUELARNOU;QUELARNOU;34906540
IMPASSE;Impasse de la Villeneuve;DE LA VILLENEUVE;VILLENEUVE;26195174,201007384
IMPASSE;Impasse des Bégonias;DES BEGONIAS;BEGONIAS;201003135
IMPASSE;Impasse des Cytises;DES CYTISES;CYTISES;26308910
IMPASSE;Impasse des Dardanelles;DES DARDANELLES;DARDANELLES;46864789
IMPASSE;Impasse des Fauvettes;DES FAUVETTES;FAUVETTES;72028611
IMPASSE;Impasse des Flandres;DES FLANDRES;FLANDRES;26532589,26532591
IMPASSE;Impasse du Conte;DU CONTE;CONTE;46861772
IMPASSE;Impasse du Docteur Vourch;DU DOCTEUR VOURCH;VOURCH;26196890
IMPASSE;Impasse du Rumen;DU RUMEN;RUMEN;26374754
;Ker Ar C'halet;KER AR C HALET;HALET;46864831
;Kerabivin;KERABIVIN;KERABIVIN;22973118
;Keraudry Vihan;KERAUDRY VIHAN;VIHAN;46864261
;Kerbelic;KERBELIC;KERBELIC;46863200
;Kerbleuniou;KERBLEUNIOU;KERBLEUNIOU;46865046
;Kerdaniou;KERDANIOU;KERDANIOU;34883519
;Kerdanné;KERDANNE;KERDANNE;406133000
;Kerdudi;KERDUDI;KERDUDI;23151232
;Kerebezom;KEREBEZOM;KEREBEZOM;46864832
;Keriegu;KERIEGU;KERIEGU;22804217,46864830
;Kerigoualc'h;KERIGOUALC H;H;46862246
;Kerivarc'h;KERIVARC H;H;34906537
;Kerivot;KERIVOT;KERIVOT;46862017
;Kermeur;KERMEUR;KERMEUR;21359902
;Kermeur Coataudon;KERMEUR COATAUDON;COATAUDON;46864178
;Kervaol;KERVAOL;KERVAOL;25287121
;Kervern;KERVERN;KERVERN;46865049
;Kervouric;KERVOURIC;KERVOURIC;25692412,25692414
;Kéraliou;KERALIOU;KERALIOU;46864252
;Kéraveloc;KERAVELOC;KERAVELOC;46862205
;Kérivin;KERIVIN;KERIVIN;46862447,46862448
;La Clairière de Keraliou;LA CLAIRIERE DE KERALIOU;KERALIOU;425273643
;Lanvian;LANVIAN;LANVIAN;46862128
;Lavallot Izella;LAVALLOT IZELLA;IZELLA;128898601
;Le Questel;LE QUESTEL;QUESTEL;128898602
;Le Scraign;LE SCRAIGN;SCRAIGN;34883517
;Lestaridec;LESTARIDEC;LESTARIDEC;46862247
MAISON;Maison Blanche;BLANCHE;BLANCHE;46864708
;Maner Coz;MANER COZ;COZ;46864828
;Menez Meur;MENEZ MEUR;MEUR;46863837
;Menez Toralan;MENEZ TORALAN;TORALAN;46863419
;Morlen;MORLEN;MORLEN;23154046,191545964
;Moulin du Cam;MOULIN DU CAM;CAM;46862502
PLACE;Place Alain Fournier;ALAIN FOURNIER;FOURNIER;21654274
PLACE;Place Alphonse Daudet;ALPHONSE DAUDET;DAUDET;21654273
PLACE;Place Andre Chenier;ANDRE CHENIER;CHENIER;76346365
PLACE;Place Charles Péguy;CHARLES PEGUY;PEGUY;76346366
PLACE;Place Georges Courteline;GEORGES COURTELINE;COURTELINE;21349452
PLACE;Place Ker Roz;KER ROZ;ROZ;21349460
PLACE;Place Racine;RACINE;RACINE;21349472
PLACE;Place Rimbaud;RIMBAUD;RIMBAUD;21359922
PLACE;Place Xavier Grall;XAVIER GRALL;GRALL;46864607,199826394
PLACE;Place de Kerastivel;DE KERASTIVEL;KERASTIVEL;26374628
PLACE;Place de Saint-Herbot;DE SAINT HERBOT;HERBOT;13705798,13705799
PLACE;Place des Amandiers;DES AMANDIERS;AMANDIERS;25921847
PLACE;Place des Cyprès;DES CYPRES;CYPRES;46864786
PLACE;Place des Frênes;DES FRENES;FRENES;25921851
PLACE;Place des Hêtres;DES HETRES;HETRES;25921852
PLACE;Place des Mimosas;DES MIMOSAS;MIMOSAS;449404025
PLACE;Place des Noisetiers;DES NOISETIERS;NOISETIERS;46863467
PLACE;Place des Ormes;DES ORMES;ORMES;26196168
PLACE;Place des Érables;DES ERABLES;ERABLES;26196546
PLACE;Place du 18 Juin 1940;DU 18 JUIN 1940;1940;46864790
PLACE;Place du 19 Mars 1962;DU 19 MARS 1962;1962;34906555,204014239,550141590
;Poul Ar Velin;POUL AR VELIN;VELIN;46862421
RAMPE;Rampe du Stang Alard;DU STANG ALARD;ALARD;397761563
ROND POINT;Rond-Point Alfred Kastler;ALFRED KASTLER;KASTLER;23148059
ROND POINT;Rond-Point de Kerafur;DE KERAFUR;KERAFUR;191810063,191810064,191810065,193187811
ROND POINT;Rond-Point de Keranna;DE KERANNA;KERANNA;26197373,590612229
ROND POINT;Rond-Point de Kergompez;DE KERGOMPEZ;KERGOMPEZ;13702823,191810066,191810067,191810068,191810069,191810070
ROND POINT;Rond-Point de Kerherven;DE KERHERVEN;KERHERVEN;23917846
ROND POINT;Rond-Point de Kervao;DE KERVAO;KERVAO;193083791
ROND POINT;Rond-Point de Kéraliou;DE KERALIOU;KERALIOU;221824550
ROND POINT;Rond-Point de Palaren;DE PALAREN;PALAREN;5069919,161431665,161462022,161462023,161703149,161703150,590612463,590612464
ROND POINT;Rond-Point de Pen Ar Reun;DE PEN AR REUN;REUN;5156263,191800673,191800675,191800676
ROND POINT;Rond-Point de Pontaine;DE PONTAINE;PONTAINE;13705779,191810071,191810072,191810073
ROND POINT;Rond-Point de Poul ar Feunteun;DE POUL AR FEUNTEUN;FEUNTEUN;5156199
ROND POINT;Rond-Point de Quélarnou;DE QUELARNOU;QUELARNOU;5134980,193079205,193079208,193096809
ROND POINT;Rond-Point de l'Europe;DE L EUROPE;EUROPE;13702847,191810074,191810075,191810076,193184496,193186103
ROND POINT;Rond-Point du 9 Mai 1950;DU 9 MAI 1950;1950;34883509,191810077
ROND POINT;Rond-Point du Menhir;DU MENHIR;MENHIR;314755713
ROND POINT;Rond-Point du Moulin Blanc;DU MOULIN BLANC;BLANC;5069916,161430887,161462237,161462238,191587989,244337585
ROND POINT;Rond-Point du Pontrouff;DU PONTROUFF;PONTROUFF;13702809,191801110,191801111,191801112
ROUTE;Route de Lavallot;DE LAVALLOT;LAVALLOT;23151163,215111949,215809817
ROUTE;Route de Pénéty;DE PENETY;PENETY;221632889,246634148
ROUTE;Route de l'Aéroport;DE L AEROPORT;AEROPORT;183550322,215113256
ROUTE;Route du Vieux Saint-Marc;DU VIEUX SAINT MARC;MARC;26143713,350314341
RUE;Rue Abbé Kerveillat;ABBE KERVEILLAT;KERVEILLAT;26309695
RUE;Rue Abbé Michel Henry;ABBE MICHEL HENRY;HENRY;26309693
RUE;Rue Albert Calmette;ALBERT CALMETTE;CALMETTE;46863270,60045445
RUE;Rue Albert Camus;ALBERT CAMUS;CAMUS;71775755,305200086,458933506,511517146,511517158
RUE;Rue Albert Le Bail;ALBERT LE BAIL;BAIL;202157706,425328940
RUE;Rue Alexandre Dumas;ALEXANDRE DUMAS;DUMAS;46863764,201893404
RUE;Rue Alexis Clairaut;ALEXIS CLAIRAUT;CLAIRAUT;21349427
RUE;Rue Alfonse Penaud;ALFONSE PENAUD;PENAUD;23917847
RUE;Rue Alfred Kastler;ALFRED KASTLER;KASTLER;23148291
RUE;Rue Alfred de Musset;ALFRED DE MUSSET;MUSSET;21654223,23917852
RUE;Rue Alfred de Vigny;ALFRED DE VIGNY;VIGNY;21654250
RUE;Rue Alphonse Penaud;ALPHONSE PENAUD;PENAUD;34883521
RUE;Rue Alsace Lorraine;ALSACE LORRAINE;LORRAINE;26310363
RUE;Rue Ambroise Paré;AMBROISE PARE;PARE;25921849
RUE;Rue Amiral Guépratte;AMIRAL GUEPRATTE;GUEPRATTE;23067129,25921855,60040754,217802103
RUE;Rue Amiral Ronarc'h;AMIRAL RONARC H;H;199469222
RUE;Rue Amiral Troude;AMIRAL TROUDE;TROUDE;13702828,22973226,314755714
RUE;Rue Anatole Le Braz;ANATOLE LE BRAZ;BRAZ;26197371
RUE;Rue André Chénier;ANDRE CHENIER;CHENIER;21362849,21362851,22561863
RUE;Rue Andrée Chedid;ANDREE CHEDID;CHEDID;23151162,23151166,61499203,130569807,183494111,237167467,572749938
RUE;Rue Angela Davis;ANGELA DAVIS;DAVIS;511517157
RUE;Rue Angèle Vannier;ANGELE VANNIER;VANNIER;46861773,46861774,46861776,46861779,518498510
RUE;Rue Anna Marly;ANNA MARLY;MARLY;511517160,511517161
RUE;Rue Anne de Bretagne;ANNE DE BRETAGNE;BRETAGNE;13702857,13702862,26197374,214448094,590612033
RUE;Rue Antoine Lavoisier;ANTOINE LAVOISIER;LAVOISIER;23148290,23148294,23917851
RUE;Rue Antoine de Saint-Exupéry;ANTOINE DE SAINT EXUPERY;EXUPERY;37590594
RUE;Rue Apollinaire;APOLLINAIRE;APOLLINAIRE;170132051
RUE;Rue Augustin Fresnel;AUGUSTIN FRESNEL;FRESNEL;23148276,191546910
RUE;Rue Barthélémy Thimonier;BARTHELEMY THIMONIER;THIMONIER;23147878
RUE;Rue Boileau;BOILEAU;BOILEAU;21349458
RUE;Rue Bossuet;BOSSUET;BOSSUET;23917860
RUE;Rue Branly;BRANLY;BRANLY;26310595,26310596
RUE;Rue Camille Guérin;CAMILLE GUERIN;GUERIN;26310166
RUE;Rue Caroline Aigle;CAROLINE AIGLE;AIGLE;205943211
RUE;Rue Charles Goux;CHARLES GOUX;GOUX;26190159,513139845
RUE;Rue Charles Le Goffic;CHARLES LE GOFFIC;GOFFIC;46861780,46861781
RUE;Rue Charles Nungesser;CHARLES NUNGESSER;NUNGESSER;202162200
RUE;Rue Claude Bernard;CLAUDE BERNARD;BERNARD;550141598,550141599,550141600
RUE;Rue Commandant Challe;COMMANDANT CHALLE;CHALLE;13705778,26368647,26374585,200909394,214448097,214448098
RUE;Rue Danton;DANTON;DANTON;46864787,46864788
RUE;Rue De Kerervern;DE KERERVERN;KERERVERN;34883523
RUE;Rue Docteur Charcot;DOCTEUR CHARCOT;CHARCOT;44022994,46863065
RUE;Rue Docteur Gales;DOCTEUR GALES;GALES;26195931,26195932
RUE;Rue Docteur Jean Lavenant;DOCTEUR JEAN LAVENANT;LAVENANT;26195929
RUE;Rue Duguesclin;DUGUESCLIN;DUGUESCLIN;26197370
RUE;Rue Edmond Rostand;EDMOND ROSTAND;ROSTAND;21359920,21654267,46863221
RUE;Rue Eric Tabarly;ERIC TABARLY;TABARLY;507297301
RUE;Rue Eugène Berest;EUGENE BEREST;BEREST;5155874,5155875,31697238,344505294
RUE;Rue Eugène Bourdon;EUGENE BOURDON;BOURDON;158824879
RUE;Rue Fleming;FLEMING;FLEMING;26369621
RUE;Rue François Tanguy-Prigent;FRANCOIS TANGUY PRIGENT;PRIGENT;202157707
RUE;Rue François Villon;FRANCOIS VILLON;VILLON;21654221
RUE;Rue Françoise Dolto;FRANCOISE DOLTO;DOLTO;201829972,201829974
RUE;Rue Gabriel Laurent;GABRIEL LAURENT;LAURENT;26369529
RUE;Rue Gaspard-Gustave Coriolis;GASPARD GUSTAVE CORIOLIS;CORIOLIS;23154054
RUE;Rue Geneviève de Gaulle-Anthonioz;GENEVIEVE DE GAULLE ANTHONIOZ;ANTHONIOZ;550515005
RUE;Rue Georges Brassens;GEORGES BRASSENS;BRASSENS;21349474,21349475
RUE;Rue Germaine Tillion;GERMAINE TILLION;TILLION;187377075
RUE;Rue Goarem Vors;GOAREM VORS;VORS;46863420
RUE;Rue Gustave Flaubert;GUSTAVE FLAUBERT;FLAUBERT;46862886
RUE;Rue Guy Laot;GUY LAOT;LAOT;18501194
RUE;Rue Guy de Maupassant;GUY DE MAUPASSANT;MAUPASSANT;21359923
RUE;Rue Guynemer;GUYNEMER;GUYNEMER;26309699
RUE;Rue Général Paris de la Bollardière;GENERAL PARIS DE LA BOLLARDIERE;BOLLARDIERE;201097163,201097164
RUE;Rue Henri Beaudoin;HENRI BEAUDOIN;BEAUDOIN;395065446
RUE;Rue Henri Becquerel;HENRI BECQUEREL;BECQUEREL;23166150,315901533,315901534,315901535,315901537
RUE;Rue Henri Dunant;HENRI DUNANT;DUNANT;25921850
RUE;Rue Henri Mondor;HENRI MONDOR;MONDOR;550141601
RUE;Rue Jacqueline Auriol;JACQUELINE AURIOL;AURIOL;62298319,205943212
RUE;Rue Jacques Brel;JACQUES BREL;BREL;200671854
RUE;Rue Jean Mermoz;JEAN MERMOZ;MERMOZ;26310594
RUE;Rue Jean Monnet;JEAN MONNET;MONNET;60051006
RUE;Rue Jean Morvan;JEAN MORVAN;MORVAN;18501193
RUE;Rue Jean Moulin;JEAN MOULIN;MOULIN;34906568,395065447
RUE;Rue Jean Ménez;JEAN MENEZ;MENEZ;18501195
RUE;Rue Jean Odin;JEAN ODIN;ODIN;202157709
RUE;Rue Jean Perrot;JEAN PERROT;PERROT;202157712
RUE;Rue Jean Pierre Calloc'h;JEAN PIERRE CALLOC H;H;21359918
RUE;Rue Jean de la Bruyère;JEAN DE LA BRUYERE;BRUYERE;200671855
RUE;Rue Jean le Guen;JEAN LE GUEN;GUEN;199464345
RUE;Rue Jean-Baptiste Boussingault;JEAN BAPTISTE BOUSSINGAULT;BOUSSINGAULT;46862442,46862443
RUE;Rue Jean-Louis Rolland;JEAN LOUIS ROLLAND;ROLLAND;202157714
RUE;Rue Jean-Michel Caradec;JEAN MICHEL CARADEC;CARADEC;21349479
RUE;Rue Jean-Paul Jaffrès;JEAN PAUL JAFFRES;JAFFRES;132315357
RUE;Rue Joachim du Bellay;JOACHIM DU BELLAY;BELLAY;21654248
RUE;Rue Joseph Louis Proust;JOSEPH LOUIS PROUST;PROUST;23154053
RUE;Rue Jules Janssen;JULES JANSSEN;JANSSEN;23148285,23148286,23148293,23154047,55481057,191546911
RUE;Rue Jules Verne;JULES VERNE;VERNE;21349457
RUE;Rue Kergompez;KERGOMPEZ;KERGOMPEZ;26373931,46862573
RUE;Rue Kerjaouen;KERJAOUEN;KERJAOUEN;189519751
RUE;Rue Lamartine;LAMARTINE;LAMARTINE;21349483
RUE;Rue Laënnec;LAENNEC;LAENNEC;23917857,214447725,214447726
RUE;Rue Louis Guilloux;LOUIS GUILLOUX;GUILLOUX;21654271
RUE;Rue Louis Joseph Mailloux;LOUIS JOSEPH MAILLOUX;MAILLOUX;50815042
RUE;Rue Louis Lichou;LOUIS LICHOU;LICHOU;15809546
RUE;Rue Louis Pasteur;LOUIS PASTEUR;PASTEUR;26309700,26310307
RUE;Rue Louis Rivoallon;LOUIS RIVOALLON;RIVOALLON;21654213,21654215,21654218
RUE;Rue Lucie et Raymond Aubrac;LUCIE ET RAYMOND AUBRAC;AUBRAC;271054534
RUE;Rue Léon Blum;LEON BLUM;BLUM;46864402
RUE;Rue Madame de Sévigné;MADAME DE SEVIGNE;SEVIGNE;21654238,21654240,21654242,46862003,51112852
RUE;Rue Marcel Floch;MARCEL FLOCH;FLOCH;26369530,26369531
RUE;Rue Marie Curie;MARIE CURIE;CURIE;201829975,201829976
RUE;Rue Marie Olympe de Gouges;MARIE OLYMPE DE GOUGES;GOUGES;183843552
RUE;Rue Martin Luther King;MARTIN LUTHER KING;KING;187708434
RUE;Rue Maryse Bastié;MARYSE BASTIE;BASTIE;26369528
RUE;Rue Maréchal Juin;MARECHAL JUIN;JUIN;26195175
RUE;Rue Mendelssohn;MENDELSSOHN;MENDELSSOHN;21654254,199828794
RUE;Rue Michel Pitty;MICHEL PITTY;PITTY;395065448
RUE;Rue Mirabeau;MIRABEAU;MIRABEAU;128897779
RUE;Rue Pascal;PASCAL;PASCAL;21349466
RUE;Rue Paul Claudel;PAUL CLAUDEL;CLAUDEL;21654270
RUE;Rue Paul Ramadier;PAUL RAMADIER;RAMADIER;438156935,438156936
RUE;Rue Paul Simon;PAUL SIMON;SIMON;202157715
RUE;Rue Pen An Traon;PEN AN TRAON;TRAON;23741133,23741136,25790877,25790878,201124942,297328893
RUE;Rue Pen Ar Guear;PEN AR GUEAR;GUEAR;26532844,199476660
RUE;Rue Pierre Jakez Helias;PIERRE JAKEZ HELIAS;HELIAS;23442262,23442263,23442264,29279928,390605959
RUE;Rue Pierre Tremintin;PIERRE TREMINTIN;TREMINTIN;202157716
RUE;Rue Pierre de Ronsard;PIERRE DE RONSARD;RONSARD;21654247
RUE;Rue René Cassin;RENE CASSIN;CASSIN;34906560
RUE;Rue René Kerautret;RENE KERAUTRET;KERAUTRET;292349263
RUE;Rue Robert Chapman;ROBERT CHAPMAN;CHAPMAN;292349264
RUE;Rue Robert Schuman;ROBERT SCHUMAN;SCHUMAN;34883511
RUE;Rue Roland Garros;ROLAND GARROS;GARROS;37590593,193089622,202162201
RUE;Rue Rosa Parks;ROSA PARKS;PARKS;187708435,511517152
RUE;Rue Rouget de Lisle;ROUGET DE LISLE;LISLE;23150749
RUE;Rue Saint-Thudon;SAINT THUDON;THUDON;13702877,46862046,214448095,214448096,223997219
RUE;Rue Saint-Vincent-de-Paul;SAINT VINCENT DE PAUL;PAUL;25921857
RUE;Rue Simone Michel;SIMONE MICHEL;MICHEL;395065449
RUE;Rue Théodore Botrel;THEODORE BOTREL;BOTREL;26310597
RUE;Rue Tristan Corbière;TRISTAN CORBIERE;CORBIERE;21359913
RUE;Rue Verlaine;VERLAINE;VERLAINE;21359912,21654233
RUE;Rue Victor Grignard;VICTOR GRIGNARD;GRIGNARD;23147877
RUE;Rue Victor Le Gorgeu;VICTOR LE GORGEU;GORGEU;202157717,222555661
RUE;Rue Yves Guéguen;YVES GUEGUEN;GUEGUEN;25942773
RUE;Rue Yves Hily;YVES HILY;HILY;292349265
RUE;Rue Yvonne Leroux;YVONNE LEROUX;LEROUX;395065450
RUE;Rue d'Ambrieres;D AMBRIERES;AMBRIERES;5156259
RUE;Rue d'Anjou;D ANJOU;ANJOU;26644777
RUE;Rue d'Aquitaine;D AQUITAINE;AQUITAINE;26644439,214448781
RUE;Rue d'Artois;D ARTOIS;ARTOIS;26533451
RUE;Rue de Bir-Hakeim;DE BIR HAKEIM;HAKEIM;26309312
RUE;Rue de Bourgogne;DE BOURGOGNE;BOURGOGNE;26533096,26533097,550141592
RUE;Rue de Brest;DE BREST;BREST;13702807,13702813,13702814
RUE;Rue de Champagne;DE CHAMPAGNE;CHAMPAGNE;26310372,26310444,26310590,26310592,26310593,26533973,26533974
RUE;Rue de Charente;DE CHARENTE;CHARENTE;26533095,46861915,200893312,550141593
RUE;Rue de Clujury;DE CLUJURY;CLUJURY;26374105
RUE;Rue de Coat Jestin;DE COAT JESTIN;JESTIN;46862503,201012697
RUE;Rue de Cornouaille;DE CORNOUAILLE;CORNOUAILLE;21349449
RUE;Rue de Franche-Comté;DE FRANCHE COMTE;COMTE;26533465
RUE;Rue de Gascogne;DE GASCOGNE;GASCOGNE;25692438,25692439,25692440,25692441,25692445,46862221,200893313
RUE;Rue de Guyenne;DE GUYENNE;GUYENNE;26532360,26532361
RUE;Rue de Ker Huella;DE KER HUELLA;HUELLA;21349450
RUE;Rue de Keradrien;DE KERADRIEN;KERADRIEN;21359910,164108216,214451813
RUE;Rue de Keravilin;DE KERAVILIN;KERAVILIN;21654235
RUE;Rue de Kerdanné;DE KERDANNE;KERDANNE;21654245
RUE;Rue de Keriegu;DE KERIEGU;KERIEGU;23741128,214447110
RUE;Rue de Kerivin;DE KERIVIN;KERIVIN;13702873,60045448,297511322
RUE;Rue de Kerivoas;DE KERIVOAS;KERIVOAS;26195746
RUE;Rue de Kerjaouen;DE KERJAOUEN;KERJAOUEN;23917858,26196544,264308744
RUE;Rue de Kerlaurent;DE KERLAURENT;KERLAURENT;68423993
RUE;Rue de Kerlecu;DE KERLECU;KERLECU;23741132,256200723
RUE;Rue de Kerlouis;DE KERLOUIS;KERLOUIS;46861791
RUE;Rue de Keroumen;DE KEROUMEN;KEROUMEN;179542270
RUE;Rue de Kervezennec;DE KERVEZENNEC;KERVEZENNEC;21349486,46862883
RUE;Rue de Kervillerm;DE KERVILLERM;KERVILLERM;46862140
RUE;Rue de Koatmeur;DE KOATMEUR;KOATMEUR;25790905
RUE;Rue de Kéraliou;DE KERALIOU;KERALIOU;25692437,221824551,222555673,222555676,222555679,425328939
RUE;Rue de Lavallot;DE LAVALLOT;LAVALLOT;23151160,262456926
RUE;Rue de Maner ar C'hoat;DE MANER AR C HOAT;HOAT;21359885
RUE;Rue de Menez Meur;DE MENEZ MEUR;MEUR;22804277
RUE;Rue de Mesgalon;DE MESGALON;MESGALON;21359874
RUE;Rue de Normandie;DE NORMANDIE;NORMANDIE;59047248
RUE;Rue de Palaren;DE PALAREN;PALAREN;22703901,183367405,323879967,323879968,344505282,356622444,394324491,435299332
RUE;Rue de Paris;DE PARIS;PARIS;13702824,13702826,13702827,199441126,210632699,210632700,214447500,214447501,218346434
RUE;Rue de Poul ar Feunteun;DE POUL AR FEUNTEUN;FEUNTEUN;25598636
RUE;Rue de Provence;DE PROVENCE;PROVENCE;26579131,37911253
RUE;Rue de Quimper;DE QUIMPER;QUIMPER;19789573,19789574,19789575
RUE;Rue de Ribeuze;DE RIBEUZE;RIBEUZE;26533719
RUE;Rue de Saintonge;DE SAINTONGE;SAINTONGE;26374101,46863936
RUE;Rue de Salanguis;DE SALANGUIS;SALANGUIS;204720249
RUE;Rue de Savoie;DE SAVOIE;SAVOIE;46862335,199476658,199476659
RUE;Rue de Touraine;DE TOURAINE;TOURAINE;26310366,26310370
RUE;Rue de Tourbian;DE TOURBIAN;TOURBIAN;169831882,171771535,171772264,193190498,206833907
RUE;Rue de Vendée;DE VENDEE;VENDEE;26310371
RUE;Rue de Verdun;DE VERDUN;VERDUN;19788695,19789576,19789577,26309313
RUE;Rue de l'Abbé Letty;DE L ABBE LETTY;LETTY;191593603
RUE;Rue de l'Amicale;DE L AMICALE;AMICALE;21654435,46863423
RUE;Rue de l'Argoat;DE L ARGOAT;ARGOAT;46862229
RUE;Rue de l'Eau Blanche;DE L EAU BLANCHE;BLANCHE;255384122
RUE;Rue de l'Elorn;DE L ELORN;ELORN;25790894
RUE;Rue de la Chapelle;DE LA CHAPELLE;CHAPELLE;200739207,215789257
RUE;Rue de la Communauté;DE LA COMMUNAUTE;COMMUNAUTE;18501188,511517142
RUE;Rue de la Forge;DE LA FORGE;FORGE;25790851,260992226
RUE;Rue de la Forêt;DE LA FORET;FORET;25790866
RUE;Rue de la Fraternité;DE LA FRATERNITE;FRATERNITE;21654210,214450580
RUE;Rue de la Gare;DE LA GARE;GARE;5069918,5069920,5069921,60147396,61749481,141653565,387879419,387879420
RUE;Rue de la Garenne;DE LA GARENNE;GARENNE;21359882,199900312
RUE;Rue de la Paix;DE LA PAIX;PAIX;26196892
RUE;Rue de la Tour d'Auvergne;DE LA TOUR D AUVERGNE;AUVERGNE;25942734
RUE;Rue de la Vallée;DE LA VALLEE;VALLEE;13702865
RUE;Rue des 3 Frères Cozian;DES 3 FRERES COZIAN;COZIAN;25942772
RUE;Rue des Acacias;DES ACACIAS;ACACIAS;25942747,26308916,46864315
RUE;Rue des Ajoncs d'Or;DES AJONCS D OR;OR;46953772
RUE;Rue des Alouettes;DES ALOUETTES;ALOUETTES;21359871
RUE;Rue des Bergeronnettes;DES BERGERONNETTES;BERGERONNETTES;21359893
RUE;Rue des Cerisiers;DES CERISIERS;CERISIERS;25921854
RUE;Rue des Chardonnerets;DES CHARDONNERETS;CHARDONNERETS;289076203
RUE;Rue des Charmes;DES CHARMES;CHARMES;26196541,26196543
RUE;Rue des Châtaigniers;DES CHATAIGNIERS;CHATAIGNIERS;25942745
RUE;Rue des Chênes;DES CHENES;CHENES;25921853
RUE;Rue des Cévennes;DES CEVENNES;CEVENNES;425264746,425270316,425270317
RUE;Rue des Frères de La Salle;DES FRERES DE LA SALLE;SALLE;21359888
RUE;Rue des Hirondelles;DES HIRONDELLES;HIRONDELLES;21359894
RUE;Rue des Mandarins;DES MANDARINS;MANDARINS;201124941
RUE;Rue des Marronniers;DES MARRONNIERS;MARRONNIERS;26196545
RUE;Rue des Ortolans;DES ORTOLANS;ORTOLANS;201884725,201884726
RUE;Rue des Peupliers;DES PEUPLIERS;PEUPLIERS;25942749
RUE;Rue des Pinsons;DES PINSONS;PINSONS;21359886,46864513
RUE;Rue des Pommiers;DES POMMIERS;POMMIERS;25921848
RUE;Rue des Poudriers;DES POUDRIERS;POUDRIERS;21362822
RUE;Rue des Pétrels;DES PETRELS;PETRELS;25790888,260960686,260960687
RUE;Rue des Rossignols;DES ROSSIGNOLS;ROSSIGNOLS;21359880
RUE;Rue des Sittelles;DES SITTELLES;SITTELLES;46862202
RUE;Rue des Tadornes;DES TADORNES;TADORNES;25790886
RUE;Rue des Tilleuls;DES TILLEULS;TILLEULS;25942748,26308913
RUE;Rue des Tourterelles;DES TOURTERELLES;TOURTERELLES;21359869
RUE;Rue des Verdiers;DES VERDIERS;VERDIERS;21359884
RUE;Rue du Berry;DU BERRY;BERRY;26310365
RUE;Rue du Commandant Boennec;DU COMMANDANT BOENNEC;BOENNEC;26309353,26309355
RUE;Rue du Commandant Challe;DU COMMANDANT CHALLE;CHALLE;13705794,216877501,601275774
RUE;Rue du Commandant Charcot;DU COMMANDANT CHARCOT;CHARCOT;16821779,216877502
RUE;Rue du Dauphiné;DU DAUPHINE;DAUPHINE;137460431
RUE;Rue du Docteur Albert Schweitzer;DU DOCTEUR ALBERT SCHWEITZER;SCHWEITZER;26310161,26310164
RUE;Rue du Douvez;DU DOUVEZ;DOUVEZ;22973115,214447111
RUE;Rue du Froutven;DU FROUTVEN;FROUTVEN;21654285
RUE;Rue du Languedoc;DU LANGUEDOC;LANGUEDOC;26579148,26579149
RUE;Rue du Limousin;DU LIMOUSIN;LIMOUSIN;46862446
RUE;Rue du Léon;DU LEON;LEON;21349444
RUE;Rue du Manoir;DU MANOIR;MANOIR;26195745
RUE;Rue du Maréchal Leclerc;DU MARECHAL LECLERC;LECLERC;26192770,26192772
RUE;Rue du Maréchal de Lattre de Tassigny;DU MARECHAL DE LATTRE DE TASSIGNY;TASSIGNY;26192771
RUE;Rue du Moulin du Pont;DU MOULIN DU PONT;PONT;23917861
RUE;Rue du Poitou;DU POITOU;POITOU;26532845
RUE;Rue du Pont-Neuf;DU PONT NEUF;NEUF;171771633,171772121,171772123,618970243
RUE;Rue du Pouldu;DU POULDU;POULDU;25790889
RUE;Rue du Pourquoi Pas;DU POURQUOI PAS;PAS;26309701
RUE;Rue du Périgord;DU PERIGORD;PERIGORD;26532906,26532907
RUE;Rue du Rody;DU RODY;RODY;21359865,21359891,46862208,60147395,120021656,395029386,550515018
RUE;Rue du Roussillon;DU ROUSSILLON;ROUSSILLON;26374102,200895086
RUE;Rue du Trégor;DU TREGOR;TREGOR;21349445
RUE;Rue du Vercors;DU VERCORS;VERCORS;26196891
;Runavel;RUNAVEL;RUNAVEL;18501204
;Saint-Nicolas;SAINT NICOLAS;NICOLAS;46864031
;Saint-Thudon;SAINT THUDON;THUDON;205943213
;Seiter Bihan;SEITER BIHAN;BIHAN;46863176
;Stangalar;STANGALAR;STANGALAR;46864411
;Streatic Ar Folgoat;STREATIC AR FOLGOAT;FOLGOAT;34883498
;Toralan;TORALAN;TORALAN;23151231
VENELLE;Venelle d'Armorique;D ARMORIQUE;ARMORIQUE;200997625
VENELLE;Venelle de Keravel;DE KERAVEL;KERAVEL;23067130
VENELLE;Venelle de Kerivoas;DE KERIVOAS;KERIVOAS;201007385
VENELLE;Venelle du Roz;DU ROZ;ROZ;46862952
