voie;name;name_norm;last_word_norm;ways
ALLEE;Allée d'Hestia;D HESTIA;HESTIA;321508265
ALLEE;Allée des Bains;DES BAINS;BAINS;321508266,321508267
ANCIEN CHEMIN;Ancien Chemin Coulevon;COULEVON;TERRIER;322187361,322187362
AVENUE;Avenue Aristide Briand;ARISTIDE BRIAND;BRIAND;35267422,524339861,524339863
AVENUE;Avenue Christian Bergelin;CHRISTIAN BERGELIN;BERGELIN;202550116,321385643,321385644,380255865
AVENUE;Avenue Christian Colombet;CHRISTIAN COLOMBET;COLOMBET;109199982
AVENUE;Avenue Durgeon;DURGEON;GERLINGEN;35263499,321385645,321385646
AVENUE;Avenue René Heymes;RENE HEYMES;HEYMES;179822086,179822103
AVENUE;Avenue des Rêpes;DES REPES;REPES;120551411
AVENUE;Avenue du Lac;DU LAC;LAC;35321607,321414789,321414790
BOULEVARD;Boulevard Charles de Gaulle;CHARLES DE GAULLE;GAULLE;35263597,321477444,321477445,321508270,321508271,321508272
BOULEVARD;Boulevard Kennedy;KENNEDY;BELIN;35266895,35266896,179790266,189326080,189326083,322086208,322086209,322336168
BOULEVARD;Boulevard des Alliés;DES ALLIES;ALLIES;35263185,35263186,35281204,35281206,321382141,321382143,321382145,321477446,321477447,321477448,321477449,524339836
CARREFOUR;Carrefour de la Libération;DE LA LIBERATION;LIBERATION;36979110
;Charrière Saint-Martin;CHARRIERE SAINT MARTIN;MARTIN;35472471
CHEMIN;Chemin de la Motte;DE LA MOTTE;MOTTE;35234232
CHEMIN;Chemin des Perches;DES PERCHES;PERCHES;527121700
COURS;Cours François Villon;FRANCOIS VILLON;VILLON;322262901,322262903
COURS;Cours Malherbe;MALHERBE;VILLON;322262905
COURS;Cours Montaigne;MONTAIGNE;MAGOT;35276204,120551431,322262907
COURS;Cours Rabelais;RABELAIS;CHANOIS;120551429
IMPASSE;Impasse Fleurier;FLEURIER;BAINS;321508273
IMPASSE;Impasse Lesigne;LESIGNE;VILLERSEXEL;321382148
IMPASSE;Impasse Michelot;MICHELOT;JAURES;321771716,321771717,321771718
IMPASSE;Impasse Saint-Vincent;SAINT VINCENT;VINCENT;35219965
IMPASSE;Impasse de l'Aigle Noir;DE L AIGLE NOIR;NOIR;322223219
IMPASSE;Impasse de la Défense;DE LA DEFENSE;DEFENSE;35219960
IMPASSE;Impasse des Petits Champs;DES PETITS CHAMPS;CHAMPS;35472461
PASSAGE;Passage Jules Didier;JULES DIDIER;DIDIER;321382153
PASSAGE;Passage des Annonciades;DES ANNONCIADES;ANNONCIADES;321771721,321771722,321771723,321771724,321771725
PETITE RUE;Petite Rue du Palais;DU PALAIS;PALAIS;35219962
PLACE;Place Beauchamp;BEAUCHAMP;MAGINOT;224205239
PLACE;Place Edwige Feuillère;EDWIGE FEUILLERE;FEUILLERE;321508274
PLACE;Place Moulin des Prés;MOULIN DES PRES;PRES;35263354
PLACE;Place Pierre Renet;PIERRE RENET;RENET;35263356,35263357,195727976,524339838,524339839,524339840,524339844,524339847,524339856,524339858
PLACE;Place Pierre Ronsard;PIERRE RONSARD;RONSARD;321423528
PLACE;Place René Hologne;RENE HOLOGNE;HOLOGNE;321508303,321508306
PLACE;Place de l'Église;DE L EGLISE;EGLISE;35219336,35588051,321414808
PLACE;Place de la République;DE LA REPUBLIQUE;REPUBLIQUE;35219181,35220247,35282163,195727981,197651814,321414791
PLACE;Place des Casernes;DES CASERNES;CASERNES;224489173,321385654
PLACE;Place du 11e Chasseurs;DU 11E CHASSEURS;CHASSEURS;35554673,35554675,35554678
PLACE;Place du Commerce;DU COMMERCE;COMMERCE;322223220
PLACE;Place du Grand Puits;DU GRAND PUITS;PUITS;35876055,197651816
PLACE;Place du Palais;DU PALAIS;PALAIS;35219184,197651817,309350169,309350170
PLACE;Place du Trau;DU TRAU;TRAU;224205240
QUAI;Quai Docteur Petitjean;DOCTEUR PETITJEAN;PETITJEAN;35263358,321385647,321385648,321508275
QUAI;Quai René Veil;RENE VEIL;VEIL;35263355
QUAI;Quai Yves Barbier;YVES BARBIER;BARBIER;35263195,321414792,321414793,329352041,354231825,354231831,354231832,354231833,354231834,496526875
ROUTE;Route de Paris;DE PARIS;PARIS;23121750,23121751,85639588,85639596,85639601,85639607,85639610,179821994,219655436,366837644,366871964,366873074,366873078
ROUTE;Route de Saint-Loup;DE SAINT LOUP;LOUP;35631440,120548522,321423524,321423525,321423526,321423527,322219810,322219814,322219818,322219820,322219823,524339872,524339873
RUE;Rue Albert Camus;ALBERT CAMUS;CAMUS;321423529
RUE;Rue Albert Decaris;ALBERT DECARIS;DECARIS;35551900
RUE;Rue Alfred de Musset;ALFRED DE MUSSET;MUSSET;322223221
RUE;Rue Amiral Courbet;AMIRAL COURBET;COURBET;193063661
RUE;Rue André Maginot;ANDRE MAGINOT;MAGINOT;223838631
RUE;Rue Antoine Saint-Exupéry;ANTOINE SAINT EXUPERY;EXUPERY;120466612
RUE;Rue Aristide Briand;ARISTIDE BRIAND;BRIAND;35219182
RUE;Rue Arthur Krebs;ARTHUR KREBS;KREBS;58377924
RUE;Rue Baron Bouvier;BARON BOUVIER;BOUVIER;22734232,35238056,35267423,321414794,321416552,321416553,321416554,321416555,329352042,329352043,524339867,524339868,524339869
RUE;Rue Beauchamp;BEAUCHAMP;PREFECTURE;35236174
RUE;Rue Beethoven;BEETHOVEN;DIDIER;321382155,354231835
RUE;Rue Bernard Palissy;BERNARD PALISSY;PALISSY;309350171
RUE;Rue Blaise Pascal;BLAISE PASCAL;PASCAL;120466614
RUE;Rue Bourdault;BOURDAULT;BARBOILLOZ;35267428
RUE;Rue Bouvaist;BOUVAIST;ECHENOZ;203493923
RUE;Rue Chapas Étienne;CHAPAS ETIENNE;ETIENNE;120191753
RUE;Rue Charles Péguy;CHARLES PEGUY;PEGUY;120466613
RUE;Rue Charrière des Grands Murs;CHARRIERE DES GRANDS MURS;MURS;35876052
RUE;Rue Claude Bernard;CLAUDE BERNARD;BERNARD;120551754
RUE;Rue Claude Cariage;CLAUDE CARIAGE;CARIAGE;35472466
RUE;Rue Claude Monnet;CLAUDE MONNET;MONNET;322219825
RUE;Rue Claude Renaudot;CLAUDE RENAUDOT;RENAUDOT;120191759,309350173
RUE;Rue Couderet;COUDERET;SOURCES;35472459
RUE;Rue Dagnan Bouveret;DAGNAN BOUVERET;BOUVERET;120195639,309350192
RUE;Rue Derrière l'Église;DERRIERE L EGLISE;EGLISE;35220250,321414795,321414796
RUE;Rue Derrière le Palais;DERRIERE LE PALAIS;PALAIS;35219963
RUE;Rue Didon;DIDON;THEUREY;203493857
RUE;Rue Edgar Faure;EDGAR FAURE;FAURE;35554670
RUE;Rue Emile Gauthier;EMILE GAUTHIER;GAUTHIER;203493863,203493954
RUE;Rue Flandres-Dunkerque;FLANDRES DUNKERQUE;DUNKERQUE;35280895,179935029
RUE;Rue Franche-Comté;FRANCHE COMTE;COMTE;35263191
RUE;Rue François Cordier;FRANCOIS CORDIER;CORDIER;35472467
RUE;Rue Françoise Carementrant;FRANCOISE CAREMENTRANT;CAREMENTRANT;35472468
RUE;Rue George Sand;GEORGE SAND;SAND;321423531
RUE;Rue Georges Genoux;GEORGES GENOUX;GENOUX;35219183,321771726
RUE;Rue Georges Guynemer;GEORGES GUYNEMER;GUYNEMER;321423530
RUE;Rue Georges Ponsot;GEORGES PONSOT;PONSOT;37543587,322421803,322421804
RUE;Rue Gevrey;GEVREY;ANNONCIADES;321771727
RUE;Rue Grosjean;GROSJEAN;EGLISE;35220320,120304451,203493802,203493809,321385649,321385650,321385651,354231836,524339837
RUE;Rue Gustave Courbet;GUSTAVE COURBET;COURBET;120195634,219270794
RUE;Rue Gustave Courtois;GUSTAVE COURTOIS;COURTOIS;120195641,179822047,179822075
RUE;Rue Général de Gaulle;GENERAL DE GAULLE;GAULLE;203493933
RUE;Rue Gérome;GEROME;COMTE;35263192,354231838,354231839
RUE;Rue Henri Fabre;HENRI FABRE;FABRE;322421805
RUE;Rue Henri Poincaré;HENRI POINCARE;POINCARE;178923950,354231840
RUE;Rue Hubert Gibault;HUBERT GIBAULT;GIBAULT;58377950
RUE;Rue Jacqueline Auriol;JACQUELINE AURIOL;AURIOL;35551898
RUE;Rue Jacques Terrier;JACQUES TERRIER;TERRIER;322086214
RUE;Rue Jean Jaurès;JEAN JAURES;JAURES;321513059
RUE;Rue Jean Mermoz;JEAN MERMOZ;MERMOZ;120466617
RUE;Rue Jean Moulin;JEAN MOULIN;MOULIN;35555288
RUE;Rue Jean Parmentier;JEAN PARMENTIER;PARMENTIER;309264086,321508276
RUE;Rue Jean-Bernard Derosne;JEAN BERNARD DEROSNE;DEROSNE;35555289
RUE;Rue Jeanne d'Arc;JEANNE D ARC;ARC;203493865
RUE;Rue Jules Alexis Muenier;JULES ALEXIS MUENIER;MUENIER;120551414,322336178,524339874,524339875
RUE;Rue Jules Ferry;JULES FERRY;FERRY;203493866,203493899
RUE;Rue Lafayette;LAFAYETTE;BANQUE;35263199,321414797,321414798
RUE;Rue Lamartine;LAMARTINE;COURTOIS;120295690
RUE;Rue Laurent de Lavoisier;LAURENT DE LAVOISIER;LAVOISIER;321423532
RUE;Rue Leblond;LEBLOND;PERILLEUSE;219710500
RUE;Rue Lili Jobard;LILI JOBARD;JOBARD;322459993
RUE;Rue Louis Ampère;LOUIS AMPERE;AMPERE;120551758
RUE;Rue Louis Blériot;LOUIS BLERIOT;BLERIOT;120191755
RUE;Rue Louis Monnier;LOUIS MONNIER;MONNIER;35472464,321477452,321477453
RUE;Rue Louis Paquet;LOUIS PAQUET;PAQUET;120467469,120467470
RUE;Rue Louis Pergaud;LOUIS PERGAUD;PERGAUD;35877394
RUE;Rue Lucie et Raymond Aubrac;LUCIE ET RAYMOND AUBRAC;AUBRAC;35592258,37543588,321477454,321477455
RUE;Rue Lucienne Weil;LUCIENNE WEIL;WEIL;120551407,120551428
RUE;Rue Marcel Bon;MARCEL BON;BON;108447310
RUE;Rue Marcel Proust;MARCEL PROUST;PROUST;203493867
RUE;Rue Marcodey;MARCODEY;MUENIER;120551417
RUE;Rue Marie François Boisson;MARIE FRANCOIS BOISSON;BOISSON;120191756
RUE;Rue Maryse Bastié;MARYSE BASTIE;BASTIE;35551897
RUE;Rue Maréchal Delattre;MARECHAL DELATTRE;DELATTRE;120466616
RUE;Rue Maréchal Foch;MARECHAL FOCH;FOCH;193063664
RUE;Rue Maréchal Joffre;MARECHAL JOFFRE;JOFFRE;193063665
RUE;Rue Max Devaux;MAX DEVAUX;DEVAUX;322219828
RUE;Rue Meillier;MEILLIER;GERLINGEN;35263497,524339849,524339853
RUE;Rue Micheline;MICHELINE;PERGAUD;35877395
RUE;Rue Miraudot Saint-Ferjeux;MIRAUDOT SAINT FERJEUX;FERJEUX;35238055
RUE;Rue Miroudot Saint-Ferjeux;MIROUDOT SAINT FERJEUX;FERJEUX;35247761
RUE;Rue Noirot;NOIROT;LAC;35321609
RUE;Rue Noël Courvoisier;NOEL COURVOISIER;COURVOISIER;35592638
RUE;Rue Olivier de Serres;OLIVIER DE SERRES;SERRES;120466610
RUE;Rue Paul François;PAUL FRANCOIS;FRANCOIS;309350174
RUE;Rue Paul Morel;PAUL MOREL;MOREL;35263182,329352044
RUE;Rue Paul Petitclerc;PAUL PETITCLERC;PETITCLERC;35219961
RUE;Rue Paul Valéry;PAUL VALERY;VALERY;321423533,321423534
RUE;Rue Paul Verlaine;PAUL VERLAINE;VERLAINE;35593236,120295693
RUE;Rue Petit;PETIT;ECHENOZ;203493905
RUE;Rue Pierre Curie;PIERRE CURIE;CURIE;35439899,36979108,321508278
RUE;Rue Pierre Emmonot;PIERRE EMMONOT;EMMONOT;108447308
RUE;Rue Pierre de Coubertin;PIERRE DE COUBERTIN;COUBERTIN;35263494
RUE;Rue Pillot;PILLOT;LEVANT;321414810,321508280
RUE;Rue Pizard Theurey;PIZARD THEUREY;THEUREY;203493850
RUE;Rue René Pataille;RENE PATAILLE;PATAILLE;120551757
RUE;Rue Robert Dépoulain;ROBERT DEPOULAIN;DEPOULAIN;35877390,321477457,321477458
RUE;Rue Robert Fontesse;ROBERT FONTESSE;FONTESSE;35551893
RUE;Rue Robert Franchequin;ROBERT FRANCHEQUIN;FRANCHEQUIN;309350175
RUE;Rue Robert Labat;ROBERT LABAT;LABAT;35551903
RUE;Rue Roger Salengro;ROGER SALENGRO;SALENGRO;35219959
RUE;Rue Rosa Bonheur;ROSA BONHEUR;BONHEUR;219270793
RUE;Rue Rouget de l'Isle;ROUGET DE L ISLE;ISLE;35439897
RUE;Rue Saint-Georges;SAINT GEORGES;GEORGES;35219187,219710501,329352045
RUE;Rue Saint-Martin;SAINT MARTIN;MARTIN;35247764,35263197,321477462,321477464
RUE;Rue Serpente;SERPENTE;LIBERATION;37543140,321414799
RUE;Rue Simon Renard;SIMON RENARD;RENARD;35593240
RUE;Rue Théodule Ribot;THEODULE RIBOT;RIBOT;120466621,321423535,321423536,321423543
RUE;Rue Vendemiaire;VENDEMIAIRE;MARTEROY;35231903,35876053
RUE;Rue Victor Dolle;VICTOR DOLLE;DOLLE;322219831,322219834,322219837
RUE;Rue Voisard;VOISARD;DEPOULAIN;35877393
RUE;Rue d'Alsace-Lorraine;D ALSACE LORRAINE;LORRAINE;35219335,321771728
RUE;Rue d'Echenoz;D ECHENOZ;ECHENOZ;203493889
RUE;Rue de Barboilloz;DE BARBOILLOZ;BARBOILLOZ;35267427
RUE;Rue de Baulmont;DE BAULMONT;BAULMONT;35263196
RUE;Rue de Biankouma et Sipilou;DE BIANKOUMA ET SIPILOU;SIPILOU;120551422
RUE;Rue de Cita;DE CITA;CITA;35439896,321508281,321508282,321508283
RUE;Rue de Fleurier;DE FLEURIER;FLEURIER;35219958,321508284,321508285
RUE;Rue de Gerlingen;DE GERLINGEN;GERLINGEN;35263495
RUE;Rue de Mailly;DE MAILLY;MAILLY;309350177
RUE;Rue de Noidans;DE NOIDANS;NOIDANS;203493971
RUE;Rue de Pontarcher;DE PONTARCHER;PONTARCHER;33101797,35263987,322336182,322336185,322336188,322336191,322336193,322336196,322336199,380255872,524339870,524339871
RUE;Rue de Praley;DE PRALEY;PRALEY;37543431,37543432,322187363,322187364
RUE;Rue de Verdun;DE VERDUN;VERDUN;35263188,35263189,35263190,321508286,321508287
RUE;Rue de Villersexel;DE VILLERSEXEL;VILLERSEXEL;309350191,321946322,321946323
RUE;Rue de l'Aigle Noir;DE L AIGLE NOIR;NOIR;35263493,321414800,321414801,321414809
RUE;Rue de l'Ancien Octroi;DE L ANCIEN OCTROI;OCTROI;322187365
RUE;Rue de l'Industrie;DE L INDUSTRIE;INDUSTRIE;35554180,321423537,321423538,322219839,322219842,322219845,322219847,322219850
RUE;Rue de la 1re D.F.L;DE LA 1RE D F L;L;120551426
RUE;Rue de la Banque;DE LA BANQUE;BANQUE;35263198
RUE;Rue de la Grande Charrière;DE LA GRANDE CHARRIERE;CHARRIERE;35472462,321414802
RUE;Rue de la Halle;DE LA HALLE;HALLE;35219185
RUE;Rue de la Marne;DE LA MARNE;MARNE;120551408
RUE;Rue de la Maréchalerie;DE LA MARECHALERIE;MARECHALERIE;35472460,321428434,321428435,321428436,321428437
RUE;Rue de la Montoillotte;DE LA MONTOILLOTTE;MONTOILLOTTE;35472463
RUE;Rue de la Motte;DE LA MOTTE;MOTTE;35236171
RUE;Rue de la Mutualité;DE LA MUTUALITE;MUTUALITE;309350181
RUE;Rue de la Paix;DE LA PAIX;PAIX;120551413,322223222
RUE;Rue de la Préfecture;DE LA PREFECTURE;PREFECTURE;35236172
RUE;Rue de la Pépinière;DE LA PEPINIERE;PEPINIERE;120551406
RUE;Rue de la Périlleuse;DE LA PERILLEUSE;PERILLEUSE;219295422,322223223
RUE;Rue de la Ressorte;DE LA RESSORTE;RESSORTE;35593241
RUE;Rue de la Traction;DE LA TRACTION;TRACTION;203493828
RUE;Rue de la Vaugine;DE LA VAUGINE;VAUGINE;179822098,179822107,219655465,219655477
RUE;Rue des Acacias;DES ACACIAS;ACACIAS;120551434,322223224
RUE;Rue des Annonciades;DES ANNONCIADES;ANNONCIADES;35876056
RUE;Rue des Bains;DES BAINS;BAINS;35555282,321508288,354231843
RUE;Rue des Balcons Fleuris;DES BALCONS FLEURIS;FLEURIS;309350185
RUE;Rue des Bignones;DES BIGNONES;BIGNONES;322262909
RUE;Rue des Bosquets Saint-Martin;DES BOSQUETS SAINT MARTIN;MARTIN;35472457
RUE;Rue des Boucheries;DES BOUCHERIES;BOUCHERIES;321382158
RUE;Rue des Bouleaux;DES BOULEAUX;BOULEAUX;120551433
RUE;Rue des Casernes;DES CASERNES;CASERNES;35554679
RUE;Rue des Cassis;DES CASSIS;CASSIS;322223225
RUE;Rue des Danvions;DES DANVIONS;DANVIONS;309350180,321414803,321414804
RUE;Rue des Fleurs;DES FLEURS;FLEURS;120551405
RUE;Rue des Frères Lumière;DES FRERES LUMIERE;LUMIERE;120466619
RUE;Rue des Glycines;DES GLYCINES;GLYCINES;322262910
RUE;Rue des Grandes Faulx;DES GRANDES FAULX;FAULX;35263500
RUE;Rue des Géraniums;DES GERANIUMS;GERANIUMS;322336202
RUE;Rue des Haberges;DES HABERGES;HABERGES;322421806
RUE;Rue des Ilottes;DES ILOTTES;ILOTTES;35321611
RUE;Rue des Jardins;DES JARDINS;JARDINS;120551423
RUE;Rue des Jonquilles;DES JONQUILLES;JONQUILLES;120551410
RUE;Rue des Lilas;DES LILAS;LILAS;120551412
RUE;Rue des Lucottes;DES LUCOTTES;LUCOTTES;35472472
RUE;Rue des Marronniers;DES MARRONNIERS;MARRONNIERS;120551432
RUE;Rue des Montagnards;DES MONTAGNARDS;MONTAGNARDS;322187368
RUE;Rue des Mortes Pierres;DES MORTES PIERRES;PIERRES;35472455
RUE;Rue des Myosotis;DES MYOSOTIS;MYOSOTIS;120551421
RUE;Rue des Pensées;DES PENSEES;PENSEES;322223228
RUE;Rue des Presles;DES PRESLES;PRESLES;309350189
RUE;Rue des Primevères;DES PRIMEVERES;PRIMEVERES;322262923
RUE;Rue des Prunus;DES PRUNUS;PRUNUS;322262912,322262913
RUE;Rue des Pâquerettes;DES PAQUERETTES;PAQUERETTES;322336205
RUE;Rue des Regains;DES REGAINS;REGAINS;322219852
RUE;Rue des Roses;DES ROSES;ROSES;120551418
RUE;Rue des Saules;DES SAULES;SAULES;321385652
RUE;Rue des Sorbiers;DES SORBIERS;SORBIERS;120551409
RUE;Rue des Sources;DES SOURCES;SOURCES;35472458
RUE;Rue des Tanneurs;DES TANNEURS;TANNEURS;35321610
RUE;Rue des Tilleuls;DES TILLEULS;TILLEULS;322262915,322262916
RUE;Rue des Tulipiers;DES TULIPIERS;TULIPIERS;120551425,322262918
RUE;Rue des Ursulines;DES URSULINES;URSULINES;35876054
RUE;Rue des Vignes;DES VIGNES;VIGNES;35472456,219270791
RUE;Rue des Violettes;DES VIOLETTES;VIOLETTES;120551435
RUE;Rue des Écoles;DES ECOLES;ECOLES;36979107
RUE;Rue du 23e R.I.F.;DU 23E R I F;F;179935011,179935027,219655435,219655441,233676163,366875091
RUE;Rue du Breuil;DU BREUIL;BREUIL;35220248,321414805,321414806
RUE;Rue du Capitaine Blandin;DU CAPITAINE BLANDIN;BLANDIN;35472465,180355429
RUE;Rue du Chatelet;DU CHATELET;CHATELET;35876057
RUE;Rue du Clos Saint-Ferjeux;DU CLOS SAINT FERJEUX;FERJEUX;213162786,322187369,322187370,322187371
RUE;Rue du Commandant Girardot;DU COMMANDANT GIRARDOT;GIRARDOT;35263183
RUE;Rue du Commandant Gramspacher;DU COMMANDANT GRAMSPACHER;GRAMSPACHER;35554671
RUE;Rue du Docteur Championnet;DU DOCTEUR CHAMPIONNET;CHAMPIONNET;35263359
RUE;Rue du Docteur Doillon;DU DOCTEUR DOILLON;DOILLON;35593239
RUE;Rue du Docteur Gaston Vichard;DU DOCTEUR GASTON VICHARD;VICHARD;219244662
RUE;Rue du Docteur Guillet Michel;DU DOCTEUR GUILLET MICHEL;MICHEL;179822076
RUE;Rue du Docteur Jean-Georges Girard;DU DOCTEUR JEAN GEORGES GIRARD;GIRARD;35592257,108447314,321477450,321477451
RUE;Rue du Fort;DU FORT;FORT;321382160
RUE;Rue du Grand Chanois;DU GRAND CHANOIS;CHANOIS;377699483
RUE;Rue du Grand Grésil;DU GRAND GRESIL;GRESIL;35239188,321416556,321416557,321416558,321416559,321416560,329352046
RUE;Rue du Levant;DU LEVANT;LEVANT;321385653
RUE;Rue du Lieutenant Kopp;DU LIEUTENANT KOPP;KOPP;189326078,219655479,322086217
RUE;Rue du Marteroy;DU MARTEROY;MARTEROY;35231902
RUE;Rue du Maréchal Juin;DU MARECHAL JUIN;JUIN;35554177,35554182,179822014,179822043,321423539,321423540,321423541,321423542
RUE;Rue du Moulin des Prés;DU MOULIN DES PRES;PRES;35220249
RUE;Rue du Palais;DU PALAIS;PALAIS;35219186
RUE;Rue du Petit Chanois;DU PETIT CHANOIS;CHANOIS;120551427
RUE;Rue du Petit Montmarin;DU PETIT MONTMARIN;MONTMARIN;35480090,219244663,219244664,322187372
RUE;Rue du Point du Jour;DU POINT DU JOUR;JOUR;35263596,329352047
RUE;Rue du Prasley;DU PRASLEY;PRASLEY;35472794,322187373,322187374
RUE;Rue du Presbytère;DU PRESBYTERE;PRESBYTERE;321382162
RUE;Rue du Souvenir Français;DU SOUVENIR FRANCAIS;FRANCAIS;35231901
RUE;Rue du Stade;DU STADE;STADE;35280896
RUE;Rue du Talerot;DU TALEROT;TALEROT;35472793,322187375
RUE;Rue Édouard Belin;EDOUARD BELIN;BELIN;35263989
RUE;Rue Édouard Branly;EDOUARD BRANLY;BRANLY;120551759
RUE;Rue Édouard Magot;EDOUARD MAGOT;MAGOT;35267429
SQUARE;Square Flavigny;FLAVIGNY;ANNONCIADES;321771730
