voie;name;name_norm;last_word_norm;ways
;Abandoned;ABANDONED;ABANDONED;244968665
ALLEE;Allée Boileau;BOILEAU;BOILEAU;422679011
ALLEE;Allée Bourvil;BOURVIL;BOURVIL;514008286
ALLEE;Allée Chaptal;CHAPTAL;CHAPTAL;201907673
ALLEE;Allée Diderot;DIDEROT;DIDEROT;161356356,543700196
ALLEE;Allée Dulcie September;DULCIE SEPTEMBER;SEPTEMBER;220486464
ALLEE;Allée Emile Romanet;EMILE ROMANET;ROMANET;555257243,555257244
ALLEE;Allée Fernandel;FERNANDEL;FERNANDEL;514008285
ALLEE;Allée Flora Tristan;FLORA TRISTAN;TRISTAN;220486426
ALLEE;Allée Jacques Chaban-Delmas;JACQUES CHABAN DELMAS;DELMAS;28897810,302162148,302162150
ALLEE;Allée Le Nôtre;LE NOTRE;NOTRE;434890265,434890266,434890267
ALLEE;Allée Louis de Funès;LOUIS DE FUNES;FUNES;514008284
ALLEE;Allée Marie Le Vaillant;MARIE LE VAILLANT;VAILLANT;243755296
ALLEE;Allée Pierre Petit;PIERRE PETIT;PETIT;441799083
ALLEE;Allée d'Île de France;D ILE DE FRANCE;FRANCE;434890264
ALLEE;Allée de Beauvallon;DE BEAUVALLON;BEAUVALLON;31411517
ALLEE;Allée des Albatros;DES ALBATROS;ALBATROS;168912135
ALLEE;Allée des Frégates;DES FREGATES;FREGATES;168912131
ALLEE;Allée des Goëlands;DES GOELANDS;GOELANDS;168912150
ALLEE;Allée des Mouettes;DES MOUETTES;MOUETTES;168912140
ALLEE;Allée des Sirènes;DES SIRENES;SIRENES;168912136
ALLEE;Allée du Champ de Mars;DU CHAMP DE MARS;MARS;304012379,440479130
ALLEE;Allée du Tertre Bois Sel;DU TERTRE BOIS SEL;SEL;346082487,346082490
AVENUE;Avenue Antoine Mazier;ANTOINE MAZIER;MAZIER;168128583,306500745,485154616
AVENUE;Avenue Corneille;CORNEILLE;CORNEILLE;243705659,243705665,426008086,426008090,428065876
AVENUE;Avenue Loucheur;LOUCHEUR;LOUCHEUR;28897778,28952032,485154610
AVENUE;Avenue Louis Aragon;LOUIS ARAGON;ARAGON;243657057
AVENUE;Avenue Pierre Mendès France;PIERRE MENDES FRANCE;FRANCE;243656443
AVENUE;Avenue d'Armor;D ARMOR;ARMOR;243705662,243707620
AVENUE;Avenue d'Armorique;D ARMORIQUE;ARMORIQUE;28916774,28916779,49422834
AVENUE;Avenue de France;DE FRANCE;FRANCE;244255904
AVENUE;Avenue de la Libération;DE LA LIBERATION;LIBERATION;51749982
AVENUE;Avenue des Plaines Villes;DES PLAINES VILLES;VILLES;31412438
AVENUE;Avenue des Promenades;DES PROMENADES;PROMENADES;30965941,30965957,51749981,302162151,302162152,302163339,302163340,302163341,302163342,302163343,302163344,429606295,429608229
AVENUE;Avenue des Tilleuls;DES TILLEULS;TILLEULS;220716111
AVENUE;Avenue du Cotentin;DU COTENTIN;COTENTIN;312211232
AVENUE;Avenue du Havre;DU HAVRE;HAVRE;28879664
AVENUE;Avenue du Tertre Notre-Dame;DU TERTRE NOTRE DAME;DAME;28916810,161356351,658914765
BOULEVARD;Boulevard Arago;ARAGO;ARAGO;161356353,161356358
BOULEVARD;Boulevard Carnot;CARNOT;CARNOT;27283903,168128574
BOULEVARD;Boulevard Charner;CHARNER;CHARNER;27283874,28308198,220716104,304420127,304420128,514823966,514823970
BOULEVARD;Boulevard Clemenceau;CLEMENCEAU;CLEMENCEAU;27362666,304420129,304420130,480861807
BOULEVARD;Boulevard Gambetta;GAMBETTA;GAMBETTA;28916814
BOULEVARD;Boulevard Harel de la Noé;HAREL DE LA NOE;NOE;23884738,30965123,66240684,107488096,168301338,318656050,366302320,366302321,366302322
BOULEVARD;Boulevard Hoche;HOCHE;HOCHE;28342951,168128605,168128610
BOULEVARD;Boulevard Jean Macé;JEAN MACE;MACE;28342957
BOULEVARD;Boulevard Laennec;LAENNEC;LAENNEC;28897823,479811751
BOULEVARD;Boulevard Lamartine;LAMARTINE;LAMARTINE;28897801
BOULEVARD;Boulevard Pasteur;PASTEUR;PASTEUR;66580765
BOULEVARD;Boulevard Paul Doumer;PAUL DOUMER;DOUMER;31511761,444812033
BOULEVARD;Boulevard René Pleven;RENE PLEVEN;PLEVEN;31412574
BOULEVARD;Boulevard Robert Schuman;ROBERT SCHUMAN;SCHUMAN;28916765,344365243
BOULEVARD;Boulevard Sévigné;SEVIGNE;SEVIGNE;23884725,243754267,243754274,304420131,304420134,366302323,366302324
BOULEVARD;Boulevard Vauban;VAUBAN;VAUBAN;28342952
BOULEVARD;Boulevard Waldeck Rousseau;WALDECK ROUSSEAU;ROUSSEAU;26971565,28308196,51749771,51813871,161290081,304420135,304420138,304420140,308086627,308086628,308086629,308086631,308086632
BOULEVARD;Boulevard de Plélo;DE PLELO;PLELO;271623946
BOULEVARD;Boulevard de l'Atlantique;DE L ATLANTIQUE;ATLANTIQUE;27283788,27283806,224223876,297785450,480848513,480849069
BOULEVARD;Boulevard de l'Hérault;DE L HERAULT;HERAULT;28916812
BOULEVARD;Boulevard de la Chalotais;DE LA CHALOTAIS;CHALOTAIS;30965960
BOULEVARD;Boulevard de la Commune;DE LA COMMUNE;COMMUNE;28897811
BOULEVARD;Boulevard de la Manche;DE LA MANCHE;MANCHE;28879660
BOULEVARD;Boulevard de la Mer;DE LA MER;MER;66239930,312207081,312207087
BOULEVARD;Boulevard de la Tour d'Auvergne;DE LA TOUR D AUVERGNE;AUVERGNE;28916789
BOULEVARD;Boulevard de la Ville Jouha;DE LA VILLE JOUHA;JOUHA;30965617,30965673,49423617
BOULEVARD;Boulevard Édouard Herriot;EDOUARD HERRIOT;HERRIOT;27456913
BOULEVARD;Boulevard Édouard Prigent;EDOUARD PRIGENT;PRIGENT;28916798,30965831,479811500
CHEMIN;Chemin de Belle Isle;DE BELLE ISLE;ISLE;226115012,226115015,271291379
CHEMIN;Chemin de L'Écluse;DE L ECLUSE;ECLUSE;220630349
CHEMIN;Chemin de la Gravelouse;DE LA GRAVELOUSE;GRAVELOUSE;224223914
CHEMIN;Chemin de la Porette;DE LA PORETTE;PORETTE;312207108
CHEMIN;Chemin de la Ville Juhel;DE LA VILLE JUHEL;JUHEL;372085728
CHEMIN;Chemin de la Ville Neuve;DE LA VILLE NEUVE;NEUVE;404571687
CHEMIN;Chemin de la Ville Oger;DE LA VILLE OGER;OGER;292372608,292372609,440484091
CHEMIN;Chemin des Courses;DES COURSES;COURSES;162843832,288830316
CHEMIN;Chemin des Eaux Minérales;DES EAUX MINERALES;MINERALES;220716128,429148508
CHEMIN;Chemin des Nouettes;DES NOUETTES;NOUETTES;481454534,481454535
CHEMIN;Chemin du Gué Gohel;DU GUE GOHEL;GOHEL;372223774
CHEMIN;Chemin du Moulin au Chaix;DU MOULIN AU CHAIX;CHAIX;423011695
CHEMIN;Chemin du Petit Pré;DU PETIT PRE;PRE;299510065,423688648
CHEMIN;Chemin du Rieu;DU RIEU;RIEU;376442185
CHEMIN;Chemin du Valais;DU VALAIS;VALAIS;220630347,220630348
CITE;Cité Gourien;GOURIEN;GOURIEN;161290569,161290573,648419548,648419555
COURS;Cours Saint-Gouéno;SAINT GOUENO;GOUENO;302817912
COTE;Côte Vendel;VENDEL;VENDEL;220716134,301917366,301917367
ESCALIER;Escalier Alfred de Musset;ALFRED DE MUSSET;MUSSET;396782663,396782673,410086929
ESPLANADE;Esplanade Alfred Jarry;ALFRED JARRY;JARRY;400160191
ESPLANADE;Esplanade Professeur Jean Bernard;PROFESSEUR JEAN BERNARD;BERNARD;440399231
;Ginglin;GINGLIN;GINGLIN;105312854
IMPASSE;Impasse Antoine Bourdelle;ANTOINE BOURDELLE;BOURDELLE;220718774
IMPASSE;Impasse Cordière;CORDIERE;CORDIERE;220716132
IMPASSE;Impasse Coëtlogon;COETLOGON;COETLOGON;271623953
IMPASSE;Impasse James Bouillé;JAMES BOUILLE;BOUILLE;226044688
IMPASSE;Impasse Morgan;MORGAN;MORGAN;190294549
IMPASSE;Impasse Quinquaine;QUINQUAINE;QUINQUAINE;173592925
IMPASSE;Impasse Saint-Simon;SAINT SIMON;SIMON;220718784
IMPASSE;Impasse Thiers;THIERS;THIERS;438474428
IMPASSE;Impasse de la Sensive;DE LA SENSIVE;SENSIVE;404571706
IMPASSE;Impasse de la Vallée;DE LA VALLEE;VALLEE;220718795
IMPASSE;Impasse de la Ville Drollée;DE LA VILLE DROLLEE;DROLLEE;226046667
IMPASSE;Impasse de la Ville Gueury;DE LA VILLE GUEURY;GUEURY;30762589
IMPASSE;Impasse du Champ des Nues;DU CHAMP DES NUES;NUES;190294547
IMPASSE;Impasse du Pré Tizon;DU PRE TIZON;TIZON;220716133
MAIL;Mail de L'Europe;DE L EUROPE;EUROPE;441493021
PASSAGE;Passage Georges Brassens;GEORGES BRASSENS;BRASSENS;173579748,302819389
PASSAGE;Passage Jean-Baptiste Illio;JEAN BAPTISTE ILLIO;ILLIO;48519359
PASSAGE;Passage Paul Langevin;PAUL LANGEVIN;LANGEVIN;491211145
PASSAGE;Passage Souzain;SOUZAIN;SOUZAIN;436343989
PASSAGE;Passage de l'Ancien Abattoir;DE L ANCIEN ABATTOIR;ABATTOIR;220699392
PASSAGE;Passage de la Fontaine à Loups;DE LA FONTAINE A LOUPS;LOUPS;416595618
PASSAGE;Passage du Rocher;DU ROCHER;ROCHER;201907648
PLACE;Place Baratoux;BARATOUX;BARATOUX;271291361,271291363,302162153
PLACE;Place Camille Pissaro;CAMILLE PISSARO;PISSARO;161356363
PLACE;Place François Mitterrand;FRANCOIS MITTERRAND;MITTERRAND;31453525
PLACE;Place Glais Bizouin;GLAIS BIZOUIN;BIZOUIN;28343843
PLACE;Place Haute;HAUTE;HAUTE;441779601
PLACE;Place Jacquard;JACQUARD;JACQUARD;220488088,304420141,304420142,304420143
PLACE;Place Louis Guilloux;LOUIS GUILLOUX;GUILLOUX;429606297
PLACE;Place Octave Brilleaud;OCTAVE BRILLEAUD;BRILLEAUD;220716121,425581136
PLACE;Place Puits au Lait;PUITS AU LAIT;LAIT;173590334
PLACE;Place Saint-Michel;SAINT MICHEL;MICHEL;161236263,161236265,271291369,271291372,271291374
PLACE;Place Saint-Pierre;SAINT PIERRE;PIERRE;275871441
PLACE;Place Sainte-Thérèse;SAINTE THERESE;THERESE;28308183
PLACE;Place au Lin;AU LIN;LIN;173579744
PLACE;Place d'Alsdorf;D ALSDORF;ALSDORF;297779666
PLACE;Place de Normandie;DE NORMANDIE;NORMANDIE;28916768
PLACE;Place de l'Hermine;DE L HERMINE;HERMINE;441767899
PLACE;Place de la Cité;DE LA CITE;CITE;306500746,485154609,485154620,485154628
PLACE;Place de la Fontaine Saint-Ignace;DE LA FONTAINE SAINT IGNACE;IGNACE;201907654,201907665
PLACE;Place de la Grille;DE LA GRILLE;GRILLE;457031957
PLACE;Place de la Liberté;DE LA LIBERTE;LIBERTE;440264892,440264898
PLACE;Place de la Résistance;DE LA RESISTANCE;RESISTANCE;161288092
PLACE;Place du 8 Mai 1945;DU 8 MAI 1945;1945;23884724,272865107,277905977,277905978
PLACE;Place du Chai;DU CHAI;CHAI;161462988
PLACE;Place du Guesclin;DU GUESCLIN;GUESCLIN;51749327,351809549,426013212,426013224
PLACE;Place du Général de Gaulle;DU GENERAL DE GAULLE;GAULLE;161288084,429606296,429606298,429606299
PLACE;Place du Luxembourg;DU LUXEMBOURG;LUXEMBOURG;537512215
PLACE;Place du Martray;DU MARTRAY;MARTRAY;161236267
PLACE;Place du Roi Arthur;DU ROI ARTHUR;ARTHUR;226044672
PONT;Pont de Pierre;DE PIERRE;PIERRE;313608199
QUAI;Quai Armez;ARMEZ;ARMEZ;288830318,312207089,312207105,312207114
QUAI;Quai Sebert;SEBERT;SEBERT;221576714,440482798
QUAI;Quai Surcouf;SURCOUF;SURCOUF;26761725,312207100,312207103,354595541
RAMPE;Rampe des Forges;DES FORGES;FORGES;241232050
ROND POINT;Rond-Point Aberystwyth;ABERYSTWYTH;ABERYSTWYTH;27284075
ROND POINT;Rond-Point Agadez;AGADEZ;AGADEZ;48515420
ROND POINT;Rond-Point Alfred de Musset;ALFRED DE MUSSET;MUSSET;30965095
ROND POINT;Rond-Point Ancien Vélodrome;ANCIEN VELODROME;VELODROME;220718773
ROND POINT;Rond-Point Clemenceau-Charner;CLEMENCEAU CHARNER;CHARNER;27456976
ROND POINT;Rond-Point Max Le Bail;MAX LE BAIL;BAIL;220718772
ROND POINT;Rond-Point Pablo Néruda;PABLO NERUDA;NERUDA;168118960
ROND POINT;Rond-Point Palasne de Champeaux;PALASNE DE CHAMPEAUX;CHAMPEAUX;30965828
ROND POINT;Rond-Point d'Aghia Paraskevi;D AGHIA PARASKEVI;PARASKEVI;23884726,596416282,596416286
ROND POINT;Rond-Point d'Iroise;D IROISE;IROISE;27283782
ROND POINT;Rond-Point de Gabès;DE GABES;GABES;31412612
ROND POINT;Rond-Point de l'Aurore;DE L AURORE;AURORE;168044788
ROND POINT;Rond-Point de la Croix Mathias;DE LA CROIX MATHIAS;MATHIAS;27283885
ROND POINT;Rond-Point de la Fontaine;DE LA FONTAINE;FONTAINE;28342966
ROND POINT;Rond-Point de la Ville Hellio;DE LA VILLE HELLIO;HELLIO;48515422
ROND POINT;Rond-Point de la Ville Jouha;DE LA VILLE JOUHA;JOUHA;30965725
ROND POINT;Rond-Point de la Ville Oger;DE LA VILLE OGER;OGER;243657518
ROND POINT;Rond-Point des Familles;DES FAMILLES;FAMILLES;514214944
ROND POINT;Rond-Point des Gallois;DES GALLOIS;GALLOIS;27283996
ROND POINT;Rond-Point du 19 Mars 1962;DU 19 MARS 1962;1962;430993119
ROND POINT;Rond-Point du Docteur Rochard;DU DOCTEUR ROCHARD;ROCHARD;28952056
ROND POINT;Rond-Point du Pont de Pierre;DU PONT DE PIERRE;PIERRE;18637404
ROND POINT;Rond-Point Édouard Herriot;EDOUARD HERRIOT;HERRIOT;27283966
ROUTE;Route du Berry;DU BERRY;BERRY;226224728
RUE;Rue Abbé Duchesne;ABBE DUCHESNE;DUCHESNE;28308184
RUE;Rue Abbé Fleury;ABBE FLEURY;FLEURY;271291368
RUE;Rue Abbé Josselin;ABBE JOSSELIN;JOSSELIN;28952059
RUE;Rue Abbé Vallée;ABBE VALLEE;VALLEE;271291365
RUE;Rue Adrien Mion;ADRIEN MION;MION;297785442
RUE;Rue Alain Fournier;ALAIN FOURNIER;FOURNIER;220486493
RUE;Rue Albert Camus;ALBERT CAMUS;CAMUS;85827520
RUE;Rue Albert Einstein;ALBERT EINSTEIN;EINSTEIN;220703525
RUE;Rue Albert Schweitzer;ALBERT SCHWEITZER;SCHWEITZER;220703564
RUE;Rue Albert Thomas;ALBERT THOMAS;THOMAS;28897796
RUE;Rue Alexander Fleming;ALEXANDER FLEMING;FLEMING;404571705
RUE;Rue Alexandre Dumas;ALEXANDRE DUMAS;DUMAS;226044661
RUE;Rue Alfred Sisley;ALFRED SISLEY;SISLEY;161356357,220699389
RUE;Rue Alfred de Musset;ALFRED DE MUSSET;MUSSET;301415420
RUE;Rue Alfred de Vigny;ALFRED DE VIGNY;VIGNY;85827518
RUE;Rue Alphonse Daudet;ALPHONSE DAUDET;DAUDET;219005802
RUE;Rue Ambroise Croizat;AMBROISE CROIZAT;CROIZAT;34426331
RUE;Rue Ambroise Paré;AMBROISE PARE;PARE;168043366,168043371
RUE;Rue Amiral Courbet;AMIRAL COURBET;COURBET;168043364,288830321
RUE;Rue Ampère;AMPERE;AMPERE;57206964,243700803
RUE;Rue Anatole France;ANATOLE FRANCE;FRANCE;28879671,28879673,168044784
RUE;Rue Anatole Le Braz;ANATOLE LE BRAZ;BRAZ;28916819
RUE;Rue André Chénier;ANDRE CHENIER;CHENIER;219005800
RUE;Rue André Frossard;ANDRE FROSSARD;FROSSARD;440120216
RUE;Rue André Gide;ANDRE GIDE;GIDE;220716118
RUE;Rue André Malraux;ANDRE MALRAUX;MALRAUX;243697338,243697339
RUE;Rue Anjela Duval;ANJELA DUVAL;DUVAL;422492653
RUE;Rue Anne Frank;ANNE FRANK;FRANK;31511758,243696383
RUE;Rue Anne de Bretagne;ANNE DE BRETAGNE;BRETAGNE;36106725
RUE;Rue Antoine Bourdelle;ANTOINE BOURDELLE;BOURDELLE;220488114
RUE;Rue Aristide Briand;ARISTIDE BRIAND;BRIAND;28897795
RUE;Rue Armand Robin;ARMAND ROBIN;ROBIN;220486478
RUE;Rue Armel Beaufils;ARMEL BEAUFILS;BEAUFILS;220486556
RUE;Rue Arthur Rimbaud;ARTHUR RIMBAUD;RIMBAUD;28952046
RUE;Rue Auguste Blanqui;AUGUSTE BLANQUI;BLANQUI;28308328
RUE;Rue Auguste Lumière;AUGUSTE LUMIERE;LUMIERE;107278896
RUE;Rue Auguste Pavie;AUGUSTE PAVIE;PAVIE;436343992
RUE;Rue Auguste Perret;AUGUSTE PERRET;PERRET;226044667
RUE;Rue Auguste Rodin;AUGUSTE RODIN;RODIN;220488112
RUE;Rue Bachelard;BACHELARD;BACHELARD;220703569
RUE;Rue Bagot;BAGOT;BAGOT;28916791,410085731,502428402
RUE;Rue Balzac;BALZAC;BALZAC;306242027,306242028,306244444,306498331,307009709,307318713,307318714,428065873,428065875,428065884,428065886,438422340
RUE;Rue Baratoux;BARATOUX;BARATOUX;271291364
RUE;Rue Barde Abherve;BARDE ABHERVE;ABHERVE;226224732
RUE;Rue Baudelaire;BAUDELAIRE;BAUDELAIRE;28897792,28952047,28952048
RUE;Rue Beaumarchais;BEAUMARCHAIS;BEAUMARCHAIS;111378528
RUE;Rue Benoît Frachon;BENOIT FRACHON;FRACHON;154024411
RUE;Rue Bergson;BERGSON;BERGSON;220486534
RUE;Rue Berlioz;BERLIOZ;BERLIOZ;201907672
RUE;Rue Bernard Palissy;BERNARD PALISSY;PALISSY;201907679
RUE;Rue Berthollet;BERTHOLLET;BERTHOLLET;30965338,485168587,485168588
RUE;Rue Bizet;BIZET;BIZET;271623949
RUE;Rue Boileau;BOILEAU;BOILEAU;111378518
RUE;Rue Bougainville;BOUGAINVILLE;BOUGAINVILLE;220630346
RUE;Rue Bourgault du Coudray;BOURGAULT DU COUDRAY;COUDRAY;168912145
RUE;Rue Brizeux;BRIZEUX;BRIZEUX;271291360
RUE;Rue Buffon;BUFFON;BUFFON;243659875,485168585,485168586
RUE;Rue Béranger;BERANGER;BERANGER;220486548
RUE;Rue Camille Desmoulins;CAMILLE DESMOULINS;DESMOULINS;28952060
RUE;Rue Camille Guérin;CAMILLE GUERIN;GUERIN;244256241
RUE;Rue Cardenoual;CARDENOUAL;CARDENOUAL;161288095
RUE;Rue Champlain;CHAMPLAIN;CHAMPLAIN;28952035,168128596,426008636
RUE;Rue Chaptal;CHAPTAL;CHAPTAL;107694143,312217311,312217314,429271850,429353248
RUE;Rue Charbonnerie;CHARBONNERIE;CHARBONNERIE;28343840
RUE;Rue Charles Collin;CHARLES COLLIN;COLLIN;438344219
RUE;Rue Charles Delescluze;CHARLES DELESCLUZE;DELESCLUZE;220486496
RUE;Rue Charles Le Goffic;CHARLES LE GOFFIC;GOFFIC;271623944,271623963
RUE;Rue Charles Nicolle;CHARLES NICOLLE;NICOLLE;220703550
RUE;Rue Charles Perrault;CHARLES PERRAULT;PERRAULT;220486471
RUE;Rue Charles Pradal;CHARLES PRADAL;PRADAL;148953398
RUE;Rue Charles Péguy;CHARLES PEGUY;PEGUY;30762830,291218201,416556402
RUE;Rue Charles Richet;CHARLES RICHET;RICHET;220703553
RUE;Rue Charles Seignobos;CHARLES SEIGNOBOS;SEIGNOBOS;220486444
RUE;Rue Charles de Foucauld;CHARLES DE FOUCAULD;FOUCAULD;168912148
RUE;Rue Charles le Maout;CHARLES LE MAOUT;MAOUT;161288079
RUE;Rue Chateaubriand;CHATEAUBRIAND;CHATEAUBRIAND;28897807
RUE;Rue Chopin;CHOPIN;CHOPIN;201907676
RUE;Rue Christiaan Barnard;CHRISTIAAN BARNARD;BARNARD;436965207
RUE;Rue Christine de Pisan;CHRISTINE DE PISAN;PISAN;220486434
RUE;Rue Claude Bernard;CLAUDE BERNARD;BERNARD;220488097
RUE;Rue Claude Lévi-Strauss;CLAUDE LEVI STRAUSS;STRAUSS;441853158
RUE;Rue Claude Monet;CLAUDE MONET;MONET;161356349,161356364
RUE;Rue Clément Marot;CLEMENT MAROT;MAROT;28952045
RUE;Rue Colbert;COLBERT;COLBERT;161356355,543700194
RUE;Rue Condorcet;CONDORCET;CONDORCET;28952061
RUE;Rue Connen de Prépean;CONNEN DE PREPEAN;PREPEAN;30965062
RUE;Rue Cordière;CORDIERE;CORDIERE;28916803
RUE;Rue Courteline;COURTELINE;COURTELINE;28916787
RUE;Rue Coëtlogon;COETLOGON;COETLOGON;271623952
RUE;Rue Croix de Santé;CROIX DE SANTE;SANTE;66094504
RUE;Rue Curie;CURIE;CURIE;23884732
RUE;Rue Cuverville;CUVERVILLE;CUVERVILLE;220716107
RUE;Rue Célestin Bouglé;CELESTIN BOUGLE;BOUGLE;171491722
RUE;Rue Danton;DANTON;DANTON;27283940
RUE;Rue Debussy;DEBUSSY;DEBUSSY;201907675
RUE;Rue Denis Papin;DENIS PAPIN;PAPIN;112964405
RUE;Rue Descartes;DESCARTES;DESCARTES;28952049
RUE;Rue Docteur Calmette;DOCTEUR CALMETTE;CALMETTE;219005799
RUE;Rue Du Cleuziou;DU CLEUZIOU;CLEUZIOU;226224731
RUE;Rue Duguay Trouin;DUGUAY TROUIN;TROUIN;28897814
RUE;Rue Dumont d'Urville;DUMONT D URVILLE;URVILLE;168128599
RUE;Rue Dupleix;DUPLEIX;DUPLEIX;28952034
RUE;Rue Duquesne;DUQUESNE;DUQUESNE;168043368
RUE;Rue Edgar Quinet;EDGAR QUINET;QUINET;225671345
RUE;Rue Edmond Rostand;EDMOND ROSTAND;ROSTAND;28879662,485154634,485154635,591420275
RUE;Rue Edouard Branly;EDOUARD BRANLY;BRANLY;220488100
RUE;Rue Elsa Triolet;ELSA TRIOLET;TRIOLET;243657059
RUE;Rue Emile Souvestre;EMILE SOUVESTRE;SOUVESTRE;30965989
RUE;Rue Eugène Freyssinet;EUGENE FREYSSINET;FREYSSINET;226044682
RUE;Rue Eugène Lemoine;EUGENE LEMOINE;LEMOINE;441082492
RUE;Rue Eugène Pottier;EUGENE POTTIER;POTTIER;220486440
RUE;Rue Eugène Varlin;EUGENE VARLIN;VARLIN;220486474
RUE;Rue Fardel;FARDEL;FARDEL;40608292
RUE;Rue Ferdinand Buisson;FERDINAND BUISSON;BUISSON;28897797
RUE;Rue Ferdinand de Lesseps;FERDINAND DE LESSEPS;LESSEPS;220718806,308389848
RUE;Rue Fernand Léger;FERNAND LEGER;LEGER;243697337
RUE;Rue Flaubert;FLAUBERT;FLAUBERT;219005797
RUE;Rue François Merlet;FRANCOIS MERLET;MERLET;27283934
RUE;Rue François Ménez;FRANCOIS MENEZ;MENEZ;220716142
RUE;Rue François Villon;FRANCOIS VILLON;VILLON;270269784
RUE;Rue Frédéric Le Guyader;FREDERIC LE GUYADER;GUYADER;28897813
RUE;Rue Frédéric Mistral;FREDERIC MISTRAL;MISTRAL;220486559
RUE;Rue Fulgence Bienvenüe;FULGENCE BIENVENUE;BIENVENUE;271051672,271051676,301418507,301418508
RUE;Rue Félix Le Dantec;FELIX LE DANTEC;DANTEC;23884733
RUE;Rue Gabriel Péri;GABRIEL PERI;PERI;220630351
RUE;Rue Galilée;GALILEE;GALILEE;161356347
RUE;Rue Gandhi;GANDHI;GANDHI;168119486
RUE;Rue Gaston Ramon;GASTON RAMON;RAMON;30965208
RUE;Rue Gauguin;GAUGUIN;GAUGUIN;220488106
RUE;Rue Gay Lussac;GAY LUSSAC;LUSSAC;303599727
RUE;Rue George Sand;GEORGE SAND;SAND;31412189
RUE;Rue Georges Charpak;GEORGES CHARPAK;CHARPAK;202970499
RUE;Rue Georges Mandel;GEORGES MANDEL;MANDEL;441767741
RUE;Rue Georges Palante;GEORGES PALANTE;PALANTE;220488101
RUE;Rue Glais-Bizoin;GLAIS BIZOIN;BIZOIN;28343842
RUE;Rue Glenmor;GLENMOR;GLENMOR;70990121
RUE;Rue Gounod;GOUNOD;GOUNOD;264285241
RUE;Rue Gradlon;GRADLON;GRADLON;112511078
RUE;Rue Guillaume Apollinaire;GUILLAUME APOLLINAIRE;APOLLINAIRE;5019806,30567339,30965459,168301335
RUE;Rue Gustave Eiffel;GUSTAVE EIFFEL;EIFFEL;226044658,261917001,429267261
RUE;Rue Gustave Flourens;GUSTAVE FLOURENS;FLOURENS;220486485
RUE;Rue Guy Mahé;GUY MAHE;MAHE;226044659
RUE;Rue Guy Ropartz;GUY ROPARTZ;ROPARTZ;271291366
RUE;Rue Guy de Maupassant;GUY DE MAUPASSANT;MAUPASSANT;30595806
RUE;Rue Guynemer;GUYNEMER;GUYNEMER;220718787
RUE;Rue Haroun Tazieff;HAROUN TAZIEFF;TAZIEFF;220703532
RUE;Rue Henri Avril;HENRI AVRIL;AVRIL;31511756
RUE;Rue Henri Barbusse;HENRI BARBUSSE;BARBUSSE;34426227
RUE;Rue Henri Becquerel;HENRI BECQUEREL;BECQUEREL;27283994,291218200
RUE;Rue Henri Dunant;HENRI DUNANT;DUNANT;28897816
RUE;Rue Henri Poincaré;HENRI POINCARE;POINCARE;220488115
RUE;Rue Henri Servain;HENRI SERVAIN;SERVAIN;28342960,429610139
RUE;Rue Henri Wallon;HENRI WALLON;WALLON;312217306,312217313,312217318
RUE;Rue Hervé Pommeret;HERVE POMMERET;POMMERET;271623960
RUE;Rue Houvenagle;HOUVENAGLE;HOUVENAGLE;28897806
RUE;Rue Jacqueline Auriol;JACQUELINE AURIOL;AURIOL;404571708
RUE;Rue Jacques Cartier;JACQUES CARTIER;CARTIER;168043374
RUE;Rue Jacques Monod;JACQUES MONOD;MONOD;220703560
RUE;Rue Jacques Prévert;JACQUES PREVERT;PREVERT;372220012
RUE;Rue Jacques-Yves Cousteau;JACQUES YVES COUSTEAU;COUSTEAU;404571694
RUE;Rue Jean Baptiste Clément;JEAN BAPTISTE CLEMENT;CLEMENT;220486543
RUE;Rue Jean Baptiste Corot;JEAN BAPTISTE COROT;COROT;220718803
RUE;Rue Jean Bart;JEAN BART;BART;190294546
RUE;Rue Jean Coquelin;JEAN COQUELIN;COQUELIN;48558652,341473180,341473182
RUE;Rue Jean Giraudoux;JEAN GIRAUDOUX;GIRAUDOUX;220716114
RUE;Rue Jean Grenier;JEAN GRENIER;GRENIER;291218202
RUE;Rue Jean Guéhénno;JEAN GUEHENNO;GUEHENNO;422492651
RUE;Rue Jean Jaurès;JEAN JAURES;JAURES;28897794
RUE;Rue Jean Kuster;JEAN KUSTER;KUSTER;351238206
RUE;Rue Jean Magloire Dorange;JEAN MAGLOIRE DORANGE;DORANGE;265925888
RUE;Rue Jean Mermoz;JEAN MERMOZ;MERMOZ;220718792,220718804
RUE;Rue Jean Mordant;JEAN MORDANT;MORDANT;201907658
RUE;Rue Jean Moulin;JEAN MOULIN;MOULIN;436343991
RUE;Rue Jean Métairie;JEAN METAIRIE;METAIRIE;28916804
RUE;Rue Jean Nicolas;JEAN NICOLAS;NICOLAS;346082493
RUE;Rue Jean Paul Sartre;JEAN PAUL SARTRE;SARTRE;243656444
RUE;Rue Jean Perrin;JEAN PERRIN;PERRIN;220488089
RUE;Rue Jean Richepin;JEAN RICHEPIN;RICHEPIN;168119485
RUE;Rue Jean Rioche;JEAN RIOCHE;RIOCHE;31412234
RUE;Rue Jean XXIII;JEAN XXIII;XXIII;220699394
RUE;Rue Jean de Vienne;JEAN DE VIENNE;VIENNE;423388514
RUE;Rue Jean-François Deniau;JEAN FRANCOIS DENIAU;DENIAU;404571693
RUE;Rue Jean-Jacques Rousseau;JEAN JACQUES ROUSSEAU;ROUSSEAU;51744466
RUE;Rue Jean-Louis Hamon;JEAN LOUIS HAMON;HAMON;28916816
RUE;Rue Jean-Pierre Calloc'h;JEAN PIERRE CALLOC H;H;264277520
RUE;Rue Jeanne Jugan;JEANNE JUGAN;JUGAN;404571701
RUE;Rue Jeanne Malivel;JEANNE MALIVEL;MALIVEL;265925875,265925879
RUE;Rue Jeanne d'Arc;JEANNE D ARC;ARC;220716131
RUE;Rue Joachim du Bellay;JOACHIM DU BELLAY;BELLAY;31411316
RUE;Rue Jobert de Lamballe;JOBERT DE LAMBALLE;LAMBALLE;28952057
RUE;Rue Joseph le Brix;JOSEPH LE BRIX;BRIX;168044787
RUE;Rue José Maria de Heredia;JOSE MARIA DE HEREDIA;HEREDIA;48559547,244256930,244256931
RUE;Rue Jouallan;JOUALLAN;JOUALLAN;28343844,132890095
RUE;Rue Jules Bordet;JULES BORDET;BORDET;220703543
RUE;Rue Jules Ferry;JULES FERRY;FERRY;27283961
RUE;Rue Jules Guesde;JULES GUESDE;GUESDE;372220013
RUE;Rue Jules Lamare;JULES LAMARE;LAMARE;226044679
RUE;Rue Jules Simon;JULES SIMON;SIMON;28916815
RUE;Rue Jules Vallès;JULES VALLES;VALLES;243657517,243659056
RUE;Rue Jules Verne;JULES VERNE;VERNE;168912137,168912138,168912147,168912149
RUE;Rue Kléber;KLEBER;KLEBER;51751871
RUE;Rue La Fayette;LA FAYETTE;FAYETTE;28897785,168044778
RUE;Rue Lafayette;LAFAYETTE;LAFAYETTE;205968770,205968771,243705666
RUE;Rue Lamarck;LAMARCK;LAMARCK;303599728
RUE;Rue Lamennais;LAMENNAIS;LAMENNAIS;30965967
RUE;Rue Lapicque;LAPICQUE;LAPICQUE;226044678
RUE;Rue Lavoisier;LAVOISIER;LAVOISIER;28952050
RUE;Rue Le Verrier;LE VERRIER;VERRIER;243700796
RUE;Rue Leconte de Lisle;LECONTE DE LISLE;LISLE;226224729
RUE;Rue Lemonnier;LEMONNIER;LEMONNIER;220716112
RUE;Rue Lequyer;LEQUYER;LEQUYER;51812204
RUE;Rue Lesage;LESAGE;LESAGE;28916818
RUE;Rue Lieutenant Edouard Le Mounier;LIEUTENANT EDOUARD LE MOUNIER;MOUNIER;226044655
RUE;Rue Louis Blanc;LOUIS BLANC;BLANC;225671347,426646138
RUE;Rue Louis Blériot;LOUIS BLERIOT;BLERIOT;220718796
RUE;Rue Louis Braille;LOUIS BRAILLE;BRAILLE;28897799
RUE;Rue Louis Helary;LOUIS HELARY;HELARY;112964404
RUE;Rue Louis Hémon;LOUIS HEMON;HEMON;28952051
RUE;Rue Louis Jouvet;LOUIS JOUVET;JOUVET;31511760,423011701,523438076
RUE;Rue Louis Pergaud;LOUIS PERGAUD;PERGAUD;271623967
RUE;Rue Louis Tiercelin;LOUIS TIERCELIN;TIERCELIN;226044662
RUE;Rue Louis-Nathaniel Rossel;LOUIS NATHANIEL ROSSEL;ROSSEL;220488111
RUE;Rue Louise Michel;LOUISE MICHEL;MICHEL;220486449,220486507
RUE;Rue Luzel;LUZEL;LUZEL;28342954
RUE;Rue Léo Delibes;LEO DELIBES;DELIBES;271623950
RUE;Rue Léo Lagrange;LEO LAGRANGE;LAGRANGE;220703522,220703546,220703570
RUE;Rue Léon Blum;LEON BLUM;BLUM;220488091
RUE;Rue Léon Bourgeois;LEON BOURGEOIS;BOURGEOIS;271274964
RUE;Rue Léon Dubreuil;LEON DUBREUIL;DUBREUIL;220486451
RUE;Rue Léon Jouhaux;LEON JOUHAUX;JOUHAUX;220699393
RUE;Rue Léopold Senghor;LEOPOLD SENGHOR;SENGHOR;265925889
RUE;Rue Magellan;MAGELLAN;MAGELLAN;28952041
RUE;Rue Mansart;MANSART;MANSART;226044681
RUE;Rue Marc Chagall;MARC CHAGALL;CHAGALL;265925885
RUE;Rue Marc Sangnier;MARC SANGNIER;SANGNIER;220488092
RUE;Rue Marcel Cachin;MARCEL CACHIN;CACHIN;201907668
RUE;Rue Marcel Callo;MARCEL CALLO;CALLO;435225010
RUE;Rue Marcel Pagnol;MARCEL PAGNOL;PAGNOL;265925895
RUE;Rue Marcel Paul;MARCEL PAUL;PAUL;243657055
RUE;Rue Marcel Proust;MARCEL PROUST;PROUST;168301333,220486358,220486361,220486363,220486364,220486366,429328923,480525647,615366321
RUE;Rue Mare au Coq;MARE AU COQ;COQ;161288080
RUE;Rue Marie Paule Salonne;MARIE PAULE SALONNE;SALONNE;220486448
RUE;Rue Martin Luther King;MARTIN LUTHER KING;KING;220699397
RUE;Rue Massenet;MASSENET;MASSENET;271623947
RUE;Rue Massignon;MASSIGNON;MASSIGNON;309596129
RUE;Rue Mathurin Méheut;MATHURIN MEHEUT;MEHEUT;28952033,271709273,373205820
RUE;Rue Matisse;MATISSE;MATISSE;220488093
RUE;Rue Maurice Bouladoux;MAURICE BOULADOUX;BOULADOUX;274546130
RUE;Rue Maurice Denis;MAURICE DENIS;DENIS;423013665
RUE;Rue Maurice Nogues;MAURICE NOGUES;NOGUES;265925877
RUE;Rue Maurice Poge;MAURICE POGE;POGE;220486463,220486480,220486481
RUE;Rue Maurice Thorez;MAURICE THOREZ;THOREZ;220703558
RUE;Rue Max Jacob;MAX JACOB;JACOB;220488098,245029807
RUE;Rue Max Le Bail;MAX LE BAIL;BAIL;220718771,220718809
RUE;Rue Merleau Ponty;MERLEAU PONTY;PONTY;220486505
RUE;Rue Michel Colombe;MICHEL COLOMBE;COLOMBE;271623943
RUE;Rue Michelet;MICHELET;MICHELET;132890094,467537336
RUE;Rue Mirabeau;MIRABEAU;MIRABEAU;220703566
RUE;Rue Mireille Chrisostome;MIREILLE CHRISOSTOME;CHRISOSTOME;161236268
RUE;Rue Molière;MOLIERE;MOLIERE;219005796
RUE;Rue Monge;MONGE;MONGE;74207897,74207901,243700800,243700801
RUE;Rue Monseigneur Morelle;MONSEIGNEUR MORELLE;MORELLE;73590635,161290571
RUE;Rue Montesquieu;MONTESQUIEU;MONTESQUIEU;111378523
RUE;Rue Morgan;MORGAN;MORGAN;190294548
RUE;Rue Morvan Lebesque;MORVAN LEBESQUE;LEBESQUE;154024418
RUE;Rue Mozart;MOZART;MOZART;201907653,201907662
RUE;Rue Nelson Mandela;NELSON MANDELA;MANDELA;441767742
RUE;Rue Niépce;NIEPCE;NIEPCE;270360952
RUE;Rue Nominoë;NOMINOE;NOMINOE;226044684,410082419,410082420
RUE;Rue Notre-Dame;NOTRE DAME;DAME;28916808,242626201
RUE;Rue Octave Louis Aubert;OCTAVE LOUIS AUBERT;AUBERT;28897783
RUE;Rue Olympe de Gouges;OLYMPE DE GOUGES;GOUGES;220486423
RUE;Rue Palasne de Champeaux;PALASNE DE CHAMPEAUX;CHAMPEAUX;28897824
RUE;Rue Parmentier;PARMENTIER;PARMENTIER;202353512
RUE;Rue Pasteur;PASTEUR;PASTEUR;30326347
RUE;Rue Pasteur Crespin;PASTEUR CRESPIN;CRESPIN;220718776,270360962
RUE;Rue Paul Bert;PAUL BERT;BERT;270269780,270936483,304420144,304420145
RUE;Rue Paul Cézanne;PAUL CEZANNE;CEZANNE;220488099
RUE;Rue Paul Eluard;PAUL ELUARD;ELUARD;226224727
RUE;Rue Paul Féval;PAUL FEVAL;FEVAL;226044668,271623965
RUE;Rue Paul Langevin;PAUL LANGEVIN;LANGEVIN;220488113
RUE;Rue Paul Le Flem;PAUL LE FLEM;FLEM;220716139
RUE;Rue Paul Sabatier;PAUL SABATIER;SABATIER;220703556
RUE;Rue Paul Valéry;PAUL VALERY;VALERY;220718808
RUE;Rue Pavlov;PAVLOV;PAVLOV;243696382
RUE;Rue Per Jakez Hélias;PER JAKEZ HELIAS;HELIAS;36094373,36094374
RUE;Rue Philibert Delorme;PHILIBERT DELORME;DELORME;226044680
RUE;Rue Philippe le Bon;PHILIPPE LE BON;BON;405121571
RUE;Rue Pierre Gilles de Gennes;PIERRE GILLES DE GENNES;GENNES;376386020
RUE;Rue Pierre Le Gorrec;PIERRE LE GORREC;GORREC;173590340,429606308
RUE;Rue Pierre Loti;PIERRE LOTI;LOTI;73590636
RUE;Rue Pierre Maître;PIERRE MAITRE;MAITRE;154024424
RUE;Rue Pierre Oge;PIERRE OGE;OGE;31412904
RUE;Rue Pierre Semard;PIERRE SEMARD;SEMARD;220716124,220716127,477034696
RUE;Rue Pierre de Coubertin;PIERRE DE COUBERTIN;COUBERTIN;28342959
RUE;Rue Pierre de Raveton;PIERRE DE RAVETON;RAVETON;220630361
RUE;Rue Piet Mondrian;PIET MONDRIAN;MONDRIAN;428825737
RUE;Rue Pinot-Duclos;PINOT DUCLOS;DUCLOS;28897818,346082494
RUE;Rue Pohel;POHEL;POHEL;161288081,429606304
RUE;Rue Poilpot;POILPOT;POILPOT;220488094
RUE;Rue Pont Chapet;PONT CHAPET;CHAPET;220716105
RUE;Rue Poulain Corbion;POULAIN CORBION;CORBION;28342972,161236266,429610138
RUE;Rue Prosper Mérimée;PROSPER MERIMEE;MERIMEE;25504851,30326335,30567606,220486370,220486374,220486380,220486383,220486388,220486391,220486394,220486414,329584178
RUE;Rue Quinquaine;QUINQUAINE;QUINQUAINE;161288082,161288093,173579747,429606305
RUE;Rue Rabelais;RABELAIS;RABELAIS;30965278,244968663
RUE;Rue Racine;RACINE;RACINE;28952044
RUE;Rue Raoul Ponchon;RAOUL PONCHON;PONCHON;220486483
RUE;Rue Ravel;RAVEL;RAVEL;201907670
RUE;Rue Raymond Aron;RAYMOND ARON;ARON;220486459
RUE;Rue Reine Astrid;REINE ASTRID;ASTRID;28897800,304420146,304420148
RUE;Rue Renan;RENAN;RENAN;28916817
RUE;Rue René Cassin;RENE CASSIN;CASSIN;220703540
RUE;Rue René Guy Cadou;RENE GUY CADOU;CADOU;265925891
RUE;Rue René Le Roux;RENE LE ROUX;ROUX;423013663
RUE;Rue René-Yves Creston;RENE YVES CRESTON;CRESTON;112511077
RUE;Rue Robert Delaunay;ROBERT DELAUNAY;DELAUNAY;428825738
RUE;Rue Robert Koch;ROBERT KOCH;KOCH;220703515,220703563
RUE;Rue Robespierre;ROBESPIERRE;ROBESPIERRE;28342956
RUE;Rue Roger Nimier;ROGER NIMIER;NIMIER;299506688
RUE;Rue Roger Salengro;ROGER SALENGRO;SALENGRO;220703562
RUE;Rue Roger Vercel;ROGER VERCEL;VERCEL;430048679
RUE;Rue Romain Gary;ROMAIN GARY;GARY;375085157
RUE;Rue Romain Rolland;ROMAIN ROLLAND;ROLLAND;154021774,274546128
RUE;Rue Ronsard;RONSARD;RONSARD;111378526
RUE;Rue Rouget de l'Isle;ROUGET DE L ISLE;ISLE;220486526
RUE;Rue Ruffelet;RUFFELET;RUFFELET;351238207
RUE;Rue Réaumur;REAUMUR;REAUMUR;107278894,429353247
RUE;Rue Saint-Benoît;SAINT BENOIT;BENOIT;28343850,302162154,302162155
RUE;Rue Saint-Exupéry;SAINT EXUPERY;EXUPERY;404571689
RUE;Rue Saint-François;SAINT FRANCOIS;FRANCOIS;28343848,161288085
RUE;Rue Saint-Gilles;SAINT GILLES;GILLES;161288090
RUE;Rue Saint-Gouéno;SAINT GOUENO;GOUENO;28343846,161288078
RUE;Rue Saint-Guillaume;SAINT GUILLAUME;GUILLAUME;167031602,429606294,429606306,429608234
RUE;Rue Saint-Jacques;SAINT JACQUES;JACQUES;28342962
RUE;Rue Saint-Jouan;SAINT JOUAN;JOUAN;226044677,480848511
RUE;Rue Saint-Just;SAINT JUST;JUST;220703555
RUE;Rue Saint-Pierre;SAINT PIERRE;PIERRE;438474426
RUE;Rue Saint-Pol Roux;SAINT POL ROUX;ROUX;220486420
RUE;Rue Saint-Vincent de Paul;SAINT VINCENT DE PAUL;PAUL;28343849
RUE;Rue Saint-Yves;SAINT YVES;YVES;46736702
RUE;Rue Sainte-Barbe;SAINTE BARBE;BARBE;161288086
RUE;Rue Sarah Bernhardt;SARAH BERNHARDT;BERNHARDT;30965065
RUE;Rue Sergent Le Mée;SERGENT LE MEE;MEE;270360964
RUE;Rue Stendhal;STENDHAL;STENDHAL;291218194
RUE;Rue Suffren;SUFFREN;SUFFREN;28952038
RUE;Rue Sully;SULLY;SULLY;243696386,243697336
RUE;Rue Sully Prudhomme;SULLY PRUDHOMME;PRUDHOMME;220703528
RUE;Rue Sébastien le Balpe;SEBASTIEN LE BALPE;BALPE;220486561,271476989
RUE;Rue Tanguy Malmanche;TANGUY MALMANCHE;MALMANCHE;156623640
RUE;Rue Tanguy Prigent;TANGUY PRIGENT;PRIGENT;274546133
RUE;Rue Théodore Botrel;THEODORE BOTREL;BOTREL;220486438,427364167
RUE;Rue Théodule Ribot;THEODULE RIBOT;RIBOT;28308199,410085729,480848512
RUE;Rue Toussaint Louverture;TOUSSAINT LOUVERTURE;LOUVERTURE;220486455
RUE;Rue Tristan Corbière;TRISTAN CORBIERE;CORBIERE;28916809
RUE;Rue Turenne;TURENNE;TURENNE;441767754
RUE;Rue Turgot;TURGOT;TURGOT;161356362
RUE;Rue Vaclav Havel;VACLAV HAVEL;HAVEL;291218198
RUE;Rue Vicairie;VICAIRIE;VICAIRIE;28916795,28916796,161288077
RUE;Rue Victor Basch;VICTOR BASCH;BASCH;220486477
RUE;Rue Victor Duruy;VICTOR DURUY;DURUY;226044670
RUE;Rue Victor Grignard;VICTOR GRIGNARD;GRIGNARD;220703517,220703523,271274967
RUE;Rue Victor Hugo;VICTOR HUGO;HUGO;271291376
RUE;Rue Victor Rault;VICTOR RAULT;RAULT;220486460,220486512
RUE;Rue Victor Schoelcher;VICTOR SCHOELCHER;SCHOELCHER;220486530
RUE;Rue Victor Segalen;VICTOR SEGALEN;SEGALEN;291218195
RUE;Rue Villiers de L'Isle Adam;VILLIERS DE L ISLE ADAM;ADAM;271623957
RUE;Rue Viollet Le Duc;VIOLLET LE DUC;DUC;226044665
RUE;Rue Voltaire;VOLTAIRE;VOLTAIRE;51744467
RUE;Rue Xavier Grall;XAVIER GRALL;GRALL;422492652
RUE;Rue Yann Sohier;YANN SOHIER;SOHIER;265925876
RUE;Rue Yves Berthou;YVES BERTHOU;BERTHOU;404571695,404571696
RUE;Rue Yves Cabel;YVES CABEL;CABEL;220486511
RUE;Rue Yvette Le Quéinec;YVETTE LE QUEINEC;QUEINEC;28897780
RUE;Rue Zamenhof;ZAMENHOF;ZAMENHOF;220716144
RUE;Rue Zenaide Fleuriot;ZENAIDE FLEURIOT;FLEURIOT;30965059,163357211,477959203
RUE;Rue aux Toiles;AUX TOILES;TOILES;173590342
RUE;Rue d'Alembert;D ALEMBERT;ALEMBERT;55953654
RUE;Rue d'Alsace-Lorraine;D ALSACE LORRAINE;LORRAINE;51751872
RUE;Rue d'Amsterdam;D AMSTERDAM;AMSTERDAM;297779667
RUE;Rue d'Anjou;D ANJOU;ANJOU;49419772
RUE;Rue d'Aquitaine;D AQUITAINE;AQUITAINE;31458754
RUE;Rue d'Artois;D ARTOIS;ARTOIS;48520181
RUE;Rue d'Avaugour;D AVAUGOUR;AVAUGOUR;226046665
RUE;Rue d'Ouessant;D OUESSANT;OUESSANT;404571690
RUE;Rue de Barcelone;DE BARCELONE;BARCELONE;427257847
RUE;Rue de Beaulieu;DE BEAULIEU;BEAULIEU;31452672
RUE;Rue de Berrien;DE BERRIEN;BERRIEN;226046666
RUE;Rue de Bien Assis;DE BIEN ASSIS;ASSIS;265925883,405092179
RUE;Rue de Bir Hakeim;DE BIR HAKEIM;HAKEIM;220716143
RUE;Rue de Bourgogne;DE BOURGOGNE;BOURGOGNE;46736703,46736705
RUE;Rue de Brest;DE BREST;BREST;28308201,275871442,307406883
RUE;Rue de Brocéliande;DE BROCELIANDE;BROCELIANDE;189440481,372220014
RUE;Rue de Cancale;DE CANCALE;CANCALE;373205819
RUE;Rue de Carfort;DE CARFORT;CARFORT;435671608
RUE;Rue de Chausey;DE CHAUSEY;CHAUSEY;297785447
RUE;Rue de Cherbourg;DE CHERBOURG;CHERBOURG;373205818
RUE;Rue de Cornouaille;DE CORNOUAILLE;CORNOUAILLE;28916786,480848514,481127431
RUE;Rue de Dieppe;DE DIEPPE;DIEPPE;312211220
RUE;Rue de Douvenant;DE DOUVENANT;DOUVENANT;261929502
RUE;Rue de Franche-Comté;DE FRANCHE COMTE;COMTE;28916769
RUE;Rue de Fréhel;DE FREHEL;FREHEL;428249139
RUE;Rue de Gascogne;DE GASCOGNE;GASCOGNE;28916766
RUE;Rue de Genève;DE GENEVE;GENEVE;28879666,168128585,168128589,366302325,366302326,366302327,483546418
RUE;Rue de Gernugan;DE GERNUGAN;GERNUGAN;440479126
RUE;Rue de Gourien;DE GOURIEN;GOURIEN;28916802
RUE;Rue de Gouédic;DE GOUEDIC;GOUEDIC;28308197,28343047,28343048,168128601,429148511,429148514,480979747
RUE;Rue de Gouët;DE GOUET;GOUET;28342963,302162156
RUE;Rue de Granville;DE GRANVILLE;GRANVILLE;312211276
RUE;Rue de Guernesey;DE GUERNESEY;GUERNESEY;297785444,480849238
RUE;Rue de Guébriant;DE GUEBRIANT;GUEBRIANT;31412056,270158280
RUE;Rue de Jersey;DE JERSEY;JERSEY;28916784,31412717,404571691,410085730
RUE;Rue de Kerguélen;DE KERGUELEN;KERGUELEN;168912143
RUE;Rue de Launivier;DE LAUNIVIER;LAUNIVIER;271280731
RUE;Rue de Lisbonne;DE LISBONNE;LISBONNE;427257848
RUE;Rue de Liège;DE LIEGE;LIEGE;297779664
RUE;Rue de Louisiane;DE LOUISIANE;LOUISIANE;265925882
RUE;Rue de Malaunay;DE MALAUNAY;MALAUNAY;226044689
RUE;Rue de Monte à Regret;DE MONTE A REGRET;REGRET;302552112
RUE;Rue de Normandie;DE NORMANDIE;NORMANDIE;271280734
RUE;Rue de Paimpont;DE PAIMPONT;PAIMPONT;372220015
RUE;Rue de Paris;DE PARIS;PARIS;168044790,243700799,305751519,305751526,430993120,430993122,430993123
RUE;Rue de Penthièvre;DE PENTHIEVRE;PENTHIEVRE;168118961
RUE;Rue de Picardie;DE PICARDIE;PICARDIE;28916767
RUE;Rue de Poitou;DE POITOU;POITOU;28916770
RUE;Rue de Prague;DE PRAGUE;PRAGUE;297779665
RUE;Rue de Provence;DE PROVENCE;PROVENCE;28916785,49419773
RUE;Rue de Quintin;DE QUINTIN;QUINTIN;28916799,300585023
RUE;Rue de Robien;DE ROBIEN;ROBIEN;31412068,270158281
RUE;Rue de Rohan;DE ROHAN;ROHAN;28342975,161236264,429606301
RUE;Rue de Rohannec'h;DE ROHANNEC H;H;28897802,66580919
RUE;Rue de Saint-Barthélémy;DE SAINT BARTHELEMY;BARTHELEMY;297785448
RUE;Rue de Saint-Hilaire;DE SAINT HILAIRE;HILAIRE;265925886
RUE;Rue de Saint-Malo;DE SAINT MALO;MALO;168912144
RUE;Rue de Savoie;DE SAVOIE;SAVOIE;46736704
RUE;Rue de Sercq;DE SERCQ;SERCQ;265925893
RUE;Rue de Stalingrad;DE STALINGRAD;STALINGRAD;270360961
RUE;Rue de Touraine;DE TOURAINE;TOURAINE;28916776
RUE;Rue de Trefois;DE TREFOIS;TREFOIS;220716135
RUE;Rue de Trégueux;DE TREGUEUX;TREGUEUX;26971530,220486515,271051674,271051675,340199875,444812029,444812031,480092203,480092204
RUE;Rue de Vendée;DE VENDEE;VENDEE;28916777
RUE;Rue de Venise;DE VENISE;VENISE;297779663
RUE;Rue de Verdun;DE VERDUN;VERDUN;48519358
RUE;Rue de Villebonne;DE VILLEBONNE;VILLEBONNE;264277517
RUE;Rue de l'Abbé Garnier;DE L ABBE GARNIER;GARNIER;27456951,304420150,304420155,304420157
RUE;Rue de l'Argoat;DE L ARGOAT;ARGOAT;226046663,271623976
RUE;Rue de l'Astrolabe;DE L ASTROLABE;ASTROLABE;220630360
RUE;Rue de l'Avenir;DE L AVENIR;AVENIR;28897782
RUE;Rue de l'Espérance;DE L ESPERANCE;ESPERANCE;201907643
RUE;Rue de l'Etablette;DE L ETABLETTE;ETABLETTE;292232046,292232049,299506687,299506690,299506691,330038379,330038380
RUE;Rue de l'Europe;DE L EUROPE;EUROPE;28897789,66676871,66676872,419233584,485154631,660771522
RUE;Rue de l'Hirondelle;DE L HIRONDELLE;HIRONDELLE;372220016
RUE;Rue de l'Ondine;DE L ONDINE;ONDINE;220716108
RUE;Rue de l'Yser;DE L YSER;YSER;48519355
RUE;Rue de la Balavoine;DE LA BALAVOINE;BALAVOINE;514008287
RUE;Rue de la Beauchée;DE LA BEAUCHEE;BEAUCHEE;154024399,154024413
RUE;Rue de la Bruyère;DE LA BRUYERE;BRUYERE;111378519
RUE;Rue de la Caquinerie;DE LA CAQUINERIE;CAQUINERIE;35779171
RUE;Rue de la Champagne;DE LA CHAMPAGNE;CHAMPAGNE;48519354,48519356
RUE;Rue de la Chartreuse;DE LA CHARTREUSE;CHARTREUSE;31458705
RUE;Rue de la Chesnaie;DE LA CHESNAIE;CHESNAIE;220486555,423688658
RUE;Rue de la Concorde;DE LA CONCORDE;CONCORDE;85827519
RUE;Rue de la Cordelière;DE LA CORDELIERE;CORDELIERE;28952039
RUE;Rue de la Corderie;DE LA CORDERIE;CORDERIE;28308200,168118959
RUE;Rue de la Corniche;DE LA CORNICHE;CORNICHE;168043363,168043376,376442187
RUE;Rue de la Croix Rouge;DE LA CROIX ROUGE;ROUGE;28879665
RUE;Rue de la Croix au Chat;DE LA CROIX AU CHAT;CHAT;49422235
RUE;Rue de la Côte aux Marie;DE LA COTE AUX MARIE;MARIE;304420158
RUE;Rue de la Côte à Moussu;DE LA COTE A MOUSSU;MOUSSU;220488116,429148516
RUE;Rue de la Donas;DE LA DONAS;DONAS;271623971
RUE;Rue de la Fontaine Saint-Brieuc;DE LA FONTAINE SAINT BRIEUC;BRIEUC;28916807,302162160,302162161
RUE;Rue de la Fontaine Sucrée;DE LA FONTAINE SUCREE;SUCREE;202353513
RUE;Rue de la Gare;DE LA GARE;GARE;303092518
RUE;Rue de la Grille;DE LA GRILLE;GRILLE;40608287,429606307
RUE;Rue de la Hacmoree;DE LA HACMOREE;HACMOREE;297785443
RUE;Rue de la Hunaudaye;DE LA HUNAUDAYE;HUNAUDAYE;224223892,427965010
RUE;Rue de la Mardelle;DE LA MARDELLE;MARDELLE;168119483
RUE;Rue de la Mettrie;DE LA METTRIE;METTRIE;220486428
RUE;Rue de la Micauderie;DE LA MICAUDERIE;MICAUDERIE;226044669
RUE;Rue de la Paix;DE LA PAIX;PAIX;220716115
RUE;Rue de la Plaine Ville;DE LA PLAINE VILLE;VILLE;404571692
RUE;Rue de la Poissonnerie;DE LA POISSONNERIE;POISSONNERIE;161288089
RUE;Rue de la Prospérité;DE LA PROSPERITE;PROSPERITE;28897781
RUE;Rue de la Préfecture;DE LA PREFECTURE;PREFECTURE;28342961,28342970,161236262
RUE;Rue de la Pérouse;DE LA PEROUSE;PEROUSE;168043360
RUE;Rue de la Roche Gautier;DE LA ROCHE GAUTIER;GAUTIER;268342204
RUE;Rue de la Roche Jano;DE LA ROCHE JANO;JANO;201907656
RUE;Rue de la République;DE LA REPUBLIQUE;REPUBLIQUE;28879663,30762676,168043355,168043359,168043372,426008635,494505829,670215486
RUE;Rue de la Solidarité;DE LA SOLIDARITE;SOLIDARITE;28952029,28952031,312217312,312217316,485154621
RUE;Rue de la Tour;DE LA TOUR;TOUR;28952040
RUE;Rue de la Tullaye;DE LA TULLAYE;TULLAYE;28897793,220174220
RUE;Rue de la Ville Audry;DE LA VILLE AUDRY;AUDRY;220486552
RUE;Rue de la Ville Bastard;DE LA VILLE BASTARD;BASTARD;312207110
RUE;Rue de la Ville Bernard;DE LA VILLE BERNARD;BERNARD;303599729
RUE;Rue de la Ville Berno;DE LA VILLE BERNO;BERNO;220716146
RUE;Rue de la Ville Bily;DE LA VILLE BILY;BILY;31458853
RUE;Rue de la Ville Bougault;DE LA VILLE BOUGAULT;BOUGAULT;31411497
RUE;Rue de la Ville Ernault;DE LA VILLE ERNAULT;ERNAULT;356861266
RUE;Rue de la Ville Grohan;DE LA VILLE GROHAN;GROHAN;427364164
RUE;Rue de la Ville Gueury;DE LA VILLE GUEURY;GUEURY;31454144,423688659,423688660
RUE;Rue de la Ville Guyomard;DE LA VILLE GUYOMARD;GUYOMARD;226044674
RUE;Rue de la Ville Hellio;DE LA VILLE HELLIO;HELLIO;28897820,48515421
RUE;Rue de la Ville Jouyaux;DE LA VILLE JOUYAUX;JOUYAUX;423688663
RUE;Rue de la Ville Malante;DE LA VILLE MALANTE;MALANTE;156623633
RUE;Rue de la Ville d'Ys;DE LA VILLE D YS;YS;112511079
RUE;Rue de la Villemarqué;DE LA VILLEMARQUE;VILLEMARQUE;265925890,404571702
RUE;Rue des Ardennes;DES ARDENNES;ARDENNES;28916782
RUE;Rue des Bonnets Rouges;DES BONNETS ROUGES;ROUGES;271476986,271476991
RUE;Rue des Bouessières;DES BOUESSIERES;BOUESSIERES;440120217
RUE;Rue des Buttes;DES BUTTES;BUTTES;156520881
RUE;Rue des Cap-Horniers;DES CAP HORNIERS;HORNIERS;168119480
RUE;Rue des Capucins;DES CAPUCINS;CAPUCINS;28897819
RUE;Rue des Champs Au Duc;DES CHAMPS AU DUC;DUC;514214939
RUE;Rue des Champs de Pies;DES CHAMPS DE PIES;PIES;30326097,30599715,30599724,32550096
RUE;Rue des Cheminots;DES CHEMINOTS;CHEMINOTS;220488108
RUE;Rue des Clôtures;DES CLOTURES;CLOTURES;30762273
RUE;Rue des Corsaires;DES CORSAIRES;CORSAIRES;201907669
RUE;Rue des Cruchets;DES CRUCHETS;CRUCHETS;201907666
RUE;Rue des Dauphins;DES DAUPHINS;DAUPHINS;168043357
RUE;Rue des Deux Frères Royer;DES DEUX FRERES ROYER;ROYER;168912132
RUE;Rue des Déportés;DES DEPORTES;DEPORTES;220718779
RUE;Rue des Embruns;DES EMBRUNS;EMBRUNS;168043369
RUE;Rue des Forges;DES FORGES;FORGES;30965046
RUE;Rue des Francs Tireurs;DES FRANCS TIREURS;TIREURS;220718788
RUE;Rue des Fusillés;DES FUSILLES;FUSILLES;220718805
RUE;Rue des Galets;DES GALETS;GALETS;221576713,417566077
RUE;Rue des Gallois;DES GALLOIS;GALLOIS;168301339
RUE;Rue des Hillionnais;DES HILLIONNAIS;HILLIONNAIS;127048174
RUE;Rue des Islandais;DES ISLANDAIS;ISLANDAIS;168119482
RUE;Rue des Landes;DES LANDES;LANDES;261917006
RUE;Rue des Ligneries;DES LIGNERIES;LIGNERIES;26761747,168128603,312207111,312207113,312207115
RUE;Rue des Lycéens Martyrs;DES LYCEENS MARTYRS;MARTYRS;303092514,303092515,303092516,303092517
RUE;Rue des Marsouins;DES MARSOUINS;MARSOUINS;168043370,491939808,491939809
RUE;Rue des Merles;DES MERLES;MERLES;28952052,271291375
RUE;Rue des Minquiers;DES MINQUIERS;MINQUIERS;168912142
RUE;Rue des Perrières;DES PERRIERES;PERRIERES;220718799
RUE;Rue des Promenades;DES PROMENADES;PROMENADES;28343851,384906993
RUE;Rue des Roches Douvres;DES ROCHES DOUVRES;DOUVRES;168912133,168912139
RUE;Rue des Sentes;DES SENTES;SENTES;220630353
RUE;Rue des Terres Neuvas;DES TERRES NEUVAS;NEUVAS;220630378
RUE;Rue des Trois Frères Le Goff;DES TROIS FRERES LE GOFF;GOFF;302162162,302162163,302162164,302162165,351521096
RUE;Rue des Trois Frères Merlin;DES TROIS FRERES MERLIN;MERLIN;40608288
RUE;Rue des Trois Frères Poutrin;DES TROIS FRERES POUTRIN;POUTRIN;23884728
RUE;Rue des Tuileries;DES TUILERIES;TUILERIES;107275014
RUE;Rue des Écoles;DES ECOLES;ECOLES;168043377,201907644,201907671,201907677
RUE;Rue du 19 Mars 1962;DU 19 MARS 1962;1962;220703537
RUE;Rue du 71e Régiment d'Infanterie;DU 71E REGIMENT D INFANTERIE;INFANTERIE;26099773,161288083,167951053
RUE;Rue du Bel Orient;DU BEL ORIENT;ORIENT;28916806
RUE;Rue du Berry;DU BERRY;BERRY;271280732,271280733,404708549
RUE;Rue du Bourg Vase;DU BOURG VASE;VASE;161288088
RUE;Rue du Béarn;DU BEARN;BEARN;31458855
RUE;Rue du Champ des Nues;DU CHAMP DES NUES;NUES;271623955
RUE;Rue du Chapitre;DU CHAPITRE;CHAPITRE;28343847
RUE;Rue du Chef de Ville;DU CHEF DE VILLE;VILLE;270360955
RUE;Rue du Château Bily;DU CHATEAU BILY;BILY;404709545
RUE;Rue du Clos Louis;DU CLOS LOUIS;LOUIS;346082488,346082491
RUE;Rue du Clos de l'Aire;DU CLOS DE L AIRE;AIRE;265925880
RUE;Rue du Clos de la Fontaine;DU CLOS DE LA FONTAINE;FONTAINE;226044660
RUE;Rue du Clos de la Grange;DU CLOS DE LA GRANGE;GRANGE;220486508,422679009
RUE;Rue du Clos des Courlis;DU CLOS DES COURLIS;COURLIS;201907660
RUE;Rue du Clos des Sternes;DU CLOS DES STERNES;STERNES;168043361,201907641
RUE;Rue du Colombier;DU COLOMBIER;COLOMBIER;28308190
RUE;Rue du Colonel Fabien;DU COLONEL FABIEN;FABIEN;243658396
RUE;Rue du Combat des Trente;DU COMBAT DES TRENTE;TRENTE;161290075,161290077,161290083,351864425
RUE;Rue du Commandant Le Conniat;DU COMMANDANT LE CONNIAT;CONNIAT;220630386
RUE;Rue du Commandant d'Estienne d'Orves;DU COMMANDANT D ESTIENNE D ORVES;ORVES;220630389
RUE;Rue du Commandant l'Herminier;DU COMMANDANT L HERMINIER;HERMINIER;168119484
RUE;Rue du Coucou;DU COUCOU;COUCOU;28342953,220716130
RUE;Rue du Docteur Charcot;DU DOCTEUR CHARCOT;CHARCOT;168043356,168043362,288830326
RUE;Rue du Docteur Lamaze;DU DOCTEUR LAMAZE;LAMAZE;441853156
RUE;Rue du Docteur Rahuel;DU DOCTEUR RAHUEL;RAHUEL;28308192
RUE;Rue du Docteur Rochard;DU DOCTEUR ROCHARD;ROCHARD;28952054
RUE;Rue du Douanier Tass;DU DOUANIER TASS;TASS;28952037
RUE;Rue du Gouty;DU GOUTY;GOUTY;271623974
RUE;Rue du Goëlo;DU GOELO;GOELO;265925894,271623973
RUE;Rue du Grand Clos;DU GRAND CLOS;CLOS;226224730
RUE;Rue du Grand Léjon;DU GRAND LEJON;LEJON;168912141
RUE;Rue du Général Leclerc;DU GENERAL LECLERC;LECLERC;28343845,161288096
RUE;Rue du Jura;DU JURA;JURA;28916772
RUE;Rue du Languedoc;DU LANGUEDOC;LANGUEDOC;28916771
RUE;Rue du Limousin;DU LIMOUSIN;LIMOUSIN;28916781
RUE;Rue du Légué;DU LEGUE;LEGUE;28342965,302162157,302162158,302162159,312207097,480844665
RUE;Rue du Léon;DU LEON;LEON;226044666
RUE;Rue du Maréchal Foch;DU MARECHAL FOCH;FOCH;302162166,443130898,443130899
RUE;Rue du Moulin Persas;DU MOULIN PERSAS;PERSAS;226046664,271623978,271623980
RUE;Rue du Moulin à Papier;DU MOULIN A PAPIER;PAPIER;220699400
RUE;Rue du Parc;DU PARC;PARC;28916811,351238205,480866976
RUE;Rue du Petit Clos;DU PETIT CLOS;CLOS;226224733
RUE;Rue du Port;DU PORT;PORT;28897812,271291367
RUE;Rue du Port Favigo;DU PORT FAVIGO;FAVIGO;66571878,436343990
RUE;Rue du Pré;DU PRE;PRE;441801017
RUE;Rue du Pré Auren;DU PRE AUREN;AUREN;30762595
RUE;Rue du Pré Chesnay;DU PRE CHESNAY;CHESNAY;28342955
RUE;Rue du Pré Saint-Léger;DU PRE SAINT LEGER;LEGER;423883928
RUE;Rue du Périgord;DU PERIGORD;PERIGORD;28916783
RUE;Rue du Québec;DU QUEBEC;QUEBEC;171491723
RUE;Rue du Roussillon;DU ROUSSILLON;ROUSSILLON;28916780
RUE;Rue du Souvenir Français;DU SOUVENIR FRANCAIS;FRANCAIS;159539291
RUE;Rue du Tertre Aubé;DU TERTRE AUBE;AUBE;384907000
RUE;Rue du Tertre Cotin;DU TERTRE COTIN;COTIN;201907678
RUE;Rue du Tertre Marie Dondaine;DU TERTRE MARIE DONDAINE;DONDAINE;413458779
RUE;Rue du Tertre aux Lièvres;DU TERTRE AUX LIEVRES;LIEVRES;28952043
RUE;Rue du Tregor;DU TREGOR;TREGOR;31412572,35261296,224223880
RUE;Rue du Valais;DU VALAIS;VALAIS;168043365
RUE;Rue du Vau Gicquel;DU VAU GICQUEL;GICQUEL;226044663,271623970
RUE;Rue du Vau Louis;DU VAU LOUIS;LOUIS;30762740
RUE;Rue du Vau Méno;DU VAU MENO;MENO;271623968
RUE;Rue du Vercors;DU VERCORS;VERCORS;271280735
RUE;Rue du Vieil Étang;DU VIEIL ETANG;ETANG;346082489
RUE;Rue du Vieux Puits;DU VIEUX PUITS;PUITS;42886349
RUE;Rue du Vieux Séminaire;DU VIEUX SEMINAIRE;SEMINAIRE;28916800
RUE;Rue le Corbusier;LE CORBUSIER;CORBUSIER;226044656,346082495
RUE;Rue le Floch;LE FLOCH;FLOCH;168043358,168043367
RUE;Rue Édouard Manet;EDOUARD MANET;MANET;265925887
RUE;Rue Édouard Ollivro;EDOUARD OLLIVRO;OLLIVRO;514039393
RUE;Rue Émile Ernault;EMILE ERNAULT;ERNAULT;423013664
RUE;Rue Émile Littré;EMILE LITTRE;LITTRE;220486469
RUE;Rue Émile Masson;EMILE MASSON;MASSON;31510330
RUE;Rue Émile Zola;EMILE ZOLA;ZOLA;27283924
RUE;Rue Émile et Vincent Daubé;EMILE ET VINCENT DAUBE;DAUBE;265925892
RUE;Rue Évariste Galois;EVARISTE GALOIS;GALOIS;384319329
RESIDENCE;Résidence des Villes Dorées;DES VILLES DOREES;DOREES;220718798
RESIDENCE;Résidence la Colline;LA COLLINE;COLLINE;220486546
;Sarah Bernhardt;SARAH BERNHARDT;BERNHARDT;396782669,410086927,410086928
SQUARE;Square Alfred Millet;ALFRED MILLET;MILLET;270360959
SQUARE;Square Toussaint Louverture;TOUSSAINT LOUVERTURE;LOUVERTURE;220486453
VENELLE;Venelle Achille du Clézieux;ACHILLE DU CLEZIEUX;CLEZIEUX;423965770
VENELLE;Venelle Saint-Brieuc;SAINT BRIEUC;BRIEUC;441822200
VENELLE;Venelle de Gouédic;DE GOUEDIC;GOUEDIC;426014078,426014079
VENELLE;Venelle des Champs Lorins;DES CHAMPS LORINS;LORINS;396782679
VIADUC;Viaduc de Toupin;DE TOUPIN;TOUPIN;28879668
VIADUC;Viaduc du Gouédic;DU GOUEDIC;GOUEDIC;28916759,66676796,107488099,522518226
VIADUC;Viaduc du Gouët;DU GOUET;GOUET;28916763,37922133,522518251,522518272
;Vieille Côte de Gouët;VIEILLE COTE DE GOUET;GOUET;302162169,302162170,480844856,480844857
VOIE;Voie Bus TEO;BUS TEO;TEO;28897787,202908679,306242036,306244447,306498332
