voie;name;name_norm;last_word_norm;ways
ALLEE;Allée Alfred de Musset;ALFRED DE MUSSET;MUSSET;29001462
ALLEE;Allée André Malraux;ANDRE MALRAUX;MALRAUX;41457943
ALLEE;Allée Antoine Parmentier;ANTOINE PARMENTIER;PARMENTIER;137769457
ALLEE;Allée Antoine-Laurent de Jussieu;ANTOINE LAURENT DE JUSSIEU;JUSSIEU;137769459
ALLEE;Allée Camille Claudel;CAMILLE CLAUDEL;CLAUDEL;207717843
ALLEE;Allée Charles Perrault;CHARLES PERRAULT;PERRAULT;84732985
ALLEE;Allée Debussy;DEBUSSY;DEBUSSY;342474299,342474300
ALLEE;Allée Fleurie;FLEURIE;FLEURIE;286432709
ALLEE;Allée François Villon;FRANCOIS VILLON;VILLON;137769450
ALLEE;Allée Gabrielle;GABRIELLE;GABRIELLE;41458000,549056217
ALLEE;Allée Georges Bizet;GEORGES BIZET;BIZET;509410499
ALLEE;Allée Georges Cuvier;GEORGES CUVIER;CUVIER;29001345,29001347,265973178
ALLEE;Allée Gustave Courbet;GUSTAVE COURBET;COURBET;98466146
ALLEE;Allée Gustave Dupont;GUSTAVE DUPONT;DUPONT;45496646
ALLEE;Allée Jacques Duhamel;JACQUES DUHAMEL;DUHAMEL;26063390
ALLEE;Allée Jean Fragonard;JEAN FRAGONARD;FRAGONARD;98466116
ALLEE;Allée Jean Vilar;JEAN VILAR;VILAR;342474301
ALLEE;Allée Joachim du Bellay;JOACHIM DU BELLAY;BELLAY;26060333
ALLEE;Allée Joseph Belin;JOSEPH BELIN;BELIN;342474302
ALLEE;Allée Joséphine;JOSEPHINE;JOSEPHINE;342474303
ALLEE;Allée Jules Nivette;JULES NIVETTE;NIVETTE;342474304
ALLEE;Allée Lamartine;LAMARTINE;LAMARTINE;342474305
ALLEE;Allée Louis Blériot;LOUIS BLERIOT;BLERIOT;29000987
ALLEE;Allée Louis Daubenton;LOUIS DAUBENTON;DAUBENTON;137769448
ALLEE;Allée Louis Jouvet;LOUIS JOUVET;JOUVET;129197738
ALLEE;Allée Louis de Bourbon;LOUIS DE BOURBON;BOURBON;26066609
ALLEE;Allée Marie Curie;MARIE CURIE;CURIE;207717844
ALLEE;Allée Marie Laurencin;MARIE LAURENCIN;LAURENCIN;29001328
ALLEE;Allée Maryse BAstié;MARYSE BASTIE;BASTIE;207717845
ALLEE;Allée Mozart;MOZART;MOZART;342474306,342474307,342474308,342474309
ALLEE;Allée Orly Parc;ORLY PARC;PARC;342474310
ALLEE;Allée Paul Gauguin;PAUL GAUGUIN;GAUGUIN;98466184
ALLEE;Allée Ravel;RAVEL;RAVEL;342474311,342474312,342474313,342474314
ALLEE;Allée Robert;ROBERT;ROBERT;41457995
ALLEE;Allée Roger Ledent;ROGER LEDENT;LEDENT;548769019
ALLEE;Allée Saint-Exupéry;SAINT EXUPERY;EXUPERY;342474315
ALLEE;Allée Saint-Hubert;SAINT HUBERT;HUBERT;342474316
ALLEE;Allée Saint-Martin;SAINT MARTIN;MARTIN;29001362,342474317
ALLEE;Allée Théodore Botrel;THEODORE BOTREL;BOTREL;29001369
ALLEE;Allée Toulouse Lautrec;TOULOUSE LAUTREC;LAUTREC;342474318
ALLEE;Allée Victor Hugo;VICTOR HUGO;HUGO;342474319
ALLEE;Allée Victoria;VICTORIA;VICTORIA;26061103,41457941
ALLEE;Allée de Chanteprune;DE CHANTEPRUNE;CHANTEPRUNE;29001376,29001378
ALLEE;Allée de Montfleury;DE MONTFLEURY;MONTFLEURY;29001342
ALLEE;Allée de l'Avenir;DE L AVENIR;AVENIR;29001228
ALLEE;Allée de la Borne Blanche;DE LA BORNE BLANCHE;BLANCHE;342474320
ALLEE;Allée de la Chesnaie;DE LA CHESNAIE;CHESNAIE;29001505,29001519
ALLEE;Allée de la Comtesse de Ségur;DE LA COMTESSE DE SEGUR;SEGUR;29001331
ALLEE;Allée de la Ferme Saint-Antoine;DE LA FERME SAINT ANTOINE;ANTOINE;29001534
ALLEE;Allée de la Forêt;DE LA FORET;FORET;102840050
ALLEE;Allée de la Grande Sommière;DE LA GRANDE SOMMIERE;SOMMIERE;68567379,68567543
ALLEE;Allée de la Mare au Fusil;DE LA MARE AU FUSIL;FUSIL;320790335
ALLEE;Allée de la Ville au Bois;DE LA VILLE AU BOIS;BOIS;320790336
ALLEE;Allée des Ambalais;DES AMBALAIS;AMBALAIS;41457945,41457946
ALLEE;Allée des Champs Garnis;DES CHAMPS GARNIS;GARNIS;137769452
ALLEE;Allée des Fauvettes;DES FAUVETTES;FAUVETTES;29001367,45496018
ALLEE;Allée des Frères Morane;DES FRERES MORANE;MORANE;29001014
ALLEE;Allée des Geais;DES GEAIS;GEAIS;45496644
ALLEE;Allée des Lauriers;DES LAURIERS;LAURIERS;320790348
ALLEE;Allée des Merles;DES MERLES;MERLES;45496643
ALLEE;Allée des Mésanges;DES MESANGES;MESANGES;29001366,45496017
ALLEE;Allée des Pinsons;DES PINSONS;PINSONS;45496645
ALLEE;Allée des Rossignols;DES ROSSIGNOLS;ROSSIGNOLS;102840051
ALLEE;Allée des Sapins;DES SAPINS;SAPINS;342474321
ALLEE;Allée des Érables;DES ERABLES;ERABLES;45496642
ALLEE;Allée du Clos Saint-Pierre;DU CLOS SAINT PIERRE;PIERRE;45496019
ALLEE;Allée du Docteur Louis Fleury;DU DOCTEUR LOUIS FLEURY;FLEURY;41422384
ALLEE;Allée du Faisan Doré;DU FAISAN DORE;DORE;342474322
ALLEE;Allée du Midi;DU MIDI;MIDI;129197736
ALLEE;Allée du Petit Val;DU PETIT VAL;VAL;509410501
ALLEE;Allée Émile Zola;EMILE ZOLA;ZOLA;29001276
ANCIEN CHEMIN;Ancien Chemin de Villiers;DE VILLIERS;VILLIERS;546897899,549237273,549237274
AVENUE;Avenue Adrienne;ADRIENNE;ADRIENNE;26062175
AVENUE;Avenue Albert Camus;ALBERT CAMUS;CAMUS;29001061,320790338,565868997,565868998,565868999,565869000
AVENUE;Avenue Alphonsine;ALPHONSINE;ALPHONSINE;29001190
AVENUE;Avenue Anatole France;ANATOLE FRANCE;FRANCE;29001129
AVENUE;Avenue André Rouy;ANDRE ROUY;ROUY;69415457,85651983
AVENUE;Avenue Antoine Watteau;ANTOINE WATTEAU;WATTEAU;24712670
AVENUE;Avenue Ardouin;ARDOUIN;ARDOUIN;23840619,23840643,23840645,41016335,286432704,286432710,286432713,286432714,286432718,565543086,565543087,565543088,565543089,565543090
AVENUE;Avenue Aubry;AUBRY;AUBRY;24712665,29001301,29001324,57367420
AVENUE;Avenue Beauséjour;BEAUSEJOUR;BEAUSEJOUR;26060578
AVENUE;Avenue Bertrand;BERTRAND;BERTRAND;24712407,29001124,29001134,549056216
AVENUE;Avenue Celina - Avenue Lucie;CELINA   AVENUE LUCIE;LUCIE;23205667
AVENUE;Avenue Champion;CHAMPION;CHAMPION;26058128
AVENUE;Avenue Charles Vanel;CHARLES VANEL;VANEL;45496013
AVENUE;Avenue Chéret;CHERET;CHERET;24712421,29001197,45496020
AVENUE;Avenue Cintrat;CINTRAT;CINTRAT;29000951
AVENUE;Avenue Clara;CLARA;CLARA;26058652
AVENUE;Avenue Clément Ader;CLEMENT ADER;ADER;29000976,29000994,29001002,544646245,630690040,630690042
AVENUE;Avenue Daniel;DANIEL;DANIEL;26058443
AVENUE;Avenue Deguilhem;DEGUILHEM;DEGUILHEM;23840697
AVENUE;Avenue Ernest Cusson;ERNEST CUSSON;CUSSON;23840709
AVENUE;Avenue Gambetta;GAMBETTA;GAMBETTA;29001104
AVENUE;Avenue George Sand;GEORGE SAND;SAND;29001319,29001321,29001326,29001329
AVENUE;Avenue Georges Foureau;GEORGES FOUREAU;FOUREAU;26062845,26066252
AVENUE;Avenue Georges-Louis de Buffon;GEORGES LOUIS DE BUFFON;BUFFON;137769458,137769463,265973164,265973174
AVENUE;Avenue Germaine;GERMAINE;GERMAINE;29001126
AVENUE;Avenue Gonzalve;GONZALVE;GONZALVE;29001166,29001247,137769461,265973157,323302679,548769021,548769025
AVENUE;Avenue Henri Barbusse;HENRI BARBUSSE;BARBUSSE;110774823
AVENUE;Avenue Herculanum;HERCULANUM;HERCULANUM;41422392
AVENUE;Avenue Jean Charcot;JEAN CHARCOT;CHARCOT;29001502
AVENUE;Avenue Jean Gabin;JEAN GABIN;GABIN;29001196
AVENUE;Avenue Jean Kiffer;JEAN KIFFER;KIFFER;23840647,23840649,23840652,23840687,41017770
AVENUE;Avenue Jean de La Fontaine;JEAN DE LA FONTAINE;FONTAINE;29001333,29001339
AVENUE;Avenue Jean-Claude Delubac;JEAN CLAUDE DELUBAC;DELUBAC;23205609,23840447,41422391
AVENUE;Avenue Jolly;JOLLY;JOLLY;29001275,126610654,205502746
AVENUE;Avenue Joseph Cugnot;JOSEPH CUGNOT;CUGNOT;150329469
AVENUE;Avenue Lefèvre;LEFEVRE;LEFEVRE;29001102,29001250,265973163
AVENUE;Avenue Marbeau;MARBEAU;MARBEAU;23840690,41017772,41017775,549237272
AVENUE;Avenue Marie Julie;MARIE JULIE;JULIE;29000954
AVENUE;Avenue Marthe;MARTHE;MARTHE;41386449
AVENUE;Avenue Marthe Blanche;MARTHE BLANCHE;BLANCHE;41016366
AVENUE;Avenue Maurice Berteaux;MAURICE BERTEAUX;BERTEAUX;23840664,23840686,112693853,286435091,621807247
AVENUE;Avenue Maurice Ponroy;MAURICE PONROY;PONROY;41016349
AVENUE;Avenue Mireille;MIREILLE;MIREILLE;41422393
AVENUE;Avenue Neuve des Bordes;NEUVE DES BORDES;BORDES;23840716
AVENUE;Avenue Nicolas Boileau;NICOLAS BOILEAU;BOILEAU;29001334,29001338
AVENUE;Avenue Pasteur;PASTEUR;PASTEUR;23205487,23840708,41017740,41017741
AVENUE;Avenue Paul Cézanne;PAUL CEZANNE;CEZANNE;69081823
AVENUE;Avenue Paul Delorme;PAUL DELORME;DELORME;41016978
AVENUE;Avenue Pierre de Ronsard;PIERRE DE RONSARD;RONSARD;137769449,137769451,137769462,265973160
AVENUE;Avenue Saint-Pierre;SAINT PIERRE;PIERRE;23840648,41016344,548769027
AVENUE;Avenue Stanislas Liedet;STANISLAS LIEDET;LIEDET;198477072
AVENUE;Avenue Thérèse;THERESE;THERESE;23840611,29001450
AVENUE;Avenue de Chennevières;DE CHENNEVIERES;CHENNEVIERES;26060112
AVENUE;Avenue de Coeuilly;DE COEUILLY;COEUILLY;23840691,26058725,26058860,26058878,26058962,41017735,342474323
AVENUE;Avenue de Combault;DE COMBAULT;COMBAULT;24712419,24712664,29001115,548769023,548769024
AVENUE;Avenue de l'Eden;DE L EDEN;EDEN;29001265
AVENUE;Avenue de l'Europe;DE L EUROPE;EUROPE;29001103,173153647,565868996
AVENUE;Avenue de l'Hippodrome;DE L HIPPODROME;HIPPODROME;98666898
AVENUE;Avenue de la Charmille;DE LA CHARMILLE;CHARMILLE;29001128
AVENUE;Avenue de la Dame Blanche;DE LA DAME BLANCHE;BLANCHE;41422389
AVENUE;Avenue de la Favorite;DE LA FAVORITE;FAVORITE;23205551
AVENUE;Avenue de la Maréchale;DE LA MARECHALE;MARECHALE;23205564,23840597,24712420,29001184,612041672
AVENUE;Avenue de la Petite Épargne;DE LA PETITE EPARGNE;EPARGNE;29001138,29001159
AVENUE;Avenue de la Sirène;DE LA SIRENE;SIRENE;23205602
AVENUE;Avenue de la Villa Trévise;DE LA VILLA TREVISE;TREVISE;29001085,29001151
AVENUE;Avenue des Châtaigniers;DES CHATAIGNIERS;CHATAIGNIERS;23840722
AVENUE;Avenue des Huguenots;DES HUGUENOTS;HUGUENOTS;40959695
AVENUE;Avenue des Kiosques;DES KIOSQUES;KIOSQUES;29001299
AVENUE;Avenue des Plans Cassins;DES PLANS CASSINS;CASSINS;23840711
AVENUE;Avenue des Tourelles;DES TOURELLES;TOURELLES;41422380
AVENUE;Avenue des Tourelles - Route de Combault;DES TOURELLES   ROUTE DE COMBAULT;COMBAULT;41422386,255804601
AVENUE;Avenue du 1er Février 1954;DU 1ER FEVRIER 1954;1954;29001260
AVENUE;Avenue du Bois Joli;DU BOIS JOLI;JOLI;24712662
AVENUE;Avenue du Chemin Vert;DU CHEMIN VERT;VERT;26062547
AVENUE;Avenue du Domino Noir;DU DOMINO NOIR;NOIR;23205559
AVENUE;Avenue du Duc de Trévise;DU DUC DE TREVISE;TREVISE;26066325,41422385,41457940
AVENUE;Avenue du Général Leclerc;DU GENERAL LECLERC;LECLERC;41016437,286432700,286432707,286435092,286435093,286435094
AVENUE;Avenue du Général de Gaulle;DU GENERAL DE GAULLE;GAULLE;24712406,544646243,548769030,565543091
AVENUE;Avenue du Parc de la Lande;DU PARC DE LA LANDE;LANDE;26066260,26066322,26066326
AVENUE;Avenue du Plessis-Trévise;DU PLESSIS TREVISE;TREVISE;29000959
AVENUE;Avenue du Prophète;DU PROPHETE;PROPHETE;23205566
AVENUE;Avenue du Tramway;DU TRAMWAY;TRAMWAY;26062551
AVENUE;Avenue du Val Roger;DU VAL ROGER;ROGER;23205582,23205610
CARREFOUR;Carrefour de l'Europe;DE L EUROPE;EUROPE;343333383
CHEMIN;Chemin de Combault;DE COMBAULT;COMBAULT;41130290
CHEMIN;Chemin des Marnières;DES MARNIERES;MARNIERES;69081560
CHEMIN;Chemin du Bois l'Abbé;DU BOIS L ABBE;ABBE;150329455
IMPASSE;Impasse des Acacias;DES ACACIAS;ACACIAS;129197739
;L'Orée du Parc;L OREE DU PARC;PARC;549321110
PASSAGE;Passage des Écoles;DES ECOLES;ECOLES;41016806
PLACE;Place Challoy;CHALLOY;CHALLOY;342474325
PLACE;Place Duquesnoy;DUQUESNOY;DUQUESNOY;41457944
PLACE;Place Georges Courteline;GEORGES COURTELINE;COURTELINE;41386460
PLACE;Place Michel Bony;MICHEL BONY;BONY;26061310
PLACE;Place Pentray;PENTRAY;PENTRAY;342474326,342474327
PLACE;Place Robert Schuman;ROBERT SCHUMAN;SCHUMAN;68568100
PLACE;Place de Verdun;DE VERDUN;VERDUN;24712660,343333700,343333701,343787098
PLACE;Place du Marché;DU MARCHE;MARCHE;243756485
ROND POINT;Rond-Point des Petits Cailloux;DES PETITS CAILLOUX;CAILLOUX;342474328
ROND POINT;Rond-Point du Val Roger;DU VAL ROGER;ROGER;23205580
ROUTE;Route de Combault;DE COMBAULT;COMBAULT;92056076
ROUTE;Route du Plessis;DU PLESSIS;PLESSIS;23840665,237829984,237829985
RUE;Rue Maurice Berteaux;MAURICE BERTEAUX;BERTEAUX;23253648
RUE;Rue Paul Cézanne;PAUL CEZANNE;CEZANNE;29001681
RESIDENCE;Résidence les Chênes;LES CHENES;CHENES;41457937,342474329,342474330,342474331
VILLA;Villa de l'Ermitage;DE L ERMITAGE;ERMITAGE;129197737
VILLA;Villa des Bouleaux;DES BOULEAUX;BOULEAUX;342474364
VILLA;Villa des Cèdres;DES CEDRES;CEDRES;342454381
VILLA;Villa des Noisetiers;DES NOISETIERS;NOISETIERS;41457939
VILLA;Villa des Pins;DES PINS;PINS;342474334
