voie;name;name_norm;last_word_norm;ways
;Accès École;ACCES ECOLE;ECOLE;82490452
ALLEE;Allée Gabriel Fauré;GABRIEL FAURE;FAURE;182139735
ALLEE;Allée George Sand;GEORGE SAND;SAND;190267231
ALLEE;Allée Guy Ropartz;GUY ROPARTZ;ROPARTZ;84346877,182139734,182139736
ALLEE;Allée Hector Berlioz;HECTOR BERLIOZ;BERLIOZ;182139233,183872902
ALLEE;Allée Henri Queffelec;HENRI QUEFFELEC;QUEFFELEC;80401854
ALLEE;Allée Jean Monnet;JEAN MONNET;MONNET;182380434
ALLEE;Allée Madame de Sévigné;MADAME DE SEVIGNE;SEVIGNE;74335341
ALLEE;Allée Robert Schuman;ROBERT SCHUMAN;SCHUMAN;116823923,182380437
ALLEE;Allée de Bellevue;DE BELLEVUE;BELLEVUE;82217527,183068870,552646514
ALLEE;Allée de Grignan;DE GRIGNAN;GRIGNAN;182261558
ALLEE;Allée de La Haye;DE LA HAYE;HAYE;116823919
ALLEE;Allée de Strasbourg;DE STRASBOURG;STRASBOURG;116823920
ALLEE;Allée de la Grande Fontaine;DE LA GRANDE FONTAINE;FONTAINE;22701732
ALLEE;Allée de la Tannerie;DE LA TANNERIE;TANNERIE;554545295
ALLEE;Allée de la Vignole;DE LA VIGNOLE;VIGNOLE;56259117
ALLEE;Allée des Marronniers;DES MARRONNIERS;MARRONNIERS;71134671,161598347
ALLEE;Allée du Clos du Désert;DU CLOS DU DESERT;DESERT;552646510
ALLEE;Allée du Désert;DU DESERT;DESERT;183068868,183068869
ALLEE;Allée du Pré Guérin;DU PRE GUERIN;GUERIN;552646512
;Ancienne Voie Romaine;ANCIENNE VOIE ROMAINE;ROMAINE;189336439
AVENUE;Avenue des Tilleuls;DES TILLEULS;TILLEULS;77167209
COURS;Cours Maison Neuve;MAISON NEUVE;NEUVE;80429275
IMPASSE;Impasse de Bouvrot;DE BOUVROT;BOUVROT;87115418
IMPASSE;Impasse des Bouleaux;DES BOULEAUX;BOULEAUX;77167213
IMPASSE;Impasse des Châtaigniers;DES CHATAIGNIERS;CHATAIGNIERS;77167211
IMPASSE;Impasse des Chênes;DES CHENES;CHENES;77167214
IMPASSE;Impasse des Frènes;DES FRENES;FRENES;77167212
IMPASSE;Impasse des Hêtres;DES HETRES;HETRES;77167210
IMPASSE;Impasse des Mimosas;DES MIMOSAS;MIMOSAS;84350269
IMPASSE;Impasse du Clos du Bourg;DU CLOS DU BOURG;BOURG;82217541,182180409
IMPASSE;Impasse du Muguet;DU MUGUET;MUGUET;84352852
;Le Clos Raphaël;LE CLOS RAPHAEL;RAPHAEL;188137918
;Le Haut Sévaille;LE HAUT SEVAILLE;SEVAILLE;51889007
;Le Petit Drugeon;LE PETIT DRUGEON;DRUGEON;22701726
PLACE;Place Charles de Gaulle;CHARLES DE GAULLE;GAULLE;84347732
PLACE;Place d'Hambrucken;D HAMBRUCKEN;HAMBRUCKEN;186957743,186957745
PLACE;Place du Père Gérard;DU PERE GERARD;GERARD;84353083
PONT;Pont Romain;ROMAIN;ROMAIN;81214863
ROUTE;Route de l'Étang de Chevré;DE L ETANG DE CHEVRE;CHEVRE;10497011,81214864
ROUTE;Route de la Malécotais;DE LA MALECOTAIS;MALECOTAIS;366266037
ROUTE;Route du Préventorium;DU PREVENTORIUM;PREVENTORIUM;25327905
RUE;Rue Alain Colas;ALAIN COLAS;COLAS;82165419
RUE;Rue Anita Conti;ANITA CONTI;CONTI;552646505
RUE;Rue Claude Debussy;CLAUDE DEBUSSY;DEBUSSY;82217523,82217526,182749408
RUE;Rue Comtesse de Ségur;COMTESSE DE SEGUR;SEGUR;74335340
RUE;Rue Florence Arthaud;FLORENCE ARTHAUD;ARTHAUD;552646506
RUE;Rue François René de Châteaubriand;FRANCOIS RENE DE CHATEAUBRIAND;CHATEAUBRIAND;81298489
RUE;Rue Jean Langlais;JEAN LANGLAIS;LANGLAIS;82217520,182931347
RUE;Rue Jean-Marie Pavy;JEAN MARIE PAVY;PAVY;4367131,10503478,182765501
RUE;Rue Louise Michel;LOUISE MICHEL;MICHEL;552646498
RUE;Rue Loïc Caradec;LOIC CARADEC;CARADEC;82165414
RUE;Rue Léon Souhy;LEON SOUHY;SOUHY;82217536
RUE;Rue Marin Marie;MARIN MARIE;MARIE;82165420
RUE;Rue Maurice Ravel;MAURICE RAVEL;RAVEL;82217522
RUE;Rue Olympe de Gouges;OLYMPE DE GOUGES;GOUGES;552646496,552646497
RUE;Rue Paul Féval;PAUL FEVAL;FEVAL;10503476,625255879
RUE;Rue Pierre Gillouard;PIERRE GILLOUARD;GILLOUARD;87113134
RUE;Rue Saint-Martin;SAINT MARTIN;MARTIN;22701734,629964766
RUE;Rue Théodore Botrel;THEODORE BOTREL;BOTREL;88333700
RUE;Rue Théophile Rémond;THEOPHILE REMOND;REMOND;186956872,186956873,186956877
RUE;Rue Voltaire;VOLTAIRE;VOLTAIRE;554545290,554545291
RUE;Rue d'Ouessant;D OUESSANT;OUESSANT;183630780
RUE;Rue de Batz;DE BATZ;BATZ;116823925,655252864,655252866,655252868
RUE;Rue de Belle-Île;DE BELLE ILE;ILE;182183151
RUE;Rue de Bouvrot;DE BOUVROT;BOUVROT;182674596
RUE;Rue de Bréhat;DE BREHAT;BREHAT;80402569,183630781,183631075,656359593
RUE;Rue de Châteaubourg;DE CHATEAUBOURG;CHATEAUBOURG;655252862
RUE;Rue de Fougères;DE FOUGERES;FOUGERES;186956878
RUE;Rue de Glénan;DE GLENAN;GLENAN;183630782
RUE;Rue de Groix;DE GROIX;GROIX;182183152
RUE;Rue de Houat;DE HOUAT;HOUAT;116823924
RUE;Rue de Hoëdic;DE HOEDIC;HOEDIC;552646494
RUE;Rue de Molène;DE MOLENE;MOLENE;182183149
RUE;Rue de Vitré;DE VITRE;VITRE;182181895,182181896
RUE;Rue de l'Orée du Bois;DE L OREE DU BOIS;BOIS;186765452,294295597
RUE;Rue de la Berthelière;DE LA BERTHELIERE;BERTHELIERE;82165413
RUE;Rue de la Dobiais;DE LA DOBIAIS;DOBIAIS;82217517
RUE;Rue de la Forêt;DE LA FORET;FORET;10503479,621576470
RUE;Rue de la Motte Robert;DE LA MOTTE ROBERT;ROBERT;87113132,189350129
RUE;Rue des Bruyères;DES BRUYERES;BRUYERES;55103217,55103219,55103220,183968430
RUE;Rue des Camélias;DES CAMELIAS;CAMELIAS;50075692,55103218
RUE;Rue des Frères Boulanger;DES FRERES BOULANGER;BOULANGER;88333696
RUE;Rue des Genêts;DES GENETS;GENETS;84353743
RUE;Rue des Lilas;DES LILAS;LILAS;56259118
RUE;Rue des Tanneurs;DES TANNEURS;TANNEURS;350653997,350653998
RUE;Rue des Tonneliers;DES TONNELIERS;TONNELIERS;350410608,350410609,350410610,350410611,350410612,350410613,350445757,350653999
RUE;Rue des Vanniers;DES VANNIERS;VANNIERS;22701733
RUE;Rue des Écoles;DES ECOLES;ECOLES;87115419
RUE;Rue du 8 Mai 1945;DU 8 MAI 1945;1945;116823927,182380436
RUE;Rue du Bois;DU BOIS;BOIS;190267234
RUE;Rue du Stade;DU STADE;STADE;82217531
RUE;Rue Éric Tabarly;ERIC TABARLY;TABARLY;10503475
SQUARE;Square Alain Lesage;ALAIN LESAGE;LESAGE;88333701
VOIE;Voie Romaine;ROMAINE;ROMAINE;190269887
