voie;name;name_norm;last_word_norm;ways
ALLEE;Allée Clemenceau;CLEMENCEAU;CLEMENCEAU;409054814
ALLEE;Allée Saint-Exupéry;SAINT EXUPERY;EXUPERY;261562679,343527480
ALLEE;Allée de Beg al Lann;DE BEG AL LANN;LANN;98361367
ALLEE;Allée de Petit Camp;DE PETIT CAMP;CAMP;494348949
ALLEE;Allée des Ajoncs;DES AJONCS;AJONCS;63394304
ALLEE;Allée des Bouvreuils;DES BOUVREUILS;BOUVREUILS;60471402
ALLEE;Allée des Bruyères;DES BRUYERES;BRUYERES;78555998
ALLEE;Allée des Chardonnerets;DES CHARDONNERETS;CHARDONNERETS;60471422,177625451
ALLEE;Allée des Cyprès;DES CYPRES;CYPRES;89058082,400850486
ALLEE;Allée des Gabiers;DES GABIERS;GABIERS;97374244,117351272,117351273
ALLEE;Allée des Genêts;DES GENETS;GENETS;65001365
ALLEE;Allée des Hirondelles;DES HIRONDELLES;HIRONDELLES;60471400,60471401,60471404
ALLEE;Allée des Islandais;DES ISLANDAIS;ISLANDAIS;99398344
ALLEE;Allée des Mésanges;DES MESANGES;MESANGES;60471403
ALLEE;Allée des Roses;DES ROSES;ROSES;32198763
ALLEE;Allée des Sapins;DES SAPINS;SAPINS;98361358
ALLEE;Allée des Soupirs;DES SOUPIRS;SOUPIRS;67805422,402390546,402532689,669188491
ALLEE;Allée du Maréchal-Ferrant;DU MARECHAL FERRANT;FERRANT;374287101,374287102
ALLEE;Allée du Palais de Justice;DU PALAIS DE JUSTICE;JUSTICE;4006988,402530913
ALLEE;Allée du Sellier;DU SELLIER;SELLIER;374287103
;An Hent Houarn;AN HENT HOUARN;HOUARN;30641680
AVENUE;Avenue Corlay;CORLAY;CORLAY;77924366,89268180,300369941,336666468,336666469
AVENUE;Avenue Ernest Renan;ERNEST RENAN;RENAN;4038954
AVENUE;Avenue Pierre Marzin;PIERRE MARZIN;MARZIN;1631551,27407401,175914061,534213354,534213378,534213400
AVENUE;Avenue Wolfgang Amadeus Mozart;WOLFGANG AMADEUS MOZART;MOZART;25132255
AVENUE;Avenue d'Alsace;D ALSACE;ALSACE;4007060,25024187
AVENUE;Avenue d'Anjou;D ANJOU;ANJOU;25200835
AVENUE;Avenue de Lorraine;DE LORRAINE;LORRAINE;25200833
AVENUE;Avenue de Normandie;DE NORMANDIE;NORMANDIE;25200831
AVENUE;Avenue de Park Nevez;DE PARK NEVEZ;NEVEZ;4038939
AVENUE;Avenue de Park Névez;DE PARK NEVEZ;NEVEZ;4038929,4038945,405459044,405459045,439889715
AVENUE;Avenue de la Résistance;DE LA RESISTANCE;RESISTANCE;1631485,1631492,1631510,1631519,1631520,1631523,1631524,1631540,1631550,4758630,155465087,204049417,437356361,444039270,448306416,534213365,560214547,584132809,584132810,595307656
AVENUE;Avenue du Général de Gaulle;DU GENERAL DE GAULLE;GAULLE;4006997,4006999,107339453,155581649,288946611
AVENUE;Avenue du Roux;DU ROUX;ROUX;25204867,25204868,25204869,25204870,25204871,336666470,336666471,336666472,336666473,336666474,336666475,336666476,336666477
BOULEVARD;Boulevard La Fayette;LA FAYETTE;FAYETTE;4038911,4038935,4038943,121702996
BOULEVARD;Boulevard Louis Guilloux;LOUIS GUILLOUX;GUILLOUX;4006990,4006992,4006994,4547084,405459046,405459047,405459048,405459049,449082407,449082408
BOULEVARD;Boulevard Pierre Mendès-France;PIERRE MENDES FRANCE;FRANCE;1631484,264753354,264753359,529522246,595411492,595411493,595411494
BOULEVARD;Boulevard d'Armor;D ARMOR;ARMOR;4007059,4007064,24695874,24695875,155465088,226915705,226915706,448306420
BOULEVARD;Boulevard du Forlac'h;DU FORLAC H;H;77926509
CHEMIN;Chemin Ar Saon;AR SAON;SAON;89058083,299907255
CHEMIN;Chemin Convenant Bellec;CONVENANT BELLEC;BELLEC;455313156
CHEMIN;Chemin Ker ar Draou;KER AR DRAOU;DRAOU;234413289
CHEMIN;Chemin Piéton du Leguer;PIETON DU LEGUER;LEGUER;79264124,299126299
CHEMIN;Chemin de Balaneyer;DE BALANEYER;BALANEYER;121483866
CHEMIN;Chemin de Convenant Goalez;DE CONVENANT GOALEZ;GOALEZ;177278806,177278813,407234942
CHEMIN;Chemin de Corvezou;DE CORVEZOU;CORVEZOU;52561386
CHEMIN;Chemin de Crec'h An Taro;DE CREC H AN TARO;TARO;450547665,450547666
CHEMIN;Chemin de Crec'h An Tarou;DE CREC H AN TAROU;TAROU;109917021
CHEMIN;Chemin de Crec'h Huel;DE CREC H HUEL;HUEL;178131045
CHEMIN;Chemin de Crec'h Lan;DE CREC H LAN;LAN;121484287
CHEMIN;Chemin de Crec'h Moulouarn;DE CREC H MOULOUARN;MOULOUARN;76229362
CHEMIN;Chemin de Croas ar Baladen;DE CROAS AR BALADEN;BALADEN;52815253
CHEMIN;Chemin de Goas Lagorn;DE GOAS LAGORN;LAGORN;49591050,404570024
CHEMIN;Chemin de Gwazh Lagorn;DE GWAZH LAGORN;LAGORN;109917027
CHEMIN;Chemin de Halage;DE HALAGE;HALAGE;1631506,51431016,261594468,261594469,403588459,403857382
CHEMIN;Chemin de Ker an Draoñ;DE KER AN DRAOÑ;DRAOÑ;109917024,234413288,400851622,400851919,400853571
CHEMIN;Chemin de Ker an Merhel;DE KER AN MERHEL;MERHEL;44687538
CHEMIN;Chemin de Ker ar Faout;DE KER AR FAOUT;FAOUT;25204689,478841102
CHEMIN;Chemin de Keradraon;DE KERADRAON;KERADRAON;198737857
CHEMIN;Chemin de Keradrivin Bihan;DE KERADRIVIN BIHAN;BIHAN;52516728,66540634
CHEMIN;Chemin de Keradrivin Bras;DE KERADRIVIN BRAS;BRAS;52815037,405459050,406665669
CHEMIN;Chemin de Kerambellec;DE KERAMBELLEC;KERAMBELLEC;117804149,117804314,383657256,399121296,478920222
CHEMIN;Chemin de Kerangoff;DE KERANGOFF;KERANGOFF;137819668,177148937,177148938,222042123
CHEMIN;Chemin de Kerivoalan;DE KERIVOALAN;KERIVOALAN;89058088,464527133
CHEMIN;Chemin de Kerlan;DE KERLAN;KERLAN;52516731
CHEMIN;Chemin de Kermorien;DE KERMORIEN;KERMORIEN;64238566,66540491,66540492
CHEMIN;Chemin de Kerprigent;DE KERPRIGENT;KERPRIGENT;162124879
CHEMIN;Chemin de Kerservel;DE KERSERVEL;KERSERVEL;80187071
CHEMIN;Chemin de Kersoles;DE KERSOLES;KERSOLES;4007050,4007051
CHEMIN;Chemin de Kervoigen;DE KERVOIGEN;KERVOIGEN;152519794
CHEMIN;Chemin de Kervouric;DE KERVOURIC;KERVOURIC;52815139
CHEMIN;Chemin de Kerwegan;DE KERWEGAN;KERWEGAN;79264445,298669840
CHEMIN;Chemin de Keryvon;DE KERYVON;KERYVON;177278812
CHEMIN;Chemin de Krec'h Min;DE KREC H MIN;MIN;51745514,400854225
CHEMIN;Chemin de Krec'h an Devet;DE KREC H AN DEVET;DEVET;52516732
CHEMIN;Chemin de Lan ar Moudet;DE LAN AR MOUDET;MOUDET;53856404
CHEMIN;Chemin de Lannigou;DE LANNIGOU;LANNIGOU;300364408
CHEMIN;Chemin de Leslac'h;DE LESLAC H;H;79126618
CHEMIN;Chemin de Maez an Aod;DE MAEZ AN AOD;AOD;162743797,487836664
CHEMIN;Chemin de Pen Kerewan Huellan;DE PEN KEREWAN HUELLAN;HUELLAN;167060886
CHEMIN;Chemin de Penn ar C'hra;DE PENN AR C HRA;HRA;41964610,564125085
CHEMIN;Chemin de Plaçenn Ar Guer;DE PLACENN AR GUER;GUER;4038924,4038952,300113721,300857393,560214552
CHEMIN;Chemin de Pont ar Bleiz;DE PONT AR BLEIZ;BLEIZ;299126300
CHEMIN;Chemin de Poul Prat;DE POUL PRAT;PRAT;67062515
CHEMIN;Chemin de Pradic Glas;DE PRADIC GLAS;GLAS;49481990,49481991,53856393,425166841
CHEMIN;Chemin de Rosalic;DE ROSALIC;ROSALIC;96290840,241207662
CHEMIN;Chemin de Saint-Nicodème;DE SAINT NICODEME;NICODEME;52516735
CHEMIN;Chemin de Saint-Patrice;DE SAINT PATRICE;PATRICE;107909920
CHEMIN;Chemin de Toul ar Hoat;DE TOUL AR HOAT;HOAT;59911743,59911756
CHEMIN;Chemin de Traou Ar Ru;DE TRAOU AR RU;RU;45395396
CHEMIN;Chemin de Traou Léguer;DE TRAOU LEGUER;LEGUER;52516733
CHEMIN;Chemin de Traou an Dour;DE TRAOU AN DOUR;DOUR;43889828
CHEMIN;Chemin de l'ASPTT;DE L ASPTT;ASPTT;25204864,77411428,430384312,437647413
CHEMIN;Chemin de la Fontaine Saint-Pierre;DE LA FONTAINE SAINT PIERRE;PIERRE;52815146
CHEMIN;Chemin des Crêtes;DES CRETES;CRETES;159740211
CHEMIN;Chemin des Landes;DES LANDES;LANDES;155504898
CHEMIN;Chemin du Beg Hent;DU BEG HENT;HENT;3084517,51431012,51431013
CHEMIN;Chemin du Cosquer;DU COSQUER;COSQUER;49481793
CHEMIN;Chemin du Fot;DU FOT;FOT;44687526
CHEMIN;Chemin du Gwaker;DU GWAKER;GWAKER;482085228
CHEMIN;Chemin du Launay;DU LAUNAY;LAUNAY;221095564,477958203
CHEMIN;Chemin du Moulin à Vent;DU MOULIN A VENT;VENT;48359846,49590946
CHEMIN;Chemin du Penker;DU PENKER;PENKER;49599868
CHEMIN;Chemin du Porchou Coz;DU PORCHOU COZ;COZ;52566818
CHEMIN;Chemin du Trohillio;DU TROHILLIO;TROHILLIO;42180575
CITE;Cité Saint-Roch;SAINT ROCH;ROCH;79126877,79126879
COUR;Cour de Fages;DE FAGES;FAGES;219899675
COTE;Côte de Croaz ar Baladenn;DE CROAZ AR BALADENN;BALADENN;3986997
COTE;Côte du Rest;DU REST;REST;4007044,30425314,30425315,260825452
GARE;Garenne Poull ar Rouz;NNE POULL AR ROUZ;ROUZ;49876547
;Georges Palante;GEORGES PALANTE;PALANTE;621513458
;Giratoire Anita Conti;GIRATOIRE ANITA CONTI;CONTI;65324955
HAMEAU;Hameau du Chêne;DU CHENE;CHENE;4483007
HAMEAU;Hameau du Petit Chêne;DU PETIT CHENE;CHENE;4483009
;Hent Bras ar Bourk;HENT BRAS AR BOURK;BOURK;79264120
;Hent Convenant Meudic;HENT CONVENANT MEUDIC;MEUDIC;5070476
;Hent Dall Didrous;HENT DALL DIDROUS;DIDROUS;401738938
;Hent Dall Kindirvi;HENT DALL KINDIRVI;KINDIRVI;89215284,89215285
;Hent Dall Lanneg ar Groaz;HENT DALL LANNEG AR GROAZ;GROAZ;155504901
;Hent Dall Le Querrec;HENT DALL LE QUERREC;QUERREC;177688283
;Hent Dall Park Mari;HENT DALL PARK MARI;MARI;374063061
;Hent Dol Blat;HENT DOL BLAT;BLAT;155503178
;Hent Dreuz al Lanneg;HENT DREUZ AL LANNEG;LANNEG;299635319
;Hent Keravel Vraz;HENT KERAVEL VRAZ;VRAZ;59948488,595411490
;Hent Kerouandener;HENT KEROUANDENER;KEROUANDENER;299126301
;Hent Kindrivi;HENT KINDRIVI;KINDRIVI;40798322
;Hent Koz Montroulez;HENT KOZ MONTROULEZ;MONTROULEZ;51095477,81887010,471088144,529517317
;Hent Koz Saint-Elivet;HENT KOZ SAINT ELIVET;ELIVET;297902800
;Hent Krec'h Gwenn;HENT KREC H GWENN;GWENN;172407553,384847466,384847467
;Hent Lann;HENT LANN;LANN;155504902
;Hent Logell an Nec'h;HENT LOGELL AN NEC H;H;177278821
;Hent Louzaoueg;HENT LOUZAOUEG;LOUZAOUEG;424742926
;Hent Maengwenn;HENT MAENGWENN;MAENGWENN;177278802,177278811
;Hent Maez Ulio;HENT MAEZ ULIO;ULIO;89058078
;Hent Park Bras;HENT PARK BRAS;BRAS;299636458
;Hent Park Mari;HENT PARK MARI;MARI;299126302,374063059,374063060
;Hent Park Pellan;HENT PARK PELLAN;PELLAN;172407555
;Hent Park Rouz;HENT PARK ROUZ;ROUZ;234413284
;Hent Penn Fank;HENT PENN FANK;FANK;52815077
;Hent Porzh Izelañ;HENT PORZH IZELAÑ;IZELAÑ;30641460
;Hent ar Bradenn;HENT AR BRADENN;BRADENN;278720930,405263317
;Hent ar C'Hranj;HENT AR C HRANJ;HRANJ;299629162
;Hent ar Felusteg;HENT AR FELUSTEG;FELUSTEG;234413272,234413278
;Hent ar Maezou;HENT AR MAEZOU;MAEZOU;79264122
;Hent ar Voudenn;HENT AR VOUDENN;VOUDENN;79264578
;Hent-Dall ar Vengleuz;HENT DALL AR VENGLEUZ;VENGLEUZ;178131044
IMPASSE;Impasse Albert Clouard;ALBERT CLOUARD;CLOUARD;31452913
IMPASSE;Impasse Ambroise Paré;AMBROISE PARE;PARE;31154443
IMPASSE;Impasse Auguste Liégard;AUGUSTE LIEGARD;LIEGARD;335706755,335706757
IMPASSE;Impasse Beauchamp;BEAUCHAMP;BEAUCHAMP;31154470
IMPASSE;Impasse Bon Repos;BON REPOS;REPOS;300098163
IMPASSE;Impasse Convenant Le Saux;CONVENANT LE SAUX;SAUX;121483864
IMPASSE;Impasse Convenant Pasquiou;CONVENANT PASQUIOU;PASQUIOU;262115601
IMPASSE;Impasse François Vallée;FRANCOIS VALLEE;VALLEE;32198543
IMPASSE;Impasse Germaine Tillion;GERMAINE TILLION;TILLION;380983046
IMPASSE;Impasse Jacques Colebaut;JACQUES COLEBAUT;COLEBAUT;159740215
IMPASSE;Impasse James Bouillé;JAMES BOUILLE;BOUILLE;31452894
IMPASSE;Impasse Jeanne Barret;JEANNE BARRET;BARRET;335584998
IMPASSE;Impasse Jeanne Villepreux-Power;JEANNE VILLEPREUX POWER;POWER;335584999
IMPASSE;Impasse Jeanne d'Arc;JEANNE D ARC;ARC;63684941,99398334
IMPASSE;Impasse Lavoisier;LAVOISIER;LAVOISIER;31154440
IMPASSE;Impasse Liorzh ar Puñs;LIORZH AR PUÑS;PUÑS;66540656
IMPASSE;Impasse Léon Jouhaux;LEON JOUHAUX;JOUHAUX;77411985
IMPASSE;Impasse M. Berthelot;M  BERTHELOT;BERTHELOT;31154454
IMPASSE;Impasse Marc'harid Fulup;MARC HARID FULUP;FULUP;98361364
IMPASSE;Impasse Marcellin Berthelot;MARCELLIN BERTHELOT;BERTHELOT;31154450
IMPASSE;Impasse Marie-GabrielLaouénan;MARIE GABRIELLAOUENAN;GABRIELLAOUENAN;129801922
IMPASSE;Impasse Mathurin Méheut;MATHURIN MEHEUT;MEHEUT;31452902
IMPASSE;Impasse Max Jacob;MAX JACOB;JACOB;77413452
IMPASSE;Impasse Paul Sérusier;PAUL SERUSIER;SERUSIER;31452904
IMPASSE;Impasse Philibert Commerson;PHILIBERT COMMERSON;COMMERSON;335585000
IMPASSE;Impasse Poul Du;POUL DU;DU;121483868
IMPASSE;Impasse René Desfontaines;RENE DESFONTAINES;DESFONTAINES;335585001
IMPASSE;Impasse Saint-Pierre;SAINT PIERRE;PIERRE;297806840
IMPASSE;Impasse Tal an Ilis;TAL AN ILIS;ILIS;79126507
IMPASSE;Impasse Théophile Salaün;THEOPHILE SALAUN;SALAUN;117420155
IMPASSE;Impasse Xavier de Langlais;XAVIER DE LANGLAIS;LANGLAIS;100522025
IMPASSE;Impasse Yves Hernot;YVES HERNOT;HERNOT;4038927
IMPASSE;Impasse Yves Tanguy;YVES TANGUY;TANGUY;31452921,403228588
IMPASSE;Impasse de Croix Leur Gam;DE CROIX LEUR GAM;GAM;77924372
IMPASSE;Impasse de Kerlinn;DE KERLINN;KERLINN;109917025
IMPASSE;Impasse de Krec'h Huet Bihan;DE KREC H HUET BIHAN;BIHAN;299630735
IMPASSE;Impasse de Krec'h Liarc'h;DE KREC H LIARC H;H;162743798
IMPASSE;Impasse de Kéravel;DE KERAVEL;KERAVEL;52516472
IMPASSE;Impasse de Louardoul;DE LOUARDOUL;LOUARDOUL;77053857
IMPASSE;Impasse de Nivern Bihan;DE NIVERN BIHAN;BIHAN;147340801
IMPASSE;Impasse de Roud ar Roc'h;DE ROUD AR ROC H;H;79262921
IMPASSE;Impasse de Savoie;DE SAVOIE;SAVOIE;25200812
IMPASSE;Impasse de Toul ar Wazh;DE TOUL AR WAZH;WAZH;3084518,344989154
IMPASSE;Impasse de l'Ancien Étang;DE L ANCIEN ETANG;ETANG;59973439
IMPASSE;Impasse de l'Ancienne Gendarmerie;DE L ANCIENNE GENDARMERIE;GENDARMERIE;67818074,410445437
IMPASSE;Impasse des Ajoncs;DES AJONCS;AJONCS;299560087
IMPASSE;Impasse des Bruyères;DES BRUYERES;BRUYERES;82123845
IMPASSE;Impasse des Jonquilles;DES JONQUILLES;JONQUILLES;82123844
IMPASSE;Impasse des Templiers;DES TEMPLIERS;TEMPLIERS;4482999
IMPASSE;Impasse des Tilleuls;DES TILLEULS;TILLEULS;606670575
IMPASSE;Impasse du Chanoine Thos;DU CHANOINE THOS;THOS;99398340
IMPASSE;Impasse du Colibri;DU COLIBRI;COLIBRI;77219971
IMPASSE;Impasse du Hingard Huellan;DU HINGARD HUELLAN;HUELLAN;4483026
IMPASSE;Impasse du Maine;DU MAINE;MAINE;25200825
IMPASSE;Impasse du Marchallac'h;DU MARCHALLAC H;H;67812393
IMPASSE;Impasse du Parc Municipal;DU PARC MUNICIPAL;MUNICIPAL;25200849
IMPASSE;Impasse du Parc des Sports;DU PARC DES SPORTS;SPORTS;31154472
IMPASSE;Impasse du Penker;DU PENKER;PENKER;79264121
IMPASSE;Impasse du Penquer;DU PENQUER;PENQUER;137844029
IMPASSE;Impasse du Poitou;DU POITOU;POITOU;25200813
IMPASSE;Impasse du Rusquet;DU RUSQUET;RUSQUET;297806841
;Les Escaliers de Brélévenez;LES ESCALIERS DE BRELEVENEZ;BRELEVENEZ;67812401
PARVIS;Parvis Jean Tazé;JEAN TAZE;TAZE;25257833
PARVIS;Parvis des Droits de l'Homme;DES DROITS DE L HOMME;HOMME;236123459
PASSAGE;Passage Parking;PARKING;PARKING;477962166
PASSAGE;Passage des Ursulines;DES URSULINES;URSULINES;67818078
PLACE;Place Ernest Laurent;ERNEST LAURENT;LAURENT;5070489,67812398
PLACE;Place Saint-Yves;SAINT YVES;YVES;77411394,77411401
PLACE;Place de Penn ar Pavé;DE PENN AR PAVE;PAVE;30641672,405814492
PLACE;Place de l'Église;DE L EGLISE;EGLISE;404869545
PLACE;Place de la Libération;DE LA LIBERATION;LIBERATION;300374160
PLACE;Place des 142 Marches;DES 142 MARCHES;MARCHES;219899676
PLACE;Place des Halles;DES HALLES;HALLES;67812390
PLACE;Place des Patriotes;DES PATRIOTES;PATRIOTES;67818085,67818086,403709227
PLACE;Place du Général Leclerc;DU GENERAL LECLERC;LECLERC;4038937,291782555
PLACE;Place du Marc'hallac'h;DU MARC HALLAC H;H;67816714,77561276
PLACE;Place du Miroir;DU MIROIR;MIROIR;148823035
PLACE;Place du Moulin à Vent;DU MOULIN A VENT;VENT;234413291,487836666
PONT;Pont Kermaria;KERMARIA;KERMARIA;27470986,71900936
PONT;Pont Sainte-Anne;SAINTE ANNE;ANNE;4006996,77563324
PONT;Pont Viarmes;VIARMES;VIARMES;1631526,441570574,441570575
;Pors an Duffec;PORS AN DUFFEC;DUFFEC;98361360
QUAI;Quai d'Aiguillon;D AIGUILLON;AIGUILLON;4006983,4006985,4006987,77689645,155652366,264753630,560217001
QUAI;Quai de Viarmes;DE VIARMES;VIARMES;4006982,71900932,71900935,670063646
QUAI;Quai de la Corderie;DE LA CORDERIE;CORDERIE;1631517,399115411,402390486
QUAI;Quai du Maréchal Foch;DU MARECHAL FOCH;FOCH;4006995,42415168,107339454,155465091,288946591,402390526
QUAI;Quai du Maréchal Joffre;DU MARECHAL JOFFRE;JOFFRE;4006981
ROND POINT;Rond-Point Armor;ARMOR;ARMOR;1631548,590612329,590612330,590612331,590612332,590612333
ROND POINT;Rond-Point Boutilh;BOUTILH;BOUTILH;1631496,590612171,590612172
ROND POINT;Rond-Point Coppens;COPPENS;COPPENS;1631531,590612128,590612129,590612130,590612131,590612132,595114089,595114093
ROND POINT;Rond-Point Jacques Papet-Lepine;JACQUES PAPET LEPINE;LEPINE;65324925
ROND POINT;Rond-Point Kerligonan;KERLIGONAN;KERLIGONAN;3086893,590612207,590612210,590612213,590612216,590612218
ROND POINT;Rond-Point Saint-Marc;SAINT MARC;MARC;4038902,590612103,590612104,590612105,595114856
ROND POINT;Rond-Point Saint-Pierre;SAINT PIERRE;PIERRE;1631527,590612118
ROND POINT;Rond-Point Saint-Roch;SAINT ROCH;ROCH;590612053
ROND POINT;Rond-Point Sainte-Marguerite;SAINTE MARGUERITE;MARGUERITE;26971323
ROND POINT;Rond-Point de Bel-Air;DE BEL AIR;AIR;1631516,590612192,590612195,590612198,595411499
ROND POINT;Rond-Point de Kerampichon;DE KERAMPICHON;KERAMPICHON;4006993,590612058
ROND POINT;Rond-Point de Plaçenn ar Guer;DE PLACENN AR GUER;GUER;4038900
ROND POINT;Rond-Point de Poull an Azen;DE POULL AN AZEN;AZEN;4038901,590612113
ROND POINT;Rond-Point de Pégase;DE PEGASE;PEGASE;1631538,590612322,590612323,590612324,590612325,590612326
ROND POINT;Rond-Point de Troguéri;DE TROGUERI;TROGUERI;4038899,590612101,590612102
ROND POINT;Rond-Point de l'Aéroport;DE L AEROPORT;AEROPORT;1631542,590612143,590612144
ROND POINT;Rond-Point de l'IUT;DE L IUT;IUT;1631481,444039277,584356527,590612030,590612046,590612047
ROND POINT;Rond-Point des Fontaines;DES FONTAINES;FONTAINES;4006991,590612056
ROND POINT;Rond-Point du Kruguilh;DU KRUGUILH;KRUGUILH;1631533,590612312,590612313
ROND POINT;Rond-Point du Rusquet;DU RUSQUET;RUSQUET;1631491,590612164,590612165,590612166,590612167,590612168
ROUTE;Route de Beg Leguer;DE BEG LEGUER;LEGUER;52815124,66540464,150212050,204456074,288941398
ROUTE;Route de Beg Léguer;DE BEG LEGUER;LEGUER;66540461,405459052,474902977
ROUTE;Route de Coat Quilin;DE COAT QUILIN;QUILIN;4007080
ROUTE;Route de Croas ar Ber;DE CROAS AR BER;BER;317173196
ROUTE;Route de Goazoures;DE GOAZOURES;GOAZOURES;49343590
ROUTE;Route de Kerbalanec;DE KERBALANEC;KERBALANEC;52516740,463670342,596542008
ROUTE;Route de Kerbilc'Hoad;DE KERBILC HOAD;HOAD;46908013
ROUTE;Route de Kergolvezen;DE KERGOLVEZEN;KERGOLVEZEN;177279633
ROUTE;Route de Kermaria-Sulard;DE KERMARIA SULARD;SULARD;299629163
ROUTE;Route de Kernéan;DE KERNEAN;KERNEAN;25204690
ROUTE;Route de Kervranguen;DE KERVRANGUEN;KERVRANGUEN;53833654,453366737
ROUTE;Route de Lannion;DE LANNION;LANNION;32225033,61333555,150208087
ROUTE;Route de Loguivy;DE LOGUIVY;LOGUIVY;155445044,477939906
ROUTE;Route de Minic'hy;DE MINIC HY;HY;50078966
ROUTE;Route de Minihy;DE MINIHY;MINIHY;49876548,66540473,66540474,404570027,404570028
ROUTE;Route de Morlaix;DE MORLAIX;MORLAIX;453366738,595413176
ROUTE;Route de Pen An Allée;DE PEN AN ALLEE;ALLEE;25132302
ROUTE;Route de Petit Camp;DE PETIT CAMP;CAMP;278328271,526481403
ROUTE;Route de Pleumeur;DE PLEUMEUR;PLEUMEUR;150208088,150208090,204456076
ROUTE;Route de Pont Bren;DE PONT BREN;BREN;299912765
ROUTE;Route de Pors an Ney;DE PORS AN NEY;NEY;51745555
ROUTE;Route de Rumeur;DE RUMEUR;RUMEUR;78555995,110155362
ROUTE;Route de Saint-Marc;DE SAINT MARC;MARC;326762662
ROUTE;Route de Saint-Patrice;DE SAINT PATRICE;PATRICE;41667350
ROUTE;Route de Trébeurden;DE TREBEURDEN;TREBEURDEN;3086894,3086897,25225576,49590877,150208091,150212049,150217235,150217239,155465092,204047464,204456079,247528852,375126316,479965172,479965173,491899890,585761534
ROUTE;Route de Trégastel;DE TREGASTEL;TREGASTEL;1631487,534213383,534213392,534289558
ROUTE;Route de la Côte;DE LA COTE;COTE;49899753
ROUTE;Route du Krec'h;DU KREC H;H;66540478,66540481,299126304
ROUTE;Route du Yaudet;DU YAUDET;YAUDET;100522033,453366742
RUE;Rue A. Glaziou;A  GLAZIOU;GLAZIOU;5070640
RUE;Rue Alain Colas;ALAIN COLAS;COLAS;4483015
RUE;Rue Albert Camus;ALBERT CAMUS;CAMUS;79264856
RUE;Rue Anatole France;ANATOLE FRANCE;FRANCE;76765876
RUE;Rue Anatole Le Braz;ANATOLE LE BRAZ;BRAZ;63684939
RUE;Rue André Bellesort;ANDRE BELLESORT;BELLESORT;82122495
RUE;Rue André Breton;ANDRE BRETON;BRETON;65170680,65170681
RUE;Rue André Gide;ANDRE GIDE;GIDE;76771938
RUE;Rue André Marie Ampère;ANDRE MARIE AMPERE;AMPERE;30427142
RUE;Rue Angela Duval;ANGELA DUVAL;DUVAL;98361357
RUE;Rue Antonio Salieri;ANTONIO SALIERI;SALIERI;30408700
RUE;Rue Antonio Vivaldi;ANTONIO VIVALDI;VIVALDI;188956617
RUE;Rue Aristide Briand;ARISTIDE BRIAND;BRIAND;76771926
RUE;Rue Arsène d'Arsonval;ARSENE D ARSONVAL;ARSONVAL;299909050
RUE;Rue Arthur Goasdoué;ARTHUR GOASDOUE;GOASDOUE;177625452
RUE;Rue Auguste Glaziou;AUGUSTE GLAZIOU;GLAZIOU;5070637
RUE;Rue Auguste Villiers de l'Isle Adam;AUGUSTE VILLIERS DE L ISLE ADAM;ADAM;100522022
RUE;Rue Bellevue;BELLEVUE;BELLEVUE;89060547
RUE;Rue Blaise Pascal;BLAISE PASCAL;PASCAL;25204691,25204692,25204693
RUE;Rue Boris Vian;BORIS VIAN;VIAN;79127149
RUE;Rue Charles Bourseul;CHARLES BOURSEUL;BOURSEUL;63154620
RUE;Rue Charles Colvez;CHARLES COLVEZ;COLVEZ;77929612
RUE;Rue Charles Darwin;CHARLES DARWIN;DARWIN;298746911
RUE;Rue Charles Gerhardt;CHARLES GERHARDT;GERHARDT;30758727
RUE;Rue Charles Gounod;CHARLES GOUNOD;GOUNOD;155493810
RUE;Rue Charles Priel;CHARLES PRIEL;PRIEL;299910477
RUE;Rue Claude Chappe;CLAUDE CHAPPE;CHAPPE;4043313,5070250
RUE;Rue Claude Debussy;CLAUDE DEBUSSY;DEBUSSY;155493814
RUE;Rue Compagnie Roger Barbé;COMPAGNIE ROGER BARBE;BARBE;4038909
RUE;Rue Condorcet;CONDORCET;CONDORCET;359305297
RUE;Rue Convenant le Saux;CONVENANT LE SAUX;SAUX;5070653,299630734
RUE;Rue Courbe;COURBE;COURBE;2770039
RUE;Rue Crech Névez;CRECH NEVEZ;NEVEZ;299910110
RUE;Rue Célestin Freinet;CELESTIN FREINET;FREINET;30641658
RUE;Rue Darius Milhaud;DARIUS MILHAUD;MILHAUD;297806842,297806843
RUE;Rue Duguesclin;DUGUESCLIN;DUGUESCLIN;67816715
RUE;Rue Edgar de Kergariou;EDGAR DE KERGARIOU;KERGARIOU;32198762
RUE;Rue Edmond Valentin Le Merrer;EDMOND VALENTIN LE MERRER;MERRER;177278818
RUE;Rue Edouard Branly;EDOUARD BRANLY;BRANLY;5070245,27407328,27407330,27407335,65324935,65325002,65410547,65410548,65410549,65410551,65410553,65410556
RUE;Rue Edouard Ollivro;EDOUARD OLLIVRO;OLLIVRO;4483019
RUE;Rue Emile Depasse;EMILE DEPASSE;DEPASSE;5070642
RUE;Rue Emile Le Taillandier;EMILE LE TAILLANDIER;TAILLANDIER;71900937
RUE;Rue Emmanuel Sieyes;EMMANUEL SIEYES;SIEYES;63394309
RUE;Rue Ernest Hemingway;ERNEST HEMINGWAY;HEMINGWAY;77219941
RUE;Rue Fabre d'Eglantine;FABRE D EGLANTINE;EGLANTINE;79262919
RUE;Rue Franz Liszt;FRANZ LISZT;LISZT;172423911
RUE;Rue Franz Petrei;FRANZ PETREI;PETREI;4007072
RUE;Rue François Couperin;FRANCOIS COUPERIN;COUPERIN;155493815
RUE;Rue François Marie Luzel;FRANCOIS MARIE LUZEL;LUZEL;98361366
RUE;Rue François Mauriac;FRANCOIS MAURIAC;MAURIAC;77219947,416577842
RUE;Rue Frédéric Chopin;FREDERIC CHOPIN;CHOPIN;155494968
RUE;Rue Frédéric Mistral;FREDERIC MISTRAL;MISTRAL;76765870
RUE;Rue Fulgence Bienvenüe;FULGENCE BIENVENUE;BIENVENUE;71900927
RUE;Rue Félix Le Dantec;FELIX LE DANTEC;DANTEC;3986993,401350160
RUE;Rue Gabriel Calloet de Kerbrat;GABRIEL CALLOET DE KERBRAT;KERBRAT;5070628,335584997
RUE;Rue Gabriel Couppé;GABRIEL COUPPE;COUPPE;297806844
RUE;Rue Gabriel Fauré;GABRIEL FAURE;FAURE;30758773
RUE;Rue Gabriel Nogues;GABRIEL NOGUES;NOGUES;32197399,32197400,32197401,32197402
RUE;Rue Galilée;GALILEE;GALILEE;50281358
RUE;Rue Garenn C'hlas;GARENN C HLAS;HLAS;100522016,155581316,595411620
RUE;Rue Gaspard Monge;GASPARD MONGE;MONGE;4007042,65324966,65410546
RUE;Rue Gay Lussac;GAY LUSSAC;LUSSAC;359359512
RUE;Rue Geneviève Prigent;GENEVIEVE PRIGENT;PRIGENT;300353375
RUE;Rue Geoffroy de Pontblanc;GEOFFROY DE PONTBLANC;PONTBLANC;4038912
RUE;Rue Georg-Friedrich Haendel;GEORG FRIEDRICH HAENDEL;HAENDEL;25132258
RUE;Rue Georges Bizet;GEORGES BIZET;BIZET;100520317
RUE;Rue Georges Brassens;GEORGES BRASSENS;BRASSENS;100522027,100522029,595411621
RUE;Rue Georges Cuvier;GEORGES CUVIER;CUVIER;4007048
RUE;Rue Georges Danton;GEORGES DANTON;DANTON;204050098,564125066
RUE;Rue Georges Guynemer;GEORGES GUYNEMER;GUYNEMER;5070475
RUE;Rue Georges Louis Buffon;GEORGES LOUIS BUFFON;BUFFON;5070631
RUE;Rue Georges Pompidou;GEORGES POMPIDOU;POMPIDOU;3986994,4007067,27407409,176215816,401433792,460541092
RUE;Rue Gioachino Rossini;GIOACHINO ROSSINI;ROSSINI;80189180
RUE;Rue Giuseppe Verdi;GIUSEPPE VERDI;VERDI;155493817
RUE;Rue Glenmor;GLENMOR;GLENMOR;297902796
RUE;Rue Goas Congar;GOAS CONGAR;CONGAR;30641614
RUE;Rue Grégoire Desaunays;GREGOIRE DESAUNAYS;DESAUNAYS;226915395
RUE;Rue Gustave Jacquet;GUSTAVE JACQUET;JACQUET;81886979
RUE;Rue Gustave Moynier;GUSTAVE MOYNIER;MOYNIER;89268332
RUE;Rue Guy Ropartz;GUY ROPARTZ;ROPARTZ;4483023
RUE;Rue Hector Berlioz;HECTOR BERLIOZ;BERLIOZ;80189184
RUE;Rue Henri Bergson;HENRI BERGSON;BERGSON;77219978
RUE;Rue Henri Dunant;HENRI DUNANT;DUNANT;25195329,294643860
RUE;Rue Henri Farman;HENRI FARMAN;FARMAN;5070474
RUE;Rue Hent ar Sklerijennou;HENT AR SKLERIJENNOU;SKLERIJENNOU;52815148
RUE;Rue Hersart de Villemarqué;HERSART DE VILLEMARQUE;VILLEMARQUE;98361352
RUE;Rue Honoré Mirabeau;HONORE MIRABEAU;MIRABEAU;297902797
RUE;Rue Honoré de Balzac;HONORE DE BALZAC;BALZAC;4483021
RUE;Rue Hélène Boucher;HELENE BOUCHER;BOUCHER;31452765
RUE;Rue Isidore Le Bourdon;ISIDORE LE BOURDON;BOURDON;232099759,445920672,481736593
RUE;Rue Jacques Cartier;JACQUES CARTIER;CARTIER;4038915
RUE;Rue Jacques Feuillu;JACQUES FEUILLU;FEUILLU;79262914,297902795
RUE;Rue Jacques Offenbach;JACQUES OFFENBACH;OFFENBACH;80189190
RUE;Rue Jean Bailly;JEAN BAILLY;BAILLY;297902798
RUE;Rue Jean Bart;JEAN BART;BART;299560088
RUE;Rue Jean Charcot;JEAN CHARCOT;CHARCOT;31154441
RUE;Rue Jean Grenier;JEAN GRENIER;GRENIER;358343942
RUE;Rue Jean Lanjuinais;JEAN LANJUINAIS;LANJUINAIS;263955662
RUE;Rue Jean Le Cozannet;JEAN LE COZANNET;COZANNET;79264117
RUE;Rue Jean Marie de Penguern;JEAN MARIE DE PENGUERN;PENGUERN;121482723
RUE;Rue Jean Mermoz;JEAN MERMOZ;MERMOZ;30641433,108038265,477943500
RUE;Rue Jean Savidan;JEAN SAVIDAN;SAVIDAN;71900941,148823028
RUE;Rue Jean-Baptiste Henry;JEAN BAPTISTE HENRY;HENRY;31154465
RUE;Rue Jean-Baptiste Lamarck;JEAN BAPTISTE LAMARCK;LAMARCK;5070480
RUE;Rue Jean-Baptiste Lully;JEAN BAPTISTE LULLY;LULLY;30427025
RUE;Rue Jean-François Champollion;JEAN FRANCOIS CHAMPOLLION;CHAMPOLLION;463534276
RUE;Rue Jean-Jacques Audubon;JEAN JACQUES AUDUBON;AUDUBON;4007047
RUE;Rue Jean-Paul Sartre;JEAN PAUL SARTRE;SARTRE;4007061,76765871
RUE;Rue Jean-Yves Le Traon;JEAN YVES LE TRAON;TRAON;289241181,523860083
RUE;Rue Jeanne Le Paranthoën;JEANNE LE PARANTHOEN;PARANTHOEN;297902799
RUE;Rue Jeanne d'Arc;JEANNE D ARC;ARC;77554587,402125092
RUE;Rue Joseph Lesbleiz;JOSEPH LESBLEIZ;LESBLEIZ;288946594
RUE;Rue Joseph Morand;JOSEPH MORAND;MORAND;67806545
RUE;Rue Joseph Savina;JOSEPH SAVINA;SAVINA;31452836
RUE;Rue Jules Massenet;JULES MASSENET;MASSENET;33200546
RUE;Rue Karrhent ar Penneg;KARRHENT AR PENNEG;PENNEG;79264123
RUE;Rue Keriliz Uhellan;KERILIZ UHELLAN;UHELLAN;100522026,155581317,155581318
RUE;Rue La Pérouse;LA PEROUSE;PEROUSE;376246292,376246293,376246294
RUE;Rue Lazare Hoche;LAZARE HOCHE;HOCHE;79265566
RUE;Rue Lise Bellec;LISE BELLEC;BELLEC;177278816
RUE;Rue Louardoul;LOUARDOUL;LOUARDOUL;77053860,300107713
RUE;Rue Louardoul Huellan;LOUARDOUL HUELLAN;HUELLAN;3986992
RUE;Rue Louis Blériot;LOUIS BLERIOT;BLERIOT;30641444
RUE;Rue Louis Marie Baader;LOUIS MARIE BAADER;BAADER;81886989,81888945
RUE;Rue Louis Pasteur;LOUIS PASTEUR;PASTEUR;4483025
RUE;Rue Louis de Broglie;LOUIS DE BROGLIE;BROGLIE;27407278,27407305,27407310,27407319,27407346,27407350,27407360,27407365,27407367,27407377,534213374,590612177,590612180,590612182
RUE;Rue Louis-Joseph Libois;LOUIS JOSEPH LIBOIS;LIBOIS;299755666
RUE;Rue Lucien Vidie;LUCIEN VIDIE;VIDIE;152449104
RUE;Rue Luis Bunuel;LUIS BUNUEL;BUNUEL;79127150,405263318,405263319
RUE;Rue Léon Jouhaux;LEON JOUHAUX;JOUHAUX;76771933,77411986
RUE;Rue Madeleine;MADELEINE;MADELEINE;4038910,4038918,30911413
RUE;Rue Marc-Antoine Charpentier;MARC ANTOINE CHARPENTIER;CHARPENTIER;80189186
RUE;Rue Marcel Cachin;MARCEL CACHIN;CACHIN;30641582
RUE;Rue Marcel Soisbault;MARCEL SOISBAULT;SOISBAULT;4038936
RUE;Rue Marie-Gabriel Laouénan;MARIE GABRIEL LAOUENAN;LAOUENAN;100522018
RUE;Rue Martin Luther King;MARTIN LUTHER KING;KING;76771931
RUE;Rue Maryse Bastié;MARYSE BASTIE;BASTIE;30641478
RUE;Rue Maurice Denis;MAURICE DENIS;DENIS;100522032
RUE;Rue Maurice Ravel;MAURICE RAVEL;RAVEL;172423910
RUE;Rue Maurice Utrillo;MAURICE UTRILLO;UTRILLO;31452932
RUE;Rue Michel Gérard;MICHEL GERARD;GERARD;79265567
RUE;Rue Naig-Rozmor;NAIG ROZMOR;ROZMOR;564411855
RUE;Rue Noël Donval;NOEL DONVAL;DONVAL;27425859,409054823,587199780
RUE;Rue P. Gauguin;P  GAUGUIN;GAUGUIN;31452781
RUE;Rue Pablo Néruda;PABLO NERUDA;NERUDA;76771937
RUE;Rue Pablo Picasso;PABLO PICASSO;PICASSO;31452887
RUE;Rue Parc Huellan;PARC HUELLAN;HUELLAN;80187072
RUE;Rue Paul Claudel;PAUL CLAUDEL;CLAUDEL;76765877
RUE;Rue Paul Cézanne;PAUL CEZANNE;CEZANNE;77413451
RUE;Rue Paul Fleuriot de Langle;PAUL FLEURIOT DE LANGLE;LANGLE;40586335,408288609
RUE;Rue Paul Gauguin;PAUL GAUGUIN;GAUGUIN;31452845
RUE;Rue Paul Le Flem;PAUL LE FLEM;FLEM;30425307,30425309
RUE;Rue Paul Péral;PAUL PERAL;PERAL;32198949,45546200
RUE;Rue Paul Sabatier;PAUL SABATIER;SABATIER;50078969
RUE;Rue Paul Verlaine;PAUL VERLAINE;VERLAINE;79262915,79262917
RUE;Rue Penn ar Pavé;PENN AR PAVE;PAVE;30641669,30641670
RUE;Rue Philippe Le Maux;PHILIPPE LE MAUX;MAUX;4007076,489429594
RUE;Rue Pierre Bourdelles;PIERRE BOURDELLES;BOURDELLES;52516762,299126305
RUE;Rue Pierre Huet;PIERRE HUET;HUET;4007079
RUE;Rue Pierre de la Haye;PIERRE DE LA HAYE;HAYE;233646576
RUE;Rue Pierre et Marie Curie;PIERRE ET MARIE CURIE;CURIE;76771942
RUE;Rue R. Descartes;R  DESCARTES;DESCARTES;31154418,155581319
RUE;Rue René Cassin;RENE CASSIN;CASSIN;76771928
RUE;Rue René Descartes;RENE DESCARTES;DESCARTES;31154424
RUE;Rue René Laënnec;RENE LAENNEC;LAENNEC;4483029
RUE;Rue René-Yves Creston;RENE YVES CRESTON;CRESTON;31452822
RUE;Rue Robert Surcouf;ROBERT SURCOUF;SURCOUF;25204866
RUE;Rue Roger Martin du Gard;ROGER MARTIN DU GARD;GARD;77219950
RUE;Rue Romain Rolland;ROMAIN ROLLAND;ROLLAND;76771924
RUE;Rue Roz an Dour;ROZ AN DOUR;DOUR;52815241
RUE;Rue Rudyard Kipling;RUDYARD KIPLING;KIPLING;76765875
RUE;Rue Saint-Christophe;SAINT CHRISTOPHE;CHRISTOPHE;44098815
RUE;Rue Saint-Nicolas;SAINT NICOLAS;NICOLAS;4038946
RUE;Rue Saint-Pierre;SAINT PIERRE;PIERRE;1631495,1631522,4007043,299755660,299755661,534199319,534199320,595121258
RUE;Rue Saint-Yves;SAINT YVES;YVES;67812404,155637509
RUE;Rue Salvador Allende;SALVADOR ALLENDE;ALLENDE;108672680
RUE;Rue Sully Prud'homme;SULLY PRUD HOMME;HOMME;4038914,77219951,288941452
RUE;Rue Th. Monod;TH  MONOD;MONOD;5070639
RUE;Rue Thomas Edison;THOMAS EDISON;EDISON;50078968
RUE;Rue Théodore Botrel;THEODORE BOTREL;BOTREL;31154407
RUE;Rue Théodore Monod;THEODORE MONOD;MONOD;5070634,5070647
RUE;Rue Traverse;TRAVERSE;TRAVERSE;117420154
RUE;Rue Tristan Corbière;TRISTAN CORBIERE;CORBIERE;100522028
RUE;Rue Turquet de Beauregard;TURQUET DE BEAUREGARD;BEAUREGARD;78555992,401958311
RUE;Rue Xavier Grall;XAVIER GRALL;GRALL;32198544
RUE;Rue Y. Creston;Y  CRESTON;CRESTON;31452791
RUE;Rue Yann Peron;YANN PERON;PERON;77561279
RUE;Rue Yves Briand;YVES BRIAND;BRIAND;5070648
RUE;Rue Yves Coppens;YVES COPPENS;COPPENS;534198353,534198356,534198359
RUE;Rue Yves Person;YVES PERSON;PERSON;52516758
RUE;Rue Yves-Marie Herviou;YVES MARIE HERVIOU;HERVIOU;142811384,288941454
RUE;Rue Yvonne Jean-Haffen;YVONNE JEAN HAFFEN;HAFFEN;100522020
RUE;Rue Zenaïde Fleuriot;ZENAIDE FLEURIOT;FLEURIOT;172423231
RUE;Rue de Beauchamp;DE BEAUCHAMP;BEAUCHAMP;30911449
RUE;Rue de Bourgogne;DE BOURGOGNE;BOURGOGNE;25024188
RUE;Rue de Breiz Izel;DE BREIZ IZEL;IZEL;30641578
RUE;Rue de Brélévenez;DE BRELEVENEZ;BRELEVENEZ;5070494
RUE;Rue de Buzulzo;DE BUZULZO;BUZULZO;4007003,288946595
RUE;Rue de Crec'h Huet;DE CREC H HUET;HUET;31453142
RUE;Rue de Crec'h Huet Huellan;DE CREC H HUET HUELLAN;HUELLAN;77928437
RUE;Rue de Crec'h Quellien;DE CREC H QUELLIEN;QUELLIEN;67812403,402012166,477957049
RUE;Rue de Crec'h Tanet;DE CREC H TANET;TANET;402011506,402011507
RUE;Rue de Crec'h Ugien;DE CREC H UGIEN;UGIEN;298746912
RUE;Rue de Dixmude;DE DIXMUDE;DIXMUDE;3986996
RUE;Rue de Goas Huet;DE GOAS HUET;HUET;378323153
RUE;Rue de Hent Quer;DE HENT QUER;QUER;31452942
RUE;Rue de Kerambellec;DE KERAMBELLEC;KERAMBELLEC;79126615
RUE;Rue de Kerampont;DE KERAMPONT;KERAMPONT;155581648,563391221,563391222
RUE;Rue de Keranstivel;DE KERANSTIVEL;KERANSTIVEL;129802022,129802024
RUE;Rue de Keraromp;DE KERAROMP;KERAROMP;52516738
RUE;Rue de Keravel;DE KERAVEL;KERAVEL;45326697,98361356
RUE;Rue de Keriavily;DE KERIAVILY;KERIAVILY;67812396
RUE;Rue de Kerlitous;DE KERLITOUS;KERLITOUS;81887018
RUE;Rue de Kermaria;DE KERMARIA;KERMARIA;157304008,590612038
RUE;Rue de Kerneguez;DE KERNEGUEZ;KERNEGUEZ;44687523,172412336
RUE;Rue de Kerniflet;DE KERNIFLET;KERNIFLET;96290839,99398321
RUE;Rue de Kerpabu;DE KERPABU;KERPABU;52815066
RUE;Rue de Keruhelan;DE KERUHELAN;KERUHELAN;172413960
RUE;Rue de Kervenno;DE KERVENNO;KERVENNO;1631514,176214954
RUE;Rue de Kra Douar;DE KRA DOUAR;DOUAR;3986998
RUE;Rue de Langonaval;DE LANGONAVAL;LANGONAVAL;32198760
RUE;Rue de Léandy;DE LEANDY;LEANDY;148769038
RUE;Rue de Mesmeur;DE MESMEUR;MESMEUR;219124935
RUE;Rue de Min Coar;DE MIN COAR;COAR;204047463,405459053,536691211
RUE;Rue de Minihy Nevez;DE MINIHY NEVEZ;NEVEZ;66540653,89058086
RUE;Rue de Nivern Bihan;DE NIVERN BIHAN;BIHAN;79511802
RUE;Rue de Park Halleg;DE PARK HALLEG;HALLEG;52815080
RUE;Rue de Park Moan;DE PARK MOAN;MOAN;4483013
RUE;Rue de Pen Ar Biez;DE PEN AR BIEZ;BIEZ;30911583
RUE;Rue de Pen Kerivon;DE PEN KERIVON;KERIVON;1631486
RUE;Rue de Pen ar C'hoad;DE PEN AR C HOAD;HOAD;41667345,155500578,387164444
RUE;Rue de Pen ar Voas;DE PEN AR VOAS;VOAS;155502187
RUE;Rue de Penn Ar Stang;DE PENN AR STANG;STANG;67821771
RUE;Rue de Picardie;DE PICARDIE;PICARDIE;25200858
RUE;Rue de Plaçenn ar Guer;DE PLACENN AR GUER;GUER;4038923,4038950,404482307,404482372,404482399,404482416,407943975,407943976
RUE;Rue de Ploubezre;DE PLOUBEZRE;PLOUBEZRE;163417179,259635099,590612043
RUE;Rue de Pors An Prat;DE PORS AN PRAT;PRAT;4007082,401974036
RUE;Rue de Pouqueo;DE POUQUEO;POUQUEO;121482724
RUE;Rue de Rosampont;DE ROSAMPONT;ROSAMPONT;51095414
RUE;Rue de Roud ar Roc'h;DE ROUD AR ROC H;H;63394302,79262923
RUE;Rue de Saint-Elivet;DE SAINT ELIVET;ELIVET;4038908,204050099,564125067
RUE;Rue de Saint-Hugeon;DE SAINT HUGEON;HUGEON;77931610
RUE;Rue de Saint-Hugeon Bihan;DE SAINT HUGEON BIHAN;BIHAN;359292837
RUE;Rue de Saint-Malo;DE SAINT MALO;MALO;67812399
RUE;Rue de Saint-Marc;DE SAINT MARC;MARC;4038906,4038920,26536109,403703094,595114854
RUE;Rue de Stank Ar Beo;DE STANK AR BEO;BEO;4007081
RUE;Rue de Tonquédec;DE TONQUEDEC;TONQUEDEC;26971316,298747136
RUE;Rue de Trorozec;DE TROROZEC;TROROZEC;27408472,155641682
RUE;Rue de Tréguier;DE TREGUIER;TREGUIER;4038921,155445046,402125093,403519469,404606638
RUE;Rue de Verdun;DE VERDUN;VERDUN;4483000,4483005
RUE;Rue de Viarmes;DE VIARMES;VIARMES;27428584,27428589
RUE;Rue de Wazh Kloz;DE WAZH KLOZ;KLOZ;177688001
RUE;Rue de l'Artois;DE L ARTOIS;ARTOIS;25200815
RUE;Rue de l'Aérodrome;DE L AERODROME;AERODROME;4007057,4007065,4007068,4758631,27367740,354587102,460541093,460541094,584132808
RUE;Rue de l'Hôpital;DE L HOPITAL;HOPITAL;32198761,78077215
RUE;Rue de l'École;DE L ECOLE;ECOLE;52516473,100522017,100522019,100522024,100953665
RUE;Rue de l'Église;DE L EGLISE;EGLISE;4038928
RUE;Rue de l'Église Buhulien;DE L EGLISE BUHULIEN;BUHULIEN;26971320,26971348,628133401
RUE;Rue de la Bienfaisance;DE LA BIENFAISANCE;BIENFAISANCE;4038913,155606483
RUE;Rue de la Chapelle;DE LA CHAPELLE;CHAPELLE;65001364,299560085,299560086
RUE;Rue de la Chapelle Saint-Meen;DE LA CHAPELLE SAINT MEEN;MEEN;51787875
RUE;Rue de la Coudraie;DE LA COUDRAIE;COUDRAIE;4007075,67812397,401021884,489429596
RUE;Rue de la Haute Rive;DE LA HAUTE RIVE;RIVE;31128738
RUE;Rue de la Mairie;DE LA MAIRIE;MAIRIE;71900925
RUE;Rue de la Poterie;DE LA POTERIE;POTERIE;31453240
RUE;Rue de la Tour d'Auvergne;DE LA TOUR D AUVERGNE;AUVERGNE;67806538
RUE;Rue de la Trinité;DE LA TRINITE;TRINITE;67812392,232099758,354587072
RUE;Rue de la Vallée;DE LA VALLEE;VALLEE;4483020
RUE;Rue des Acacias;DES ACACIAS;ACACIAS;77053853
RUE;Rue des Agapanthes;DES AGAPANTHES;AGAPANTHES;299557820
RUE;Rue des Anthémis;DES ANTHEMIS;ANTHEMIS;297902801
RUE;Rue des Augustins;DES AUGUSTINS;AUGUSTINS;67806539
RUE;Rue des Bonnets Rouges;DES BONNETS ROUGES;ROUGES;32198541
RUE;Rue des Buttes;DES BUTTES;BUTTES;59973438,59973440
RUE;Rue des Camélias;DES CAMELIAS;CAMELIAS;77411391
RUE;Rue des Capucines;DES CAPUCINES;CAPUCINES;606670574
RUE;Rue des Chapeliers;DES CHAPELIERS;CHAPELIERS;67812395
RUE;Rue des Charmes;DES CHARMES;CHARMES;177279639
RUE;Rue des Châtaigniers;DES CHATAIGNIERS;CHATAIGNIERS;354509229
RUE;Rue des Chênes;DES CHENES;CHENES;354509233
RUE;Rue des Cordiers;DES CORDIERS;CORDIERS;25132217,30911552,77924938
RUE;Rue des Flandres;DES FLANDRES;FLANDRES;25200853
RUE;Rue des Fontaines;DES FONTAINES;FONTAINES;63394299
RUE;Rue des Frères Lagadec;DES FRERES LAGADEC;LAGADEC;23081913,127628379,595411495
RUE;Rue des Frères Laurent;DES FRERES LAURENT;LAURENT;30641650
RUE;Rue des Frères Prat;DES FRERES PRAT;PRAT;359291473
RUE;Rue des Frênes;DES FRENES;FRENES;354509230
RUE;Rue des Haras;DES HARAS;HARAS;4038933,403519473
RUE;Rue des Hortensias;DES HORTENSIAS;HORTENSIAS;25257838,560214548,560214549
RUE;Rue des Hêtres;DES HETRES;HETRES;177279632
RUE;Rue des Lilas;DES LILAS;LILAS;299557819,560214550
RUE;Rue des Martyrs de la Résistance;DES MARTYRS DE LA RESISTANCE;RESISTANCE;25204687
RUE;Rue des Ormes;DES ORMES;ORMES;60471418
RUE;Rue des Perdrix;DES PERDRIX;PERDRIX;60471415
RUE;Rue des Primevères;DES PRIMEVERES;PRIMEVERES;65001361
RUE;Rue des Sept Tournants;DES SEPT TOURNANTS;TOURNANTS;4483010
RUE;Rue des Templiers;DES TEMPLIERS;TEMPLIERS;4007069,354587075
RUE;Rue des Tulipes;DES TULIPES;TULIPES;25024186
RUE;Rue des Ursulines;DES URSULINES;URSULINES;71900938
RUE;Rue des Violettes;DES VIOLETTES;VIOLETTES;4007066
RUE;Rue des Écoles;DES ECOLES;ECOLES;77559770,77559780
RUE;Rue des Érables;DES ERABLES;ERABLES;354509234
RUE;Rue du 19 Mars 1962;DU 19 MARS 1962;1962;4007071
RUE;Rue du 73e Territorial;DU 73E TERRITORIAL;TERRITORIAL;587199786
RUE;Rue du Baly;DU BALY;BALY;67812394
RUE;Rue du Berry;DU BERRY;BERRY;25024189
RUE;Rue du Calvaire;DU CALVAIRE;CALVAIRE;52516760
RUE;Rue du Centre de Secours;DU CENTRE DE SECOURS;SECOURS;81886971
RUE;Rue du Champ du Curé;DU CHAMP DU CURE;CURE;343521243,345466503
RUE;Rue du Chateau de Kerivon;DU CHATEAU DE KERIVON;KERIVON;222045369,354509231
RUE;Rue du Colonel Hamon;DU COLONEL HAMON;HAMON;3986995
RUE;Rue du Colonel Rol-Tanguy;DU COLONEL ROL TANGUY;TANGUY;96290838
RUE;Rue du Commandant Coadou;DU COMMANDANT COADOU;COADOU;4007054
RUE;Rue du Commandant Cousteau;DU COMMANDANT COUSTEAU;COUSTEAU;4483024
RUE;Rue du Convenant Lamouroux;DU CONVENANT LAMOUROUX;LAMOUROUX;96291219
RUE;Rue du Dauphiné;DU DAUPHINE;DAUPHINE;25200834
RUE;Rue du Dispensaire;DU DISPENSAIRE;DISPENSAIRE;32198759
RUE;Rue du Docteur Schweitzer;DU DOCTEUR SCHWEITZER;SCHWEITZER;77219974
RUE;Rue du Faubourg de Buzulzo;DU FAUBOURG DE BUZULZO;BUZULZO;117351271
RUE;Rue du Forlac'h;DU FORLAC H;H;155606486,403519471
RUE;Rue du Hingard;DU HINGARD;HINGARD;4007073
RUE;Rue du Hingard Huellan;DU HINGARD HUELLAN;HUELLAN;4007078,300111298,402501572,402501573,402501574,402501575,402501576,402501577,402505228,402505229
RUE;Rue du Marchallac'h;DU MARCHALLAC H;H;67812391
RUE;Rue du Menhir;DU MENHIR;MENHIR;41667346
RUE;Rue du Moulin du Duc;DU MOULIN DU DUC;DUC;79262922
RUE;Rue du Mouton Blanc;DU MOUTON BLANC;BLANC;30425310
RUE;Rue du Mouton Noir;DU MOUTON NOIR;NOIR;30425312
RUE;Rue du Muguet;DU MUGUET;MUGUET;77411400,560214551
RUE;Rue du Petit Forlac'h;DU PETIT FORLAC H;H;31154475
RUE;Rue du Pouldiguy;DU POULDIGUY;POULDIGUY;31452730,155581320,155581327,403229253
RUE;Rue du Pouldu;DU POULDU;POULDU;299629166
RUE;Rue du Pourquéo;DU POURQUEO;POURQUEO;30641512
RUE;Rue du Père et Frères Provost;DU PERE ET FRERES PROVOST;PROVOST;65001362
RUE;Rue du Roudour;DU ROUDOUR;ROUDOUR;79264118,79264125,488112804
RUE;Rue du Rusquet;DU RUSQUET;RUSQUET;4007045
RUE;Rue du Stanco;DU STANCO;STANCO;82122306,354587081
RUE;Rue du Strinkell;DU STRINKELL;STRINKELL;305579074
RUE;Rue du Verger;DU VERGER;VERGER;107235361
RUE;Rue Éric Tabarly;ERIC TABARLY;TABARLY;4483016
RESIDENCE;Résidence Breiz;BREIZ;BREIZ;27044387
RESIDENCE;Résidence Eden Park;EDEN PARK;PARK;226915396,405814493
RESIDENCE;Résidence Feunten Nonen;FEUNTEN NONEN;NONEN;79123346
RESIDENCE;Résidence Hent Coat;HENT COAT;COAT;107911450
RESIDENCE;Résidence Plaçenn Ar Guer;PLACENN AR GUER;GUER;4483017
RESIDENCE;Résidence Run ar Guez;RUN AR GUEZ;GUEZ;78555988,78555993
RESIDENCE;Résidence ar Gwinver;AR GWINVER;GWINVER;299126306
RESIDENCE;Résidence de Pen An Biez;DE PEN AN BIEZ;BIEZ;30641536
RESIDENCE;Résidence de la Commanderie;DE LA COMMANDERIE;COMMANDERIE;4483001
RESIDENCE;Résidence du Moulin du Duc;DU MOULIN DU DUC;DUC;79262920,79262924,405459060
RESIDENCE;Résidence du Mouton Noir;DU MOUTON NOIR;NOIR;30425313
;Sentier;SENTIER;SENTIER;431614447,487836668
;Straed Lanneg Gleb;STRAED LANNEG GLEB;GLEB;299635320
;Straed Le Gall de Kerdu;STRAED LE GALL DE KERDU;KERDU;79264116
;Straed Park Bras Kerlan;STRAED PARK BRAS KERLAN;KERLAN;299635321
;Straed Park ar Stank;STRAED PARK AR STANK;STANK;98361354,468399432
;Straed an Hanter Lanneg;STRAED AN HANTER LANNEG;LANNEG;634808396
;Straed ar Maezoù;STRAED AR MAEZOÙ;MAEZOÙ;356448835,356448836
;Traou an Dour Vihan;TRAOU AN DOUR VIHAN;VIHAN;204052842
VENELLE;Venelle de Buzulzo;DE BUZULZO;BUZULZO;132665541
VENELLE;Venelle de Kra Douar;DE KRA DOUAR;DOUAR;4483008
VENELLE;Venelle de l'Enfer;DE L ENFER;ENFER;71900926
VENELLE;Venelle des Boyaux;DES BOYAUX;BOYAUX;147271354
VENELLE;Venelle des Trois Avocats;DES TROIS AVOCATS;AVOCATS;67812400,402530909,402530911
VENELLE;Venelle des Écoles;DES ECOLES;ECOLES;77559773,146979723
VENELLE;Venelle du Bois d'Amour;DU BOIS D AMOUR;AMOUR;77554596
VENELLE;Venelle du Forlac'h;DU FORLAC H;H;402244538
VENELLE;Venelle du Temple;DU TEMPLE;TEMPLE;158052971
