voie;name;name_norm;last_word_norm;ways
ALLEE;Allée Colonel Rémy;COLONEL REMY;REMY;24323227
ALLEE;Allée Django Reinhardt;DJANGO REINHARDT;REINHARDT;24210516
ALLEE;Allée Gabriel Laurent;GABRIEL LAURENT;LAURENT;74410005
ALLEE;Allée Kerverrot;KERVERROT;KERVERROT;361811309
ALLEE;Allée Louis Kervarec;LOUIS KERVAREC;KERVAREC;485513631
ALLEE;Allée Louise Félicité de Keralio;LOUISE FELICITE DE KERALIO;KERALIO;486372964
ALLEE;Allée Maurice Duhamel;MAURICE DUHAMEL;DUHAMEL;24211359
ALLEE;Allée Micheline Ostermeyer;MICHELINE OSTERMEYER;OSTERMEYER;485542803
ALLEE;Allée Olivier Malherbe;OLIVIER MALHERBE;MALHERBE;24210512
ALLEE;Allée Pierre Thielemans;PIERRE THIELEMANS;THIELEMANS;24210509
ALLEE;Allée de Kergoal;DE KERGOAL;KERGOAL;23233026,562896396,562896397
ALLEE;Allée de Kerulve;DE KERULVE;KERULVE;266200675
ALLEE;Allée de la Savonnerie;DE LA SAVONNERIE;SAVONNERIE;24064870
ALLEE;Allée des Charmes;DES CHARMES;CHARMES;24272714
ALLEE;Allée des Frères;DES FRERES;FRERES;24210510
ALLEE;Allée des Marronniers;DES MARRONNIERS;MARRONNIERS;24210530
ALLEE;Allée des Montagnards;DES MONTAGNARDS;MONTAGNARDS;24211382
ALLEE;Allée du Rouho;DU ROUHO;ROUHO;323508655
ALLEE;Allée du Souvenir Français;DU SOUVENIR FRANCAIS;FRANCAIS;24050256
ALLEE;Allée du Village de Kerulve;DU VILLAGE DE KERULVE;KERULVE;24061214,48749217
ALLEE;Allée du Village de Saint-Armel;DU VILLAGE DE SAINT ARMEL;ARMEL;485513632
ALLEE;Allée du Village du Bourgneuf;DU VILLAGE DU BOURGNEUF;BOURGNEUF;24210522,24210523,548571579,548571580
ALLEE;Allée du Village du Pouillot;DU VILLAGE DU POUILLOT;POUILLOT;24061212
AVENUE;Avenue Amiral Melchior;AMIRAL MELCHIOR;MELCHIOR;24048211
AVENUE;Avenue Anatole France;ANATOLE FRANCE;FRANCE;173792698,173792707,173792710,173792712,173792714,173792715,173792717,300506041,460608611,590840066
AVENUE;Avenue Capitaine Marienne;CAPITAINE MARIENNE;MARIENNE;24272641,24272653,24408959,48773012,300505998,300505999,300506000,466938977
AVENUE;Avenue Chenailler;CHENAILLER;CHENAILLER;24272696,28661304,396993086
AVENUE;Avenue Chenailler dit Colonel Morice;CHENAILLER DIT COLONEL MORICE;MORICE;24272695,48773006,466938978,466938979,466938980
AVENUE;Avenue Général de Gaulle;GENERAL DE GAULLE;GAULLE;24264712,24264714,24264715,24264716
AVENUE;Avenue Jean Jaurès;JEAN JAURES;JAURES;24235879,325084728,333858551
AVENUE;Avenue Lénine;LENINE;LENINE;24154640,24154641,24154644,48747245,260854891,486770254,562777900,562777902,562777903,562777905
AVENUE;Avenue Maximilien Robespierre;MAXIMILIEN ROBESPIERRE;ROBESPIERRE;140396333
AVENUE;Avenue Raymond Queudet;RAYMOND QUEUDET;QUEUDET;23152425,24064877,412948303,665045326
AVENUE;Avenue de Kergroise;DE KERGROISE;KERGROISE;23627650,24048209
AVENUE;Avenue de Lattre de Tassigny;DE LATTRE DE TASSIGNY;TASSIGNY;24266108
AVENUE;Avenue de la Marne;DE LA MARNE;MARNE;23627648,48747266
AVENUE;Avenue de la Perrière;DE LA PERRIERE;PERRIERE;23627646,48773015,662888517
AVENUE;Avenue du Faouëdic;DU FAOUEDIC;FAOUEDIC;24169432,300552301,590840065
;Benjamin Delessert;BENJAMIN DELESSERT;DELESSERT;24249009
BOULEVARD;Boulevard Abbé Le Cam;ABBE LE CAM;CAM;24273761,627121371,627816645,662703294
BOULEVARD;Boulevard Adolphe Pierre;ADOLPHE PIERRE;PIERRE;24048223,24050224,329465183,551934351,620137929
BOULEVARD;Boulevard Albert Thomas;ALBERT THOMAS;THOMAS;24266087,554118416
BOULEVARD;Boulevard Cosmao Dumanoir;COSMAO DUMANOIR;DUMANOIR;24235906,24323242,37873778,322452449,513713200,559535845,559535850,564837141,663314305
BOULEVARD;Boulevard Emmanuel Svob;EMMANUEL SVOB;SVOB;23627656,51426795,300552294,300579296,590840069
BOULEVARD;Boulevard Franchet d'Esperey;FRANCHET D ESPEREY;ESPEREY;24367765
BOULEVARD;Boulevard Général Borgnis Desbordes;GENERAL BORGNIS DESBORDES;DESBORDES;24061216
BOULEVARD;Boulevard Général Gallieni;GENERAL GALLIENI;GALLIENI;24266096,24266105,24266119
BOULEVARD;Boulevard Général Giraud;GENERAL GIRAUD;GIRAUD;24272678,321706087,414773306,467497041
BOULEVARD;Boulevard Jacques Cartier;JACQUES CARTIER;CARTIER;24048202
BOULEVARD;Boulevard Jean-Pierre Calloch;JEAN PIERRE CALLOCH;CALLOCH;24273756
BOULEVARD;Boulevard Laënnec;LAENNEC;LAENNEC;24020068,24020070,24207036,51367060
BOULEVARD;Boulevard Louis Nail;LOUIS NAIL;NAIL;24273765
BOULEVARD;Boulevard Léon Blum;LEON BLUM;BLUM;24235907,24247341,51426796,51426797,73545774,227752299,227752300,300579298,300579299,590840079
BOULEVARD;Boulevard Léon Jouhaux;LEON JOUHAUX;JOUHAUX;24273731,24273739,327044940
BOULEVARD;Boulevard Maréchal Lyautey;MARECHAL LYAUTEY;LYAUTEY;24266088
BOULEVARD;Boulevard Mendès-France;MENDES FRANCE;FRANCE;24061208
BOULEVARD;Boulevard Savorgnan de Brazza;SAVORGNAN DE BRAZZA;BRAZZA;24266086,465181660,604731025
BOULEVARD;Boulevard Yves Demaine;YVES DEMAINE;DEMAINE;23152301,23152311,23152344,23152427,23152437,23232817,23232842,23232879,24211969,322451555,322451556,322451557
BOULEVARD;Boulevard d'Oradour-sur-Glane;D ORADOUR SUR GLANE;GLANE;23627660,23627661,23699453,24156561,24156562,300579297,300580369,474396883,474396884,509275398,509275399,509275400,560993591,661047370,661047533,661047534,662638955
BOULEVARD;Boulevard de Borgnis-Desbordes;DE BORGNIS DESBORDES;DESBORDES;24061219
BOULEVARD;Boulevard de Normandie;DE NORMANDIE;NORMANDIE;23698034,24156564,116455291,116506169,474396878,474396879,474396880,474396885,590839814
BOULEVARD;Boulevard de l'Eau Courante;DE L EAU COURANTE;COURANTE;300579300
BOULEVARD;Boulevard de la Rade;DE LA RADE;RADE;24048201
BOULEVARD;Boulevard de la République;DE LA REPUBLIQUE;REPUBLIQUE;24050237
BOULEVARD;Boulevard du Général Philippe Leclerc;DU GENERAL PHILIPPE LECLERC;LECLERC;23627659
BOULEVARD;Boulevard du Maréchal Joffre;DU MARECHAL JOFFRE;JOFFRE;24367766,24367767,24367768,24367783,24367789,24367791,222983165
BOULEVARD;Boulevard du Scorff;DU SCORFF;SCORFF;24019394,24020064,24020065,48747242,486770255,562333818
BOULEVARD;Boulevard Édouard Herriot;EDOUARD HERRIOT;HERRIOT;24235877,24264717,24264718,48747267,466938973
BOULEVARD;Boulevard Émile Guillerot;EMILE GUILLEROT;GUILLEROT;24272979
CHEMIN;Chemin Job Jaffre;JOB JAFFRE;JAFFRE;23233032
CHEMIN;Chemin de Kergestenen;DE KERGESTENEN;KERGESTENEN;24215062,464539670
CHEMIN;Chemin du Mir;DU MIR;MIR;24235895,24235896
COURS;Cours Louis de Chazelles;LOUIS DE CHAZELLES;CHAZELLES;24367780,24367792,24367793,48747269,48749213,48772996,174372430,226705492,226705493,364524101,513713193,661051861
COURS;Cours Massé;MASSE;MASSE;364517578,364517777,364517863,364518092,364518248
COURS;Cours de Chazelles;DE CHAZELLES;CHAZELLES;24169431,24367769,24367781,24367782,24367790
COURS;Cours de la Bôve;DE LA BOVE;BOVE;24367824
IMPASSE;Impasse Anjela Duval;ANJELA DUVAL;DUVAL;24272692
IMPASSE;Impasse Anne de Bretagne;ANNE DE BRETAGNE;BRETAGNE;24064882
IMPASSE;Impasse Berthe Morisot;BERTHE MORISOT;MORISOT;24063027
IMPASSE;Impasse Bodermen;BODERMEN;BODERMEN;24168280
IMPASSE;Impasse Bourlaouen;BOURLAOUEN;BOURLAOUEN;24264732
IMPASSE;Impasse Camille Pelletan;CAMILLE PELLETAN;PELLETAN;24247349
IMPASSE;Impasse Capitaine Marienne;CAPITAINE MARIENNE;MARIENNE;24272659
IMPASSE;Impasse Cassard;CASSARD;CASSARD;24273744
IMPASSE;Impasse Chenailler;CHENAILLER;CHENAILLER;24272725
IMPASSE;Impasse Domergue;DOMERGUE;DOMERGUE;378294312
IMPASSE;Impasse Dufilhol;DUFILHOL;DUFILHOL;24235893
IMPASSE;Impasse Duguesclin;DUGUESCLIN;DUGUESCLIN;24266129
IMPASSE;Impasse Enfantine;ENFANTINE;ENFANTINE;24272675
IMPASSE;Impasse Gracchus Babeuf;GRACCHUS BABEUF;BABEUF;24211370
IMPASSE;Impasse Henri Allain;HENRI ALLAIN;ALLAIN;24264730
IMPASSE;Impasse Henri Le Cunff;HENRI LE CUNFF;CUNFF;24272960
IMPASSE;Impasse Jean Saint-Marc;JEAN SAINT MARC;MARC;295000002
IMPASSE;Impasse Jean de Vienne;JEAN DE VIENNE;VIENNE;485542785
IMPASSE;Impasse Job Le Bayon;JOB LE BAYON;BAYON;24063015,295000005
IMPASSE;Impasse Joël Le Vaguerès n° 1;JOEL LE VAGUERES N° 1;1;54601744
IMPASSE;Impasse Joël Le Vaguerès n° 2;JOEL LE VAGUERES N° 2;2;54601809
IMPASSE;Impasse Le Pitre;LE PITRE;PITRE;24168256
IMPASSE;Impasse Lize;LIZE;LIZE;552135808
IMPASSE;Impasse Louis Lancelot;LOUIS LANCELOT;LANCELOT;485513633
IMPASSE;Impasse Morse;MORSE;MORSE;24168273
IMPASSE;Impasse Philippe Vannier;PHILIPPE VANNIER;VANNIER;24266138
IMPASSE;Impasse Philippe Vannier n°2;PHILIPPE VANNIER N°2;N°2;24266137
IMPASSE;Impasse Pierre Loti;PIERRE LOTI;LOTI;446915104
IMPASSE;Impasse Pierre Royant;PIERRE ROYANT;ROYANT;24063009
IMPASSE;Impasse Ratier;RATIER;RATIER;24264736
IMPASSE;Impasse Royer Dubail;ROYER DUBAIL;DUBAIL;142208702,562777871,562777872
IMPASSE;Impasse Saint-Armel;SAINT ARMEL;ARMEL;24063028
IMPASSE;Impasse Sainte-Véronique;SAINTE VERONIQUE;VERONIQUE;318048235
IMPASSE;Impasse Victor Hugo;VICTOR HUGO;HUGO;24050250
IMPASSE;Impasse de Beg-er-Lann;DE BEG ER LANN;LANN;24215061,467567716
IMPASSE;Impasse de Kerdual;DE KERDUAL;KERDUAL;24156521
IMPASSE;Impasse de Kerguillette;DE KERGUILLETTE;KERGUILLETTE;24061224
IMPASSE;Impasse de Kerlouano;DE KERLOUANO;KERLOUANO;23152284
IMPASSE;Impasse de Kermelo;DE KERMELO;KERMELO;24272706
IMPASSE;Impasse de Normandie;DE NORMANDIE;NORMANDIE;356647906
IMPASSE;Impasse de Ploemeur;DE PLOEMEUR;PLOEMEUR;23233034
IMPASSE;Impasse de Pourlorio;DE POURLORIO;POURLORIO;24168275
IMPASSE;Impasse de Quehellio;DE QUEHELLIO;QUEHELLIO;24272690
IMPASSE;Impasse de Saint-Maude;DE SAINT MAUDE;MAUDE;24272647
IMPASSE;Impasse de la Chapelle Saint-Christophe;DE LA CHAPELLE SAINT CHRISTOPHE;CHRISTOPHE;24207031,24207034
IMPASSE;Impasse de la Grenouillère;DE LA GRENOUILLERE;GRENOUILLERE;24210533
IMPASSE;Impasse de la Salsepareille;DE LA SALSEPAREILLE;SALSEPAREILLE;24210532
IMPASSE;Impasse de la Villemarque;DE LA VILLEMARQUE;VILLEMARQUE;24272645,486372965
IMPASSE;Impasse des Chardonnerets;DES CHARDONNERETS;CHARDONNERETS;24272969
IMPASSE;Impasse des Grives;DES GRIVES;GRIVES;24272980
IMPASSE;Impasse des Indes;DES INDES;INDES;24367838
IMPASSE;Impasse des Loriots;DES LORIOTS;LORIOTS;24272987
IMPASSE;Impasse des Martinets;DES MARTINETS;MARTINETS;24272970
IMPASSE;Impasse des Palmiers;DES PALMIERS;PALMIERS;24266131
IMPASSE;Impasse des Peupliers;DES PEUPLIERS;PEUPLIERS;24248990
IMPASSE;Impasse des Quatre Vents;DES QUATRE VENTS;VENTS;552135821
IMPASSE;Impasse des Tourterelles;DES TOURTERELLES;TOURTERELLES;24272966
IMPASSE;Impasse des Travailleurs;DES TRAVAILLEURS;TRAVAILLEURS;24156520
IMPASSE;Impasse du Grand Batteur;DU GRAND BATTEUR;BATTEUR;24247360
IMPASSE;Impasse du Petit Paradis;DU PETIT PARADIS;PARADIS;485513634
IMPASSE;Impasse du Puits Ferre;DU PUITS FERRE;FERRE;485684856
IMPASSE;Impasse du Puits Fleuri;DU PUITS FLEURI;FLEURI;24235903
IMPASSE;Impasse du Rouho;DU ROUHO;ROUHO;24156532
IMPASSE;Impasse le Guenno;LE GUENNO;GUENNO;24156566
IMPASSE;Impasse Émile Masson;EMILE MASSON;MASSON;23232952
IMPASSE;Impasse Émile Zola;EMILE ZOLA;ZOLA;24168267
;Jean Le Maux;JEAN LE MAUX;MAUX;260854897,260854898
;Nicolas Appert;NICOLAS APPERT;APPERT;396993107
PASSAGE;Passage Dupuy de Lome;DUPUY DE LOME;LOME;24050253
PASSAGE;Passage Marie Lenéru;MARIE LENERU;LENERU;321528058
PASSAGE;Passage de la Comédie;DE LA COMEDIE;COMEDIE;24367822,393244085,393244086
PASSAGE;Passage du Blavet;DU BLAVET;BLAVET;24367823
;Passserelle du Bourgneuf;PASSSERELLE DU BOURGNEUF;BOURGNEUF;140396344
PLACE;Place Abbé André Jarland;ABBE ANDRE JARLAND;JARLAND;24063011
PLACE;Place Alsace Lorraine;ALSACE LORRAINE;LORRAINE;24367796,24367810,173793706
PLACE;Place Anatole Le Braz;ANATOLE LE BRAZ;BRAZ;173796531,173796533
PLACE;Place Aristide Briand;ARISTIDE BRIAND;BRIAND;24367799,24367800,173783194
PLACE;Place Bellonte;BELLONTE;BELLONTE;23233016,24056787
PLACE;Place Bonneaud;BONNEAUD;BONNEAUD;24154672
PLACE;Place Chap St-Christophe;CHAP ST CHRISTOPHE;CHRISTOPHE;181986837
PLACE;Place Clemenceau;CLEMENCEAU;CLEMENCEAU;486770257
PLACE;Place Docteur Cousyn;DOCTEUR COUSYN;COUSYN;23698032,356647905,562333814,562333816,590839811,590840025,590840026,590840027,590840028
PLACE;Place Fontaine Saint-Christophe;FONTAINE SAINT CHRISTOPHE;CHRISTOPHE;24156547,24156548,562018966
PLACE;Place Général Archinard;GENERAL ARCHINARD;ARCHINARD;24266103
PLACE;Place Jean Baptiste Marcet;JEAN BAPTISTE MARCET;MARCET;396993116
PLACE;Place Joseph Périgault;JOSEPH PERIGAULT;PERIGAULT;24367771
PLACE;Place Jules Ferry;JULES FERRY;FERRY;24050265,24367841
PLACE;Place Louis Aubert;LOUIS AUBERT;AUBERT;24154660
PLACE;Place Nathalie Le Mel;NATHALIE LE MEL;MEL;24211968
PLACE;Place Paul Bert;PAUL BERT;BERT;173796534
PLACE;Place Paul Ladmirault;PAUL LADMIRAULT;LADMIRAULT;24154661
PLACE;Place Pierre Guéguen;PIERRE GUEGUEN;GUEGUEN;24247351,24249003
PLACE;Place Pierre Semard;PIERRE SEMARD;SEMARD;24061243
PLACE;Place Polig Monjarret;POLIG MONJARRET;MONJARRET;226429999
PLACE;Place Raymond Quero;RAYMOND QUERO;QUERO;24061235
PLACE;Place Surcouf;SURCOUF;SURCOUF;24156537
PLACE;Place Vincent Auriol;VINCENT AURIOL;AURIOL;24061232
PLACE;Place de Kernitra;DE KERNITRA;KERNITRA;23152422,590839994
PLACE;Place de l'Hôtel de Ville;DE L HOTEL DE VILLE;VILLE;24249008,173783192
PLACE;Place de l'Yser;DE L YSER;YSER;24168278
PLACE;Place de la Bastille;DE LA BASTILLE;BASTILLE;24211378
PLACE;Place de la Liberté;DE LA LIBERTE;LIBERTE;24063019,286282655,286282657
PLACE;Place de la Libération;DE LA LIBERATION;LIBERATION;24367806,325665335
PLACE;Place de la Poterie;DE LA POTERIE;POTERIE;337929976
PLACE;Place de la Résistance;DE LA RESISTANCE;RESISTANCE;24063004
PLACE;Place des Sœurs Goadeg;DES SŒURS GOADEG;GOADEG;330141190
PLACE;Place du 8 Mai 1945;DU 8 MAI 1945;1945;24061240
PLACE;Place du Bateau;DU BATEAU;BATEAU;486372966
PLACE;Place du Pont Chinois;DU PONT CHINOIS;CHINOIS;24168261,145954006,145954007
PONT;Pont François Le Corre;FRANCOIS LE CORRE;CORRE;24367832,24367833,24367834,393244081
PONT;Pont Geydon;GEYDON;GEYDON;257733227
PONT;Pont Saint-Christophe;SAINT CHRISTOPHE;CHRISTOPHE;23698240
PONT;Pont de Kermélo;DE KERMELO;KERMELO;23944485,23944487
PONT;Pont des Indes;DES INDES;INDES;24020078,447235794
PROMENADE;Promenade du Péristyle;DU PERISTYLE;PERISTYLE;283611953
;Pénétrante de Lorient;PENETRANTE DE LORIENT;LORIENT;23152283,23232882,23232950,23233044,23233059,23432880,23618774,23618776,23618777,23618778,23618779,23618780,23618781,185805641,185805642,260854894,260854895,260854896,663311580,663311582
QUAI;Quai Gustave Mansion;GUSTAVE MANSION;MANSION;24050220
QUAI;Quai de Rohan;DE ROHAN;ROHAN;24050232,289037883,460608619
QUAI;Quai des Indes;DES INDES;INDES;24367839,24367843,48749215,460608622,554211482
QUAI;Quai du Pourquoi-Pas;DU POURQUOI PAS;PAS;24273754
QUAI;Quai du Péristyle;DU PERISTYLE;PERISTYLE;485542786
QUAI;Quai Éric Tabarly;ERIC TABARLY;TABARLY;24048222,452883907
RAMPE;Rampe de l'Amiral;DE L AMIRAL;AMIRAL;136113204,389304937,509183684,509187300
RAMPE;Rampe de l'Hôpital des Armées;DE L HOPITAL DES ARMEES;ARMEES;24020074
RAMPE;Rampe de la Chapelle;DE LA CHAPELLE;CHAPELLE;554313381
RAMPE;Rampe du Four à Chaux;DU FOUR A CHAUX;CHAUX;136113211
;Rando des Vallons;RANDO DES VALLONS;VALLONS;266176367,266185351,266185353,266185356,266185358,266188256,266188257,266188258,266220716
ROND POINT;Rond-Point Kergroise;KERGROISE;KERGROISE;23626304
ROND POINT;Rond-Point Max Jacob;MAX JACOB;JACOB;663311577,663311579,663314298,663314301
ROND POINT;Rond-Point de Bir Hakeim;DE BIR HAKEIM;HAKEIM;590839883,662646028,662646029,662646030,662658770,662658774
ROND POINT;Rond-Point de Kervaric;DE KERVARIC;KERVARIC;23233067,590840104
ROND POINT;Rond-Point de Saint-Armel;DE SAINT ARMEL;ARMEL;24061230,590839999
ROND POINT;Rond-Point de Ty-Lann;DE TY LANN;LANN;13253934,663146900,664852086,664852096
ROND POINT;Rond-Point de l'Australie;DE L AUSTRALIE;AUSTRALIE;23627655,590840096,590840098
ROND POINT;Rond-Point de l'Irlande;DE L IRLANDE;IRLANDE;300579301,590840068,590840090,590840093
ROND POINT;Rond-Point de la Cardonnière;DE LA CARDONNIERE;CARDONNIERE;23806664,590839918
ROND POINT;Rond-Point de la Convention;DE LA CONVENTION;CONVENTION;23233022,590839924,590839925
ROND POINT;Rond-Point de la Médaille Militaire;DE LA MEDAILLE MILITAIRE;MILITAIRE;590839922
ROND POINT;Rond-Point du Bourgneuf;DU BOURGNEUF;BOURGNEUF;260854899,590839833,590839834,590839835
ROND POINT;Rond-Point du Manio;DU MANIO;MANIO;663311576,663311578
ROND POINT;Rond-Point du Moustoir;DU MOUSTOIR;MOUSTOIR;73545773,300579302,300579303,300580370
ROND POINT;Rond-Point du Pleneno;DU PLENENO;PLENENO;663311581,663311585
RUE;Rue A Le Moine de la Borderie;A LE MOINE DE LA BORDERIE;BORDERIE;485513642
RUE;Rue Abbé Basile Le Gal;ABBE BASILE LE GAL;GAL;24168251
RUE;Rue Abbé Emmanuel Sieyes;ABBE EMMANUEL SIEYES;SIEYES;24211367,413128356,548571599
RUE;Rue Abbé Franz Stock;ABBE FRANZ STOCK;STOCK;24273749
RUE;Rue Abbé François Cohalan;ABBE FRANCOIS COHALAN;COHALAN;24207033
RUE;Rue Abbé Laudrin;ABBE LAUDRIN;LAUDRIN;24050260
RUE;Rue Abbé Sieyes;ABBE SIEYES;SIEYES;413128355
RUE;Rue Adolphe Beaufrere;ADOLPHE BEAUFRERE;BEAUFRERE;552135811
RUE;Rue Adolphe Rondeaux;ADOLPHE RONDEAUX;RONDEAUX;24050263
RUE;Rue Agnès de la Barre de Nanteuil;AGNES DE LA BARRE DE NANTEUIL;NANTEUIL;320084015
RUE;Rue Alain Colas;ALAIN COLAS;COLAS;24050233
RUE;Rue Alain Dordelin;ALAIN DORDELIN;DORDELIN;24273768,48773017,168983518,168983520,168983525,435198221,435198222,435198223,435198224,435198225,590839824,590839825,590839826,590839836,590839841,662884123,662884125,662884126
RUE;Rue Alain René Lesage;ALAIN RENE LESAGE;LESAGE;24050258
RUE;Rue Albert Camus;ALBERT CAMUS;CAMUS;24062993
RUE;Rue Alcide Le Beau;ALCIDE LE BEAU;BEAU;552135814
RUE;Rue Alcide de Beauchene;ALCIDE DE BEAUCHENE;BEAUCHENE;24323220
RUE;Rue Alfred Dreyfus;ALFRED DREYFUS;DREYFUS;23152253,24215066,260854901,260855017
RUE;Rue Alfred Trescat;ALFRED TRESCAT;TRESCAT;24264739
RUE;Rue Alfred de Musset;ALFRED DE MUSSET;MUSSET;24050245
RUE;Rue Alfred de Vigny;ALFRED DE VIGNY;VIGNY;295731903
RUE;Rue Alice Coleno;ALICE COLENO;COLENO;552135818,553588960
RUE;Rue Alphonse Le Bourhis;ALPHONSE LE BOURHIS;BOURHIS;24048213
RUE;Rue Alphonse Rio;ALPHONSE RIO;RIO;24273767
RUE;Rue Alphonse Tanguy;ALPHONSE TANGUY;TANGUY;24367773,24367774
RUE;Rue Amiral Boue Lapeyrere;AMIRAL BOUE LAPEYRERE;LAPEYRERE;24061241
RUE;Rue Amiral Bouvet;AMIRAL BOUVET;BOUVET;24247350,24249001
RUE;Rue Amiral Charles Guillain;AMIRAL CHARLES GUILLAIN;GUILLAIN;24061237,485513635
RUE;Rue Amiral Courbet;AMIRAL COURBET;COURBET;24050216,24050225,662884681
RUE;Rue Amiral Favereau;AMIRAL FAVEREAU;FAVEREAU;24020061,40725717,562777916
RUE;Rue Amiral Garnault;AMIRAL GARNAULT;GARNAULT;24272674
RUE;Rue Amiral Gougeard;AMIRAL GOUGEARD;GOUGEARD;24264745
RUE;Rue Amiral Guépratte;AMIRAL GUEPRATTE;GUEPRATTE;24156556
RUE;Rue Amiral Lacaze;AMIRAL LACAZE;LACAZE;24156531
RUE;Rue Amiral Nomy;AMIRAL NOMY;NOMY;24273737
RUE;Rue Amiral Proteau;AMIRAL PROTEAU;PROTEAU;222983167
RUE;Rue Amiral Ronarc'h;AMIRAL RONARC H;H;24156526,24156530,286282658
RUE;Rue Amiral de Grasse;AMIRAL DE GRASSE;GRASSE;24272974
RUE;Rue Amiral de Kerangal;AMIRAL DE KERANGAL;KERANGAL;24272686
RUE;Rue Anatole le Braz;ANATOLE LE BRAZ;BRAZ;24367812
RUE;Rue André Breton;ANDRE BRETON;BRETON;24266134,550321839
RUE;Rue André Degoul;ANDRE DEGOUL;DEGOUL;24050249
RUE;Rue Anne de Bretagne;ANNE DE BRETAGNE;BRETAGNE;23232818
RUE;Rue Antony Fleur;ANTONY FLEUR;FLEUR;23232853,24056782
RUE;Rue Armand Guillemot;ARMAND GUILLEMOT;GUILLEMOT;24215065
RUE;Rue Arthur Le Moine de la Borderie;ARTHUR LE MOINE DE LA BORDERIE;BORDERIE;23233030
RUE;Rue Audiau;AUDIAU;AUDIAU;318194490
RUE;Rue Audren de Kerdrel;AUDREN DE KERDREL;KERDREL;24156533
RUE;Rue Auguste Guergadi;AUGUSTE GUERGADI;GUERGADI;321250181
RUE;Rue Auguste Nayel;AUGUSTE NAYEL;NAYEL;24367819,318417372,318417373
RUE;Rue Bain de la Coquerie;BAIN DE LA COQUERIE;COQUERIE;24272702
RUE;Rue Bardoux;BARDOUX;BARDOUX;24248998
RUE;Rue Batelière;BATELIERE;BATELIERE;138368940
RUE;Rue Bayard;BAYARD;BAYARD;24264744
RUE;Rue Beauvais;BEAUVAIS;BEAUVAIS;24168270,559535866,559535869
RUE;Rue Benjamin Franklin;BENJAMIN FRANKLIN;FRANKLIN;24273738
RUE;Rue Benoît Frachon;BENOIT FRACHON;FRACHON;24273757
RUE;Rue Bernadette Soubirous;BERNADETTE SOUBIROUS;SOUBIROUS;24272693
RUE;Rue Bertrand Perenou;BERTRAND PERENOU;PERENOU;23233003,24056791
RUE;Rue Bigenwald;BIGENWALD;BIGENWALD;24264742
RUE;Rue Blaise Pascal;BLAISE PASCAL;PASCAL;24156554
RUE;Rue Blanche;BLANCHE;BLANCHE;24367836
RUE;Rue Blériot;BLERIOT;BLERIOT;23152517,23233028,24056785
RUE;Rue Bompard;BOMPARD;BOMPARD;24247354
RUE;Rue Bourcke;BOURCKE;BOURCKE;24248997
RUE;Rue Bourdelle;BOURDELLE;BOURDELLE;73545772
RUE;Rue Brizeux;BRIZEUX;BRIZEUX;24050223,485542787
RUE;Rue Cabellec;CABELLEC;CABELLEC;24248987
RUE;Rue Cambry;CAMBRY;CAMBRY;24367821,551981999
RUE;Rue Camille Claudel;CAMILLE CLAUDEL;CLAUDEL;24061222
RUE;Rue Camille Desmoulins;CAMILLE DESMOULINS;DESMOULINS;24211360,260854903
RUE;Rue Capitaine Blayo;CAPITAINE BLAYO;BLAYO;24156527,286282659
RUE;Rue Capitaine Lefort;CAPITAINE LEFORT;LEFORT;24264750,327988720
RUE;Rue Capitaine Palaric;CAPITAINE PALARIC;PALARIC;24249011
RUE;Rue Capitaine Rossel;CAPITAINE ROSSEL;ROSSEL;24272672
RUE;Rue Caroline Espinet;CAROLINE ESPINET;ESPINET;23152461
RUE;Rue Ceberet;CEBERET;CEBERET;24323240
RUE;Rue Chaigneau;CHAIGNEAU;CHAIGNEAU;24323213,300552297,300552298
RUE;Rue Champlain;CHAMPLAIN;CHAMPLAIN;24272701
RUE;Rue Charles Delescluze;CHARLES DELESCLUZE;DELESCLUZE;24272694
RUE;Rue Charles Gounod;CHARLES GOUNOD;GOUNOD;24154659
RUE;Rue Charles Le Goffic;CHARLES LE GOFFIC;GOFFIC;24247356
RUE;Rue Charles Le Samedy;CHARLES LE SAMEDY;SAMEDY;24020075
RUE;Rue Charles Nédellec;CHARLES NEDELLEC;NEDELLEC;23152475
RUE;Rue Charles Tellier;CHARLES TELLIER;TELLIER;24048203
RUE;Rue Charles Tillon;CHARLES TILLON;TILLON;24235887
RUE;Rue Clairambault;CLAIRAMBAULT;CLAIRAMBAULT;24323233,48749214,661051863
RUE;Rue Claire Droneau;CLAIRE DRONEAU;DRONEAU;24264737
RUE;Rue Clara Zetkin;CLARA ZETKIN;ZETKIN;318125704
RUE;Rue Claude Debussy;CLAUDE DEBUSSY;DEBUSSY;24154653
RUE;Rue Claude Rouget de Lisle;CLAUDE ROUGET DE LISLE;LISLE;24211366,24211373,24211374
RUE;Rue Clément Ader;CLEMENT ADER;ADER;23232919,24056789
RUE;Rue Colbert;COLBERT;COLBERT;24020080,24367797
RUE;Rue Colonel Le Barillec;COLONEL LE BARILLEC;BARILLEC;23152398,24063230
RUE;Rue Colonel Manhès;COLONEL MANHES;MANHES;24272716,554118420
RUE;Rue Commandant Billaud;COMMANDANT BILLAUD;BILLAUD;24272722,554118427
RUE;Rue Commandant Bourdais;COMMANDANT BOURDAIS;BOURDAIS;24272975
RUE;Rue Commandant Charcot;COMMANDANT CHARCOT;CHARCOT;24156536,24156538
RUE;Rue Commandant Le Prieur;COMMANDANT LE PRIEUR;PRIEUR;23152458
RUE;Rue Commandant Marchand;COMMANDANT MARCHAND;MARCHAND;24266093
RUE;Rue Commandant Paul Teste;COMMANDANT PAUL TESTE;TESTE;24323215
RUE;Rue Commandant Rivière;COMMANDANT RIVIERE;RIVIERE;485542788,548366463
RUE;Rue Commandant Sevene;COMMANDANT SEVENE;SEVENE;24273743
RUE;Rue Comte de Mirabeau;COMTE DE MIRABEAU;MIRABEAU;24211385
RUE;Rue Comtesse de Ségur;COMTESSE DE SEGUR;SEGUR;24272664,467598276
RUE;Rue Corentin Carré;CORENTIN CARRE;CARRE;24264749
RUE;Rue Corentin Le Floch;CORENTIN LE FLOCH;FLOCH;24272687
RUE;Rue César;CESAR;CESAR;24264740
RUE;Rue Deloffre;DELOFFRE;DELOFFRE;24247357,554641071,554641072,554641073,554641074
RUE;Rue Descartes;DESCARTES;DESCARTES;24264747
RUE;Rue Didier Bestin;DIDIER BESTIN;BESTIN;24048220
RUE;Rue Dieudonné Costes;DIEUDONNE COSTES;COSTES;23232914,24056788
RUE;Rue Docteur Calmette;DOCTEUR CALMETTE;CALMETTE;24156523,562597296
RUE;Rue Docteur Dieny;DOCTEUR DIENY;DIENY;24272711
RUE;Rue Docteur Duguet;DOCTEUR DUGUET;DUGUET;24249010
RUE;Rue Docteur Le Moal;DOCTEUR LE MOAL;MOAL;234865233
RUE;Rue Docteur Michaud;DOCTEUR MICHAUD;MICHAUD;24247369
RUE;Rue Docteur Schweitzer;DOCTEUR SCHWEITZER;SCHWEITZER;24323223
RUE;Rue Docteur Villers;DOCTEUR VILLERS;VILLERS;24050240
RUE;Rue Domergue;DOMERGUE;DOMERGUE;24207022
RUE;Rue Du Gaillec;DU GAILLEC;GAILLEC;24210513,24210514,24210517
RUE;Rue Duguay Trouin;DUGUAY TROUIN;TROUIN;24050222,24050241
RUE;Rue Duguesclin;DUGUESCLIN;DUGUESCLIN;24266125
RUE;Rue Dulcie September;DULCIE SEPTEMBER;SEPTEMBER;24247365
RUE;Rue Duliscouet;DULISCOUET;DULISCOUET;24168243,562499182
RUE;Rue Duperre;DUPERRE;DUPERRE;24272977
RUE;Rue Dupleix;DUPLEIX;DUPLEIX;24050264,174373237,174373240
RUE;Rue Dupuy de Lome;DUPUY DE LOME;LOME;24050252,300506017,300506018,485542789
RUE;Rue Edgar Quinet;EDGAR QUINET;QUINET;24207020
RUE;Rue Edith Piaf;EDITH PIAF;PIAF;260854905
RUE;Rue Edouard Helin;EDOUARD HELIN;HELIN;320678122,320678123,320678124,320678128
RUE;Rue Emile Eudes;EMILE EUDES;EUDES;321250180
RUE;Rue Emmanuel Gicquel;EMMANUEL GICQUEL;GICQUEL;23152250,24063661
RUE;Rue Emmanuel Pujol;EMMANUEL PUJOL;PUJOL;24210511,548009616
RUE;Rue Enseigne de Vaisseau Henry;ENSEIGNE DE VAISSEAU HENRY;HENRY;24272957
RUE;Rue Ernest Hello;ERNEST HELLO;HELLO;24266127
RUE;Rue Ernest Renan;ERNEST RENAN;RENAN;24323235
RUE;Rue Erwan Marec;ERWAN MAREC;MAREC;24273760
RUE;Rue Esnoult des Châtelets;ESNOULT DES CHATELETS;CHATELETS;24156546
RUE;Rue Etienne Fouillen;ETIENNE FOUILLEN;FOUILLEN;320094542
RUE;Rue Eugène Anthiome;EUGENE ANTHIOME;ANTHIOME;23152413
RUE;Rue Eugène Bécam;EUGENE BECAM;BECAM;24272708
RUE;Rue Eugène Gare;EUGENE GARE;GARE;24248984
RUE;Rue Eugène Pottier;EUGENE POTTIER;POTTIER;23152478,662644096,662644097,662644098,662644633
RUE;Rue Eugène Varlin;EUGENE VARLIN;VARLIN;24272658
RUE;Rue Faidherbe;FAIDHERBE;FAIDHERBE;24050267
RUE;Rue Ferdinand Buisson;FERDINAND BUISSON;BUISSON;24168263
RUE;Rue Ferdinand Le Hétet;FERDINAND LE HETET;HETET;24050251
RUE;Rue Ferdinand Le Peletier;FERDINAND LE PELETIER;PELETIER;24211375,24211376
RUE;Rue Ferdinand Piriou;FERDINAND PIRIOU;PIRIOU;24062985,562018969
RUE;Rue Ferrand;FERRAND;FERRAND;24266122
RUE;Rue Flandres - Dunkerque 1940;FLANDRES   DUNKERQUE 1940;1940;24272638,300506019,300506020,467567723,467567725,662848774
RUE;Rue Fleming;FLEMING;FLEMING;24367772
RUE;Rue Floran Tristan;FLORAN TRISTAN;TRISTAN;23152457
RUE;Rue Florian Laporte;FLORIAN LAPORTE;LAPORTE;24048206
RUE;Rue Fontan;FONTAN;FONTAN;24247344
RUE;Rue Francine Deporte;FRANCINE DEPORTE;DEPORTE;24210507
RUE;Rue François Broussais;FRANCOIS BROUSSAIS;BROUSSAIS;24211380
RUE;Rue François Jegou;FRANCOIS JEGOU;JEGOU;24156529
RUE;Rue François Le Brise;FRANCOIS LE BRISE;BRISE;24050236
RUE;Rue François Le Leve;FRANCOIS LE LEVE;LEVE;24247345
RUE;Rue François Le Ruyet;FRANCOIS LE RUYET;RUYET;551495754
RUE;Rue François Millepierres;FRANCOIS MILLEPIERRES;MILLEPIERRES;485542790
RUE;Rue François Renault;FRANCOIS RENAULT;RENAULT;24272669,24272671,467567721,550952492
RUE;Rue François Robin;FRANCOIS ROBIN;ROBIN;24235905
RUE;Rue François Toullec;FRANCOIS TOULLEC;TOULLEC;24273747,26430733,256242297,256242298,660625050,660625051
RUE;Rue François Truffaut;FRANCOIS TRUFFAUT;TRUFFAUT;260854907
RUE;Rue François-Marie Luzel;FRANCOIS MARIE LUZEL;LUZEL;24062996
RUE;Rue Françoise Dolto;FRANCOISE DOLTO;DOLTO;24211967
RUE;Rue Frédéric Cournet;FREDERIC COURNET;COURNET;24207041
RUE;Rue Frédéric Delory;FREDERIC DELORY;DELORY;24323221
RUE;Rue Fulvy;FULVY;FULVY;24273766
RUE;Rue Fénelon;FENELON;FENELON;24367809,226244147,466917800,466917801
RUE;Rue Gabriel;GABRIEL;GABRIEL;24323237
RUE;Rue Gabriel Fauré;GABRIEL FAURE;FAURE;24154657,24154671,590840063
RUE;Rue Gabriel Hervoche;GABRIEL HERVOCHE;HERVOCHE;24272723
RUE;Rue Galabert;GALABERT;GALABERT;24207024
RUE;Rue Gambetta;GAMBETTA;GAMBETTA;24050261
RUE;Rue Gaspard Monge;GASPARD MONGE;MONGE;320129070
RUE;Rue Gaston Le Lain;GASTON LE LAIN;LAIN;24272662
RUE;Rue Gauguin;GAUGUIN;GAUGUIN;24264728
RUE;Rue George Sand;GEORGE SAND;SAND;24050247
RUE;Rue Georges Bizet;GEORGES BIZET;BIZET;286282661
RUE;Rue Georges Borgne;GEORGES BORGNE;BORGNE;24061229
RUE;Rue Georges Brassens;GEORGES BRASSENS;BRASSENS;24065207,24065208,24065209
RUE;Rue Georges Collier;GEORGES COLLIER;COLLIER;24367777,558121372
RUE;Rue Georges Danton;GEORGES DANTON;DANTON;24211368
RUE;Rue Georges Gaigneux;GEORGES GAIGNEUX;GAIGNEUX;24323232
RUE;Rue Georges Le Sant;GEORGES LE SANT;SANT;24272665
RUE;Rue Georges Mandel;GEORGES MANDEL;MANDEL;24063043
RUE;Rue Georges Mareschal;GEORGES MARESCHAL;MARESCHAL;24210505
RUE;Rue Georges Pompidou;GEORGES POMPIDOU;POMPIDOU;23626303,23626305,435669448,435669449
RUE;Rue Gilles Gahinet;GILLES GAHINET;GAHINET;24048219,24048224
RUE;Rue Gilles Le Rouzo;GILLES LE ROUZO;ROUZO;24061234
RUE;Rue Gobert;GOBERT;GOBERT;24323241
RUE;Rue Guillamet;GUILLAMET;GUILLAMET;27489703,300526883,300526884
RUE;Rue Guillaume Viennet;GUILLAUME VIENNET;VIENNET;24266118,550958452
RUE;Rue Guinier;GUINIER;GUINIER;24264752
RUE;Rue Gustave Charpentier;GUSTAVE CHARPENTIER;CHARPENTIER;24154669,24154670
RUE;Rue Gustave Zédé;GUSTAVE ZEDE;ZEDE;23152402,396993088
RUE;Rue Guy Ropartz;GUY ROPARTZ;ROPARTZ;24168257
RUE;Rue Guégan;GUEGAN;GUEGAN;446915105,552183061
RUE;Rue Général Desaix;GENERAL DESAIX;DESAIX;24063029
RUE;Rue Général Dubail;GENERAL DUBAIL;DUBAIL;40839291
RUE;Rue Général Frébault;GENERAL FREBAULT;FREBAULT;24266132
RUE;Rue Général Joalland;GENERAL JOALLAND;JOALLAND;24264746,24266133
RUE;Rue Gérard;GERARD;GERARD;24272719
RUE;Rue Hebert;HEBERT;HEBERT;24156552
RUE;Rue Hector Berlioz;HECTOR BERLIOZ;BERLIOZ;24062990,24154647,260854910,260854912,260855023,562597293,562597294
RUE;Rue Henri Andrieu;HENRI ANDRIEU;ANDRIEU;24050234
RUE;Rue Henri Dunant;HENRI DUNANT;DUNANT;24247343
RUE;Rue Henri Edmond Ducassou;HENRI EDMOND DUCASSOU;DUCASSOU;24168248,561736006
RUE;Rue Henri Estier;HENRI ESTIER;ESTIER;24273762
RUE;Rue Henri Honoré d'Estienne d'Orves;HENRI HONORE D ESTIENNE D ORVES;ORVES;168976887,662855191,662856592
RUE;Rue Henri Nogueres;HENRI NOGUERES;NOGUERES;24154651
RUE;Rue Henri Pustoch;HENRI PUSTOCH;PUSTOCH;24235909,24235913
RUE;Rue Henri Rolland;HENRI ROLLAND;ROLLAND;24064871,24064873
RUE;Rue Henri Sellier;HENRI SELLIER;SELLIER;24323222
RUE;Rue Hyacinthe Glotin;HYACINTHE GLOTIN;GLOTIN;24050262
RUE;Rue Hélène Boucher;HELENE BOUCHER;BOUCHER;24063038
RUE;Rue Ingénieur Général Gauch;INGENIEUR GENERAL GAUCH;GAUCH;24272673,467567722
RUE;Rue Ingénieur Général R. Winter;INGENIEUR GENERAL R  WINTER;WINTER;24048210,24048215,24048216
RUE;Rue Ingénieur Lauboeuf;INGENIEUR LAUBOEUF;LAUBOEUF;24272684
RUE;Rue Ingénieur Romazotti;INGENIEUR ROMAZOTTI;ROMAZOTTI;24273769
RUE;Rue Ingénieur Stos Skopf;INGENIEUR STOS SKOPF;SKOPF;24273740
RUE;Rue Ingénieur Verrière;INGENIEUR VERRIERE;VERRIERE;24273755,48773016
RUE;Rue Irène Joliot Curie;IRENE JOLIOT CURIE;CURIE;24247370
RUE;Rue J. Tack;J  TACK;TACK;24056790
RUE;Rue Jacques Bonsergent;JACQUES BONSERGENT;BONSERGENT;24248993
RUE;Rue Jacques Brel;JACQUES BREL;BREL;24065206
RUE;Rue Jacques Prado;JACQUES PRADO;PRADO;24235898
RUE;Rue Jakez Riou;JAKEZ RIOU;RIOU;24272661
RUE;Rue Jean Baco;JEAN BACO;BACO;24061220
RUE;Rue Jean Branchoux;JEAN BRANCHOUX;BRANCHOUX;24247362
RUE;Rue Jean Cavaillès;JEAN CAVAILLES;CAVAILLES;24062983,562597328,562597329
RUE;Rue Jean Coquelin;JEAN COQUELIN;COQUELIN;24264720,322324275
RUE;Rue Jean Core;JEAN CORE;CORE;24063003
RUE;Rue Jean Cras;JEAN CRAS;CRAS;24154649
RUE;Rue Jean Feuillet;JEAN FEUILLET;FEUILLET;24061236
RUE;Rue Jean François Le Gouidec;JEAN FRANCOIS LE GOUIDEC;GOUIDEC;24272655
RUE;Rue Jean Gosset;JEAN GOSSET;GOSSET;24062982
RUE;Rue Jean Hemon;JEAN HEMON;HEMON;24063000
RUE;Rue Jean Jasques Bouestard;JEAN JASQUES BOUESTARD;BOUESTARD;320321530
RUE;Rue Jean Lagarde;JEAN LAGARDE;LAGARDE;24050235
RUE;Rue Jean Le Capitaine;JEAN LE CAPITAINE;CAPITAINE;23152454,24210520
RUE;Rue Jean Le Coutaller;JEAN LE COUTALLER;COUTALLER;24249000
RUE;Rue Jean Lender;JEAN LENDER;LENDER;24266123
RUE;Rue Jean Marat;JEAN MARAT;MARAT;23233050
RUE;Rue Jean Monnet;JEAN MONNET;MONNET;24215073,486372967
RUE;Rue Jean Moulin;JEAN MOULIN;MOULIN;24272720,554118421
RUE;Rue Jean Penquer;JEAN PENQUER;PENQUER;24061217
RUE;Rue Jean Purchot;JEAN PURCHOT;PURCHOT;24248994
RUE;Rue Jean Stephant;JEAN STEPHANT;STEPHANT;24156525,286282662,286282688,286282689
RUE;Rue Jean Zay;JEAN ZAY;ZAY;24215068
RUE;Rue Jean-Baptiste Clément;JEAN BAPTISTE CLEMENT;CLEMENT;24272721
RUE;Rue Jean-Denis Lanjuinais;JEAN DENIS LANJUINAIS;LANJUINAIS;24211475
RUE;Rue Jean-Marie Le Guiff;JEAN MARIE LE GUIFF;GUIFF;24210521
RUE;Rue Jean-Marie Toulliou;JEAN MARIE TOULLIOU;TOULLIOU;24168258,561736007
RUE;Rue Jeanne Sylvie Mallès de Beaulieu;JEANNE SYLVIE MALLES DE BEAULIEU;BEAULIEU;321895611
RUE;Rue Jeanne d'Arc;JEANNE D ARC;ARC;24264743
RUE;Rue Jef le Penven;JEF LE PENVEN;PENVEN;259542772
RUE;Rue Jenner;JENNER;JENNER;24247348,180259335
RUE;Rue Joseph Bara;JOSEPH BARA;BARA;24211478
RUE;Rue Joseph Brisset;JOSEPH BRISSET;BRISSET;24247358
RUE;Rue Joseph Hénaff;JOSEPH HENAFF;HENAFF;23233077,24211965,24272644
RUE;Rue Joseph Le Blanc;JOSEPH LE BLANC;BLANC;24207048
RUE;Rue Joseph Le Nadan;JOSEPH LE NADAN;NADAN;24056783
RUE;Rue Joseph Rollo;JOSEPH ROLLO;ROLLO;24367802
RUE;Rue Joseph Roulle;JOSEPH ROULLE;ROULLE;485513636
RUE;Rue Joseph Talvas;JOSEPH TALVAS;TALVAS;24266130
RUE;Rue Joël Le Vaguerès;JOEL LE VAGUERES;VAGUERES;24264725
RUE;Rue Jubier;JUBIER;JUBIER;24207026
RUE;Rue Jude Blankaert;JUDE BLANKAERT;BLANKAERT;23152416
RUE;Rue Jules Guesde;JULES GUESDE;GUESDE;24323216
RUE;Rue Jules Le Flohic;JULES LE FLOHIC;FLOHIC;24063001,562597311
RUE;Rue Jules Massenet;JULES MASSENET;MASSENET;24154655,24154656
RUE;Rue Jules Simon;JULES SIMON;SIMON;24156553
RUE;Rue Jules Vallès;JULES VALLES;VALLES;320094543
RUE;Rue Jules Vedrines;JULES VEDRINES;VEDRINES;24210503
RUE;Rue Jules Verne;JULES VERNE;VERNE;24248996
RUE;Rue Jules le Grand;JULES LE GRAND;GRAND;24020076,661051862
RUE;Rue Julien Fichoux;JULIEN FICHOUX;FICHOUX;24063013
RUE;Rue Julien Grimau;JULIEN GRIMAU;GRIMAU;28655947
RUE;Rue Julien Le Pan;JULIEN LE PAN;PAN;24062997
RUE;Rue Julien Quere;JULIEN QUERE;QUERE;24273753
RUE;Rue Lafayette;LAFAYETTE;LAFAYETTE;24264741
RUE;Rue Lazare Carnot;LAZARE CARNOT;CARNOT;24050219,24050229,324704740,324704741,662884124
RUE;Rue Le Coat Saint-Haouen;LE COAT SAINT HAOUEN;HAOUEN;24272640,662886388
RUE;Rue Le Mentec;LE MENTEC;MENTEC;24168274
RUE;Rue Lieutenant de Vaisseau Beaumont;LIEUTENANT DE VAISSEAU BEAUMONT;BEAUMONT;24061225,24061226,24061227,24061228,562597307,562597308
RUE;Rue Linant de Bellefonds;LINANT DE BELLEFONDS;BELLEFONDS;24266110
RUE;Rue Lizé;LIZE;LIZE;24156565
RUE;Rue Louis Blanqui;LOUIS BLANQUI;BLANQUI;24367778
RUE;Rue Louis Braille;LOUIS BRAILLE;BRAILLE;24168271,559535861,559535863
RUE;Rue Louis Brue;LOUIS BRUE;BRUE;24064875
RUE;Rue Louis Chaumeil;LOUIS CHAUMEIL;CHAUMEIL;24064872
RUE;Rue Louis Coroller du Moustoir;LOUIS COROLLER DU MOUSTOIR;MOUSTOIR;24211381
RUE;Rue Louis Cren;LOUIS CREN;CREN;24264727
RUE;Rue Louis Guiguen;LOUIS GUIGUEN;GUIGUEN;181990491
RUE;Rue Louis Guilloux;LOUIS GUILLOUX;GUILLOUX;24266135
RUE;Rue Louis Le Meur;LOUIS LE MEUR;MEUR;24168259
RUE;Rue Louis Le Pitre;LOUIS LE PITRE;PITRE;24168255
RUE;Rue Louis Le Pontois;LOUIS LE PONTOIS;PONTOIS;318127476
RUE;Rue Louis Primel;LOUIS PRIMEL;PRIMEL;24063041,640126742
RUE;Rue Louis Roche;LOUIS ROCHE;ROCHE;24156568
RUE;Rue Louis Saint-Just;LOUIS SAINT JUST;JUST;24211372
RUE;Rue Louise Michel;LOUISE MICHEL;MICHEL;320094544
RUE;Rue Ludovic Jego;LUDOVIC JEGO;JEGO;24273752
RUE;Rue Léo Delibes;LEO DELIBES;DELIBES;24154674
RUE;Rue Léo Lagrange;LEO LAGRANGE;LAGRANGE;24154650
RUE;Rue Léo Le Bourgo;LEO LE BOURGO;BOURGO;173796530
RUE;Rue Léon Jouhaux;LEON JOUHAUX;JOUHAUX;169473393
RUE;Rue Léon Offrete;LEON OFFRETE;OFFRETE;24063005
RUE;Rue Madame de Sévigné;MADAME DE SEVIGNE;SEVIGNE;24156555
RUE;Rue Madeleine Desroseaux;MADELEINE DESROSEAUX;DESROSEAUX;24050246
RUE;Rue Mail Martyrs de Soweto;MAIL MARTYRS DE SOWETO;SOWETO;24215074
RUE;Rue Maitre Esvelin;MAITRE ESVELIN;ESVELIN;24050218,460608616,554211480
RUE;Rue Mancel;MANCEL;MANCEL;24168260,24168262,226067587
RUE;Rue Manon Rolland;MANON ROLLAND;ROLLAND;486372968
RUE;Rue Marc Pourpe;MARC POURPE;POURPE;24367785
RUE;Rue Marc Sangnier;MARC SANGNIER;SANGNIER;24248991
RUE;Rue Marcel Le Baron;MARCEL LE BARON;BARON;24272715,554118425
RUE;Rue Marcel Sembat;MARCEL SEMBAT;SEMBAT;24247342
RUE;Rue Marcelin Berthelot;MARCELIN BERTHELOT;BERTHELOT;24156522
RUE;Rue Marguerite Duras;MARGUERITE DURAS;DURAS;318125707,318125710
RUE;Rue Marie Dorval;MARIE DORVAL;DORVAL;24367830,173796525,173796532
RUE;Rue Marie Laurencin;MARIE LAURENCIN;LAURENCIN;234862570,330141195
RUE;Rue Marie Le Franc;MARIE LE FRANC;FRANC;24061244
RUE;Rue Marie-Jeanne Le Bozec;MARIE JEANNE LE BOZEC;BOZEC;320084016
RUE;Rue Marie-Léontine Bordes-Pène;MARIE LEONTINE BORDES PENE;PENE;364521704
RUE;Rue Mary Marquet;MARY MARQUET;MARQUET;23232959
RUE;Rue Maréchal Foch;MARECHAL FOCH;FOCH;24323228
RUE;Rue Mathurin Le Gal;MATHURIN LE GAL;GAL;24207025
RUE;Rue Maurice Bigot;MAURICE BIGOT;BIGOT;24156567
RUE;Rue Maurice Dagau;MAURICE DAGAU;DAGAU;23232913
RUE;Rue Maurice Le Léon;MAURICE LE LEON;LEON;24273759
RUE;Rue Maurice Thorez;MAURICE THOREZ;THOREZ;24272654,48772995,237040832
RUE;Rue Mermoz;MERMOZ;MERMOZ;23232897
RUE;Rue Michel Bouquet;MICHEL BOUQUET;BOUQUET;24050255
RUE;Rue Moise Le Bihan;MOISE LE BIHAN;BIHAN;24272703
RUE;Rue Monseigneur Duparc;MONSEIGNEUR DUPARC;DUPARC;180716643
RUE;Rue Monseigneur Roméro;MONSEIGNEUR ROMERO;ROMERO;266188265
RUE;Rue Montgolfier;MONTGOLFIER;MONTGOLFIER;23232898
RUE;Rue Morvan Lebesque;MORVAN LEBESQUE;LEBESQUE;24272643
RUE;Rue Mozart;MOZART;MOZART;48747250,260854917
RUE;Rue Médecin Capitaine Marlette;MEDECIN CAPITAINE MARLETTE;MARLETTE;24272717
RUE;Rue Métayer;METAYER;METAYER;24168276
RUE;Rue Nadia Boulanger;NADIA BOULANGER;BOULANGER;234862572
RUE;Rue Neil Agget;NEIL AGGET;AGGET;24247366
RUE;Rue Nelson Mandela;NELSON MANDELA;MANDELA;24247364
RUE;Rue Nicolas Appert;NICOLAS APPERT;APPERT;24215075
RUE;Rue Noallen;NOALLEN;NOALLEN;24156558
RUE;Rue Olympe de Gouges;OLYMPE DE GOUGES;GOUGES;260854920
RUE;Rue Parmentier;PARMENTIER;PARMENTIER;24272683
RUE;Rue Pasteur;PASTEUR;PASTEUR;24367831
RUE;Rue Paul Ballet;PAUL BALLET;BALLET;161887822
RUE;Rue Paul Bert;PAUL BERT;BERT;174373241,174373242,512144386
RUE;Rue Paul Bertho;PAUL BERTHO;BERTHO;24207023
RUE;Rue Paul François;PAUL FRANCOIS;FRANCOIS;24272680,396624156
RUE;Rue Paul Féval;PAUL FEVAL;FEVAL;23233066,24235890
RUE;Rue Paul Février;PAUL FEVRIER;FEVRIER;24272965
RUE;Rue Paul Guieysse;PAUL GUIEYSSE;GUIEYSSE;23805426,116506168,562499209
RUE;Rue Paul Le Flem;PAUL LE FLEM;FLEM;24061223
RUE;Rue Paul Lopin;PAUL LOPIN;LOPIN;23152245,467567711,467567713
RUE;Rue Paul Vaillant Couturier;PAUL VAILLANT COUTURIER;COUTURIER;24062995,24062998
RUE;Rue Per-Jakez Helias;PER JAKEZ HELIAS;HELIAS;24273745,550958443
RUE;Rue Philippe Vannier;PHILIPPE VANNIER;VANNIER;24266136
RUE;Rue Pierre Bouligand;PIERRE BOULIGAND;BOULIGAND;24156528
RUE;Rue Pierre Brossolette;PIERRE BROSSOLETTE;BROSSOLETTE;24247352
RUE;Rue Pierre Costard;PIERRE COSTARD;COSTARD;24156549,24156550,24156551,48747244,562333819,590839813
RUE;Rue Pierre Degeyter;PIERRE DEGEYTER;DEGEYTER;23232934
RUE;Rue Pierre Guergadic;PIERRE GUERGADIC;GUERGADIC;459849080
RUE;Rue Pierre Huet;PIERRE HUET;HUET;24168250
RUE;Rue Pierre Le Breton;PIERRE LE BRETON;BRETON;24156524
RUE;Rue Pierre Loti;PIERRE LOTI;LOTI;24248999
RUE;Rue Pierre Mael;PIERRE MAEL;MAEL;24367786,486770256
RUE;Rue Pierre Maitre;PIERRE MAITRE;MAITRE;23232954
RUE;Rue Pierre Philippe;PIERRE PHILIPPE;PHILIPPE;24063018,637624393
RUE;Rue Pierre Semard;PIERRE SEMARD;SEMARD;24061242,485513637
RUE;Rue Pierre et Marie Curie;PIERRE ET MARIE CURIE;CURIE;24207046
RUE;Rue Plonquet;PLONQUET;PLONQUET;24207038
RUE;Rue Poissonnière;POISSONNIERE;POISSONNIERE;24367826,393244083,393244084,661051864
RUE;Rue Professeur Langevin;PROFESSEUR LANGEVIN;LANGEVIN;24207043
RUE;Rue Professeur Maze;PROFESSEUR MAZE;MAZE;24249002
RUE;Rue Professeur Mazois;PROFESSEUR MAZOIS;MAZOIS;24248989
RUE;Rue Professeur Pierre Lépine;PROFESSEUR PIERRE LEPINE;LEPINE;24272649,24272651
RUE;Rue Prosper Gicquel;PROSPER GICQUEL;GICQUEL;24266112
RUE;Rue Raon l'Etape;RAON L ETAPE;ETAPE;23233008
RUE;Rue Ratier;RATIER;RATIER;24264724
RUE;Rue Raymond Aron;RAYMOND ARON;ARON;24235892
RUE;Rue Raymond Herve;RAYMOND HERVE;HERVE;24063006
RUE;Rue Raymond Pitet;RAYMOND PITET;PITET;24050259
RUE;Rue Raymond Quero;RAYMOND QUERO;QUERO;24061233
RUE;Rue Raymond Rallier du Baty;RAYMOND RALLIER DU BATY;BATY;168983519
RUE;Rue René Caille;RENE CAILLE;CAILLE;24266098,24266099,24266100
RUE;Rue René Cassin;RENE CASSIN;CASSIN;23152474
RUE;Rue René Lote;RENE LOTE;LOTE;24056792,262344444
RUE;Rue René Morin;RENE MORIN;MORIN;24056796
RUE;Rue René Tayon;RENE TAYON;TAYON;24273758,168984496
RUE;Rue René Yves Creston;RENE YVES CRESTON;CRESTON;23152276
RUE;Rue René de Chateaubriand;RENE DE CHATEAUBRIAND;CHATEAUBRIAND;24207042
RUE;Rue René de Kerviler;RENE DE KERVILER;KERVILER;24323217,558121367,558121368,558121369
RUE;Rue Renée Conan;RENEE CONAN;CONAN;161887826
RUE;Rue Robelin;ROBELIN;ROBELIN;24264719
RUE;Rue Robert Caignan;ROBERT CAIGNAN;CAIGNAN;24210519
RUE;Rue Robert Gallou;ROBERT GALLOU;GALLOU;24247368
RUE;Rue Robert Le Beller;ROBERT LE BELLER;BELLER;168984627
RUE;Rue Robert Roussillat;ROBERT ROUSSILLAT;ROUSSILLAT;24061218
RUE;Rue Robert Schumann;ROBERT SCHUMANN;SCHUMANN;24061231
RUE;Rue Robert de la Croix;ROBERT DE LA CROIX;CROIX;23152466
RUE;Rue Rochambeau;ROCHAMBEAU;ROCHAMBEAU;24323229
RUE;Rue Rodin;RODIN;RODIN;24247347,73545771,300579304
RUE;Rue Roger Le Bloa;ROGER LE BLOA;BLOA;24168264,24168265
RUE;Rue Roger Piraud;ROGER PIRAUD;PIRAUD;24235914
RUE;Rue Roger Salengro;ROGER SALENGRO;SALENGRO;24063020
RUE;Rue Roger de Vitton;ROGER DE VITTON;VITTON;24062986
RUE;Rue Roland Garros;ROLAND GARROS;GARROS;28655943
RUE;Rue Roosevelt;ROOSEVELT;ROOSEVELT;24273741,24273742
RUE;Rue Saint-Antoine;SAINT ANTOINE;ANTOINE;24168277
RUE;Rue Saint-Clément;SAINT CLEMENT;CLEMENT;24168247
RUE;Rue Saint-Exupéry;SAINT EXUPERY;EXUPERY;13253889,24210506
RUE;Rue Saint-Joseph;SAINT JOSEPH;JOSEPH;24168249
RUE;Rue Saint-Michel;SAINT MICHEL;MICHEL;24168242,562499176
RUE;Rue Sainte-Anne d'Arvor;SAINTE ANNE D ARVOR;ARVOR;24050257
RUE;Rue Sainte-Catherine;SAINTE CATHERINE;CATHERINE;24156569
RUE;Rue Santos Dumont;SANTOS DUMONT;DUMONT;23232920
RUE;Rue Sarah Bernhardt;SARAH BERNHARDT;BERNHARDT;173783198
RUE;Rue Simone Signoret;SIMONE SIGNORET;SIGNORET;24064879,24064880,573722644
RUE;Rue Sous-Marin Venus;SOUS MARIN VENUS;VENUS;24273771,662856589
RUE;Rue Surcouf;SURCOUF;SURCOUF;24156539,24156540
RUE;Rue Sébastien Le Balp;SEBASTIEN LE BALP;BALP;24063012,24063014
RUE;Rue Théodore Botrel;THEODORE BOTREL;BOTREL;24272698
RUE;Rue Théophile Kerlir;THEOPHILE KERLIR;KERLIR;24063007
RUE;Rue Théophile la Tour d'Auvergne;THEOPHILE LA TOUR D AUVERGNE;AUVERGNE;24211383
RUE;Rue Toussaint Louverture;TOUSSAINT LOUVERTURE;LOUVERTURE;23152495
RUE;Rue Traverse;TRAVERSE;TRAVERSE;24264721
RUE;Rue Trentinian;TRENTINIAN;TRENTINIAN;24272666,24272668,550321846
RUE;Rue Turenne;TURENNE;TURENNE;24367811
RUE;Rue Van Gogh;VAN GOGH;GOGH;23233074
RUE;Rue Vauban;VAUBAN;VAUBAN;24367807
RUE;Rue Victor Basch;VICTOR BASCH;BASCH;466938972
RUE;Rue Victor Hugo;VICTOR HUGO;HUGO;24050230,485542791
RUE;Rue Victor Massé;VICTOR MASSE;MASSE;24367795,563575485
RUE;Rue Victor Schoelcher;VICTOR SCHOELCHER;SCHOELCHER;24272955,24272956
RUE;Rue Villaret de Joyeuse;VILLARET DE JOYEUSE;JOYEUSE;24156541,24156542,24156543,24156544
RUE;Rue Voltaire;VOLTAIRE;VOLTAIRE;24050221,485542793
RUE;Rue Waldeck Rousseau;WALDECK ROUSSEAU;ROUSSEAU;24367779,558121371
RUE;Rue Xavier Allainguillaume;XAVIER ALLAINGUILLAUME;ALLAINGUILLAUME;24235888,24235889,318579203,318579204
RUE;Rue Xavier de Langlais;XAVIER DE LANGLAIS;LANGLAIS;40839293,173786164
RUE;Rue d'Annaba;D ANNABA;ANNABA;24215076
RUE;Rue de Belgique;DE BELGIQUE;BELGIQUE;23699275,23805425,24063662,286282664,286282666,286282668
RUE;Rue de Bellitourne;DE BELLITOURNE;BELLITOURNE;24210529
RUE;Rue de Calvin;DE CALVIN;CALVIN;24168252
RUE;Rue de Carnel;DE CARNEL;CARNEL;23627651,24050238,24050239,465726421
RUE;Rue de Chandernagor;DE CHANDERNAGOR;CHANDERNAGOR;24266107
RUE;Rue de Clisson;DE CLISSON;CLISSON;24367804
RUE;Rue de Condorcet;DE CONDORCET;CONDORCET;413128357
RUE;Rue de Finlande;DE FINLANDE;FINLANDE;24266113
RUE;Rue de Galway;DE GALWAY;GALWAY;486372969,552001410
RUE;Rue de Guémené;DE GUEMENE;GUEMENE;24367835
RUE;Rue de Kerdual;DE KERDUAL;KERDUAL;24156519
RUE;Rue de Kerfichant;DE KERFICHANT;KERFICHANT;23152481,23152548,23233065,24235884,24235885,260854928,466938993
RUE;Rue de Kerfontaniou;DE KERFONTANIOU;KERFONTANIOU;24264738
RUE;Rue de Kerforn;DE KERFORN;KERFORN;23233047,260854930
RUE;Rue de Kerguelen;DE KERGUELEN;KERGUELEN;485684857
RUE;Rue de Kerguestenen;DE KERGUESTENEN;KERGUESTENEN;23233017,260854922,260854926
RUE;Rue de Kerguillette;DE KERGUILLETTE;KERGUILLETTE;24061221,662642357
RUE;Rue de Kerjulaude;DE KERJULAUDE;KERJULAUDE;23152349,24235880,24235881,48747268,663522462,663522463
RUE;Rue de Kerlin;DE KERLIN;KERLIN;24247353,51426792,51426793
RUE;Rue de Kerlouano;DE KERLOUANO;KERLOUANO;23232785
RUE;Rue de Kerléro;DE KERLERO;KERLERO;320098210
RUE;Rue de Kermelo;DE KERMELO;KERMELO;24272704
RUE;Rue de Kerolay;DE KEROLAY;KEROLAY;24266089
RUE;Rue de Keroman;DE KEROMAN;KEROMAN;24266120
RUE;Rue de Kerpape;DE KERPAPE;KERPAPE;24272677
RUE;Rue de Kersabiec;DE KERSABIEC;KERSABIEC;24062999
RUE;Rue de Kersaint;DE KERSAINT;KERSAINT;24272978
RUE;Rue de Kerulve;DE KERULVE;KERULVE;24063008,48749216,562499172
RUE;Rue de Kerulvé;DE KERULVE;KERULVE;562018971
RUE;Rue de Kervaric;DE KERVARIC;KERVARIC;23152341,24215071
RUE;Rue de Kervénanec;DE KERVENANEC;KERVENANEC;24272726,24408973,51426789,467497043
RUE;Rue de Keryado;DE KERYADO;KERYADO;463662381
RUE;Rue de Keryvaland;DE KERYVALAND;KERYVALAND;24264726
RUE;Rue de Lamennais;DE LAMENNAIS;LAMENNAIS;24207035
RUE;Rue de Langlade;DE LANGLADE;LANGLADE;24272700
RUE;Rue de Lanveur;DE LANVEUR;LANVEUR;23152407,24215067,300506025,300506026
RUE;Rue de Larmor;DE LARMOR;LARMOR;24264723,42255408,42255412,465181643
RUE;Rue de Liège;DE LIEGE;LIEGE;24367818,318417421
RUE;Rue de Londres;DE LONDRES;LONDRES;24266121
RUE;Rue de Ludwigshafen;DE LUDWIGSHAFEN;LUDWIGSHAFEN;24215072,552183078
RUE;Rue de Luzancay;DE LUZANCAY;LUZANCAY;24323236
RUE;Rue de Madagascar;DE MADAGASCAR;MADAGASCAR;24266095
RUE;Rue de Mauclerc;DE MAUCLERC;MAUCLERC;24323231
RUE;Rue de Melun;DE MELUN;MELUN;24323214,24323219
RUE;Rue de Merville;DE MERVILLE;MERVILLE;24235878,465726420,465726423
RUE;Rue de Metz;DE METZ;METZ;24050242
RUE;Rue de Monistrol;DE MONISTROL;MONISTROL;23944486,23944489,23944490,23944492,28655945,28655951,28661302,28661303,322336395,322336401,322336406,322336412,465181647,465181661,467497040
RUE;Rue de Penher Le Brech;DE PENHER LE BRECH;BRECH;24064881,562499160
RUE;Rue de Ploemeur;DE PLOEMEUR;PLOEMEUR;23152365
RUE;Rue de Pondichery;DE PONDICHERY;PONDICHERY;24266106
RUE;Rue de Pont Carré;DE PONT CARRE;CARRE;24367828,174373238,174373239
RUE;Rue de Prague;DE PRAGUE;PRAGUE;24266114
RUE;Rue de Pressensé;DE PRESSENSE;PRESSENSE;24207045
RUE;Rue de Quehellio;DE QUEHELLIO;QUEHELLIO;24272679,24272689
RUE;Rue de Rolland Garros;DE ROLLAND GARROS;GARROS;24272681,24272682,396624157
RUE;Rue de Saint-Armel;DE SAINT ARMEL;ARMEL;24062994,24063025,24063026,182837022,260854933,260854953,260854976,260855012,562333813,562597295,562597335,590839822,590840064
RUE;Rue de Saint-Domingue;DE SAINT DOMINGUE;DOMINGUE;24207037
RUE;Rue de Saint-Marcel;DE SAINT MARCEL;MARCEL;24235910,24235911,51426794
RUE;Rue de Saint-Maude;DE SAINT MAUDE;MAUDE;24215064
RUE;Rue de Saint-Maudé;DE SAINT MAUDE;MAUDE;24272646
RUE;Rue de Saint-Pierre;DE SAINT PIERRE;PIERRE;24323230
RUE;Rue de Seignelay;DE SEIGNELAY;SEIGNELAY;24048207
RUE;Rue de Siam;DE SIAM;SIAM;24266091
RUE;Rue de Strasbourg;DE STRASBOURG;STRASBOURG;24050243
RUE;Rue de Suffren;DE SUFFREN;SUFFREN;23233063
RUE;Rue de Tombouctou;DE TOMBOUCTOU;TOMBOUCTOU;24266101
RUE;Rue de Tourville;DE TOURVILLE;TOURVILLE;24156559
RUE;Rue de Trefaven;DE TREFAVEN;TREFAVEN;24156534
RUE;Rue de Varsovie;DE VARSOVIE;VARSOVIE;24266124
RUE;Rue de Ventspils;DE VENTSPILS;VENTSPILS;486372970,486372971
RUE;Rue de Verdun;DE VERDUN;VERDUN;24207029
RUE;Rue de Vigo;DE VIGO;VIGO;24272648
RUE;Rue de Wirral;DE WIRRAL;WIRRAL;486372973
RUE;Rue de l'Aquilon;DE L AQUILON;AQUILON;283609408
RUE;Rue de l'Assemblée Nationale;DE L ASSEMBLEE NATIONALE;NATIONALE;24367798,563575484
RUE;Rue de l'Atalante;DE L ATALANTE;ATALANTE;136113208
RUE;Rue de l'Aviateur Joseph Le Brix;DE L AVIATEUR JOSEPH LE BRIX;BRIX;24248995
RUE;Rue de l'Embellie;DE L EMBELLIE;EMBELLIE;23152366,24210526,24210527,24210528
RUE;Rue de l'Enclos du Port;DE L ENCLOS DU PORT;PORT;24020072
RUE;Rue de l'Entente Cordiale;DE L ENTENTE CORDIALE;CORDIALE;24235897
RUE;Rue de l'Industrie;DE L INDUSTRIE;INDUSTRIE;24273748
RUE;Rue de l'Orangerie;DE L ORANGERIE;ORANGERIE;24247372
RUE;Rue de l'École;DE L ECOLE;ECOLE;24168281,435097422,435097423
RUE;Rue de l'Église;DE L EGLISE;EGLISE;24264733
RUE;Rue de l'Étang;DE L ETANG;ETANG;169008829,169008830
RUE;Rue de la Belle Source;DE LA BELLE SOURCE;SOURCE;23152491
RUE;Rue de la Belle-Fontaine;DE LA BELLE FONTAINE;FONTAINE;24050266
RUE;Rue de la Bourdonnais;DE LA BOURDONNAIS;BOURDONNAIS;24050244
RUE;Rue de la Cale Ory;DE LA CALE ORY;ORY;24367829,389304939
RUE;Rue de la Cardonnière;DE LA CARDONNIERE;CARDONNIERE;209972947
RUE;Rue de la Chartreuse;DE LA CHARTREUSE;CHARTREUSE;23152409,24210504
RUE;Rue de la Corderie;DE LA CORDERIE;CORDERIE;24323238
RUE;Rue de la Côte d'Alger;DE LA COTE D ALGER;ALGER;24207021
RUE;Rue de la Douve;DE LA DOUVE;DOUVE;24020073
RUE;Rue de la Fontaine des Anglais;DE LA FONTAINE DES ANGLAIS;ANGLAIS;24272699
RUE;Rue de la Galissonnière;DE LA GALISSONNIERE;GALISSONNIERE;24272972,485542794
RUE;Rue de la Louisiane;DE LA LOUISIANE;LOUISIANE;24266115
RUE;Rue de la Mettrie;DE LA METTRIE;METTRIE;24323218
RUE;Rue de la Paix;DE LA PAIX;PAIX;24264731
RUE;Rue de la Patrie;DE LA PATRIE;PATRIE;24367815,318417420,318417422,551981995,551981996
RUE;Rue de la Perouse;DE LA PEROUSE;PEROUSE;24323239
RUE;Rue de la Poterie;DE LA POTERIE;POTERIE;24207047
RUE;Rue de la Réunion;DE LA REUNION;REUNION;24266116
RUE;Rue de la Salicorne;DE LA SALICORNE;SALICORNE;23152503,23232831
RUE;Rue de la Salspareille;DE LA SALSPAREILLE;SALSPAREILLE;24210531
RUE;Rue de la Ville en Bois;DE LA VILLE EN BOIS;BOIS;24207044
RUE;Rue de la Villeneuve;DE LA VILLENEUVE;VILLENEUVE;24235900,24235901,24235902,42255292,145954008,466938996
RUE;Rue de la Voute;DE LA VOUTE;VOUTE;24168266
RUE;Rue des 2 Frères Le Lay;DES 2 FRERES LE LAY;LAY;396624163
RUE;Rue des 3 Frères Busson;DES 3 FRERES BUSSON;BUSSON;321528059
RUE;Rue des Algues;DES ALGUES;ALGUES;24272982
RUE;Rue des Alliés;DES ALLIES;ALLIES;24264729
RUE;Rue des Alouettes;DES ALOUETTES;ALOUETTES;24272983
RUE;Rue des Antilles;DES ANTILLES;ANTILLES;24266097
RUE;Rue des Bigors;DES BIGORS;BIGORS;24266109
RUE;Rue des Bosquets;DES BOSQUETS;BOSQUETS;24063046
RUE;Rue des Bouvreuils;DES BOUVREUILS;BOUVREUILS;24272724
RUE;Rue des Castors;DES CASTORS;CASTORS;24063045
RUE;Rue des Châtaigniers;DES CHATAIGNIERS;CHATAIGNIERS;23233078
RUE;Rue des Chênes;DES CHENES;CHENES;24272660
RUE;Rue des Cottages;DES COTTAGES;COTTAGES;24272685
RUE;Rue des Cygnes;DES CYGNES;CYGNES;24272984
RUE;Rue des Deux Frères;DES DEUX FRERES;FRERES;24063021
RUE;Rue des Droits de l'Homme;DES DROITS DE L HOMME;HOMME;24063036
RUE;Rue des Fauvettes;DES FAUVETTES;FAUVETTES;24272986
RUE;Rue des Fontaines;DES FONTAINES;FONTAINES;24367813,512144387
RUE;Rue des Fusillers Marins;DES FUSILLERS MARINS;MARINS;24061239
RUE;Rue des Girondins;DES GIRONDINS;GIRONDINS;23232824
RUE;Rue des Hirondelles;DES HIRONDELLES;HIRONDELLES;24272961
RUE;Rue des Iris;DES IRIS;IRIS;24247363
RUE;Rue des Laboureurs;DES LABOUREURS;LABOUREURS;24168245
RUE;Rue des Lapins;DES LAPINS;LAPINS;24247371
RUE;Rue des Lavoirs;DES LAVOIRS;LAVOIRS;24168246
RUE;Rue des Lilas;DES LILAS;LILAS;24247359
RUE;Rue des Merles;DES MERLES;MERLES;24272968
RUE;Rue des Micocouliers;DES MICOCOULIERS;MICOCOULIERS;24210524,24210525
RUE;Rue des Moineaux;DES MOINEAUX;MOINEAUX;24272953,48773003
RUE;Rue des Montagnards;DES MONTAGNARDS;MONTAGNARDS;23152497
RUE;Rue des Montagnes;DES MONTAGNES;MONTAGNES;24272688,526882678
RUE;Rue des Mouettes;DES MOUETTES;MOUETTES;24272985
RUE;Rue des Mésanges;DES MESANGES;MESANGES;24272962
RUE;Rue des Noyers;DES NOYERS;NOYERS;24264734
RUE;Rue des Ormes;DES ORMES;ORMES;23152469,548571586,548571593
RUE;Rue des Pavillons;DES PAVILLONS;PAVILLONS;24063047
RUE;Rue des Peupliers;DES PEUPLIERS;PEUPLIERS;24248986
RUE;Rue des Pins;DES PINS;PINS;24272981
RUE;Rue des Pinsons;DES PINSONS;PINSONS;24272964
RUE;Rue des Remparts;DES REMPARTS;REMPARTS;24367808
RUE;Rue des Rossignols;DES ROSSIGNOLS;ROSSIGNOLS;24272971
RUE;Rue des Rouges Gorges;DES ROUGES GORGES;GORGES;24272713
RUE;Rue des Tourterelles;DES TOURTERELLES;TOURTERELLES;24272963
RUE;Rue des Travailleurs;DES TRAVAILLEURS;TRAVAILLEURS;24063032
RUE;Rue du 19 Mars 1962;DU 19 MARS 1962;1962;24272663,396993098
RUE;Rue du 62Eme Régiment d'Infanterie;DU 62EME REGIMENT D INFANTERIE;INFANTERIE;24367787
RUE;Rue du 62e R.I.;DU 62E R I;I;24367788
RUE;Rue du Bois du Château;DU BOIS DU CHATEAU;CHATEAU;24154636,24154637,24154638,24154639,260854936,260854939
RUE;Rue du Bout du Monde;DU BOUT DU MONDE;MONDE;24048204,590839804
RUE;Rue du Burtul;DU BURTUL;BURTUL;466938995
RUE;Rue du Cambodge;DU CAMBODGE;CAMBODGE;169154045
RUE;Rue du Capitaine Gardinier;DU CAPITAINE GARDINIER;GARDINIER;24272709,24272718,466938981,466938982
RUE;Rue du Chalutier La Tanche;DU CHALUTIER LA TANCHE;TANCHE;24273764
RUE;Rue du Chalutier Les 2 Anges;DU CHALUTIER LES 2 ANGES;ANGES;24273763
RUE;Rue du Chant des Oiseaux;DU CHANT DES OISEAUX;OISEAUX;24266111
RUE;Rue du Chemin Vert;DU CHEMIN VERT;VERT;24248985
RUE;Rue du Colonel Jean Muller;DU COLONEL JEAN MULLER;MULLER;13253891,13253932,24056795,24063017,24065544,262344442,300552299,300552300,636848683,663146902,664852088,664852090,664852907
RUE;Rue du Commandant L'Herminier;DU COMMANDANT L HERMINIER;HERMINIER;435198226
RUE;Rue du Comte Bernadotte;DU COMTE BERNADOTTE;BERNADOTTE;24048208
RUE;Rue du Couvent;DU COUVENT;COUVENT;24264735
RUE;Rue du Couëdic;DU COUEDIC;COUEDIC;24367803,393244087,393244088
RUE;Rue du Docteur Cotonnec;DU DOCTEUR COTONNEC;COTONNEC;24063034
RUE;Rue du Docteur Dieny;DU DOCTEUR DIENY;DIENY;24272710,466938983
RUE;Rue du Docteur Grosse;DU DOCTEUR GROSSE;GROSSE;23232869,24235899,24235904,466938994,554644676
RUE;Rue du Docteur Lettry;DU DOCTEUR LETTRY;LETTRY;24247355,42255344
RUE;Rue du Docteur Louis Bodelio;DU DOCTEUR LOUIS BODELIO;BODELIO;24323234
RUE;Rue du Docteur Meheux;DU DOCTEUR MEHEUX;MEHEUX;24235891
RUE;Rue du Docteur Rio;DU DOCTEUR RIO;RIO;140396335,467567719
RUE;Rue du Docteur Roux;DU DOCTEUR ROUX;ROUX;24207040
RUE;Rue du Docteur Waquet;DU DOCTEUR WAQUET;WAQUET;24367801
RUE;Rue du Docteur Zamenhof;DU DOCTEUR ZAMENHOF;ZAMENHOF;323507672
RUE;Rue du Général Hoche;DU GENERAL HOCHE;HOCHE;173793704
RUE;Rue du Général de Bollardière;DU GENERAL DE BOLLARDIERE;BOLLARDIERE;23152494
RUE;Rue du Général de Langle de Cary;DU GENERAL DE LANGLE DE CARY;CARY;24367770
RUE;Rue du Général de la Bollardière;DU GENERAL DE LA BOLLARDIERE;BOLLARDIERE;23152305,24211362,260854941,260854943,260854945,664801917,664803627
RUE;Rue du Jeu de Paume;DU JEU DE PAUME;PAUME;69718551
RUE;Rue du Kreisker;DU KREISKER;KREISKER;24272691
RUE;Rue du Lieutenant de Vaisseau Bourely;DU LIEUTENANT DE VAISSEAU BOURELY;BOURELY;168936339
RUE;Rue du Maine;DU MAINE;MAINE;396713417
RUE;Rue du Manio;DU MANIO;MANIO;24168254,37873779,37873780
RUE;Rue du Manège;DU MANEGE;MANEGE;24264751
RUE;Rue du Moulin du Gaillec;DU MOULIN DU GAILLEC;GAILLEC;24210518
RUE;Rue du Moulin du Ter;DU MOULIN DU TER;TER;322341423,466938989
RUE;Rue du Parco;DU PARCO;PARCO;24266126
RUE;Rue du Pasteur Martin Luther King;DU PASTEUR MARTIN LUTHER KING;KING;24154673
RUE;Rue du Petit Batteur;DU PETIT BATTEUR;BATTEUR;24247367,551986550
RUE;Rue du Plateau;DU PLATEAU;PLATEAU;24264722
RUE;Rue du Pleneno;DU PLENENO;PLENENO;23232942
RUE;Rue du Pont du Rhun;DU PONT DU RHUN;RHUN;396624177,503387721
RUE;Rue du Port;DU PORT;PORT;24367825,173783189,563575505,563575508
RUE;Rue du Poulorio;DU POULORIO;POULORIO;24168282
RUE;Rue du Professeur Perrin;DU PROFESSEUR PERRIN;PERRIN;24207039
RUE;Rue du Président Kennedy;DU PRESIDENT KENNEDY;KENNEDY;24062984,260855022,260855026,562597330
RUE;Rue du Rouho;DU ROUHO;ROUHO;24156570
RUE;Rue du Réservoir;DU RESERVOIR;RESERVOIR;24168279
RUE;Rue du Soleil d'Orient;DU SOLEIL D ORIENT;ORIENT;24272973
RUE;Rue du Ter;DU TER;TER;24272967,48773000
RUE;Rue du Tonkin;DU TONKIN;TONKIN;24266090
RUE;Rue du Tour des Portes;DU TOUR DES PORTES;PORTES;24249005
RUE;Rue du Verger;DU VERGER;VERGER;158257297
RUE;Rue du Vieux Carnel;DU VIEUX CARNEL;CARNEL;24050248
RUE;Rue du Village;DU VILLAGE;VILLAGE;24272958,24272959
RUE;Rue du Voilier Kleber;DU VOILIER KLEBER;KLEBER;24272954
RUE;Rue Édouard Labes;EDOUARD LABES;LABES;24248988
RUE;Rue Élise Juguet;ELISE JUGUET;JUGUET;24272707
RUE;Rue Élodie La Villette;ELODIE LA VILLETTE;VILLETTE;24272705
RUE;Rue Émile Audran;EMILE AUDRAN;AUDRAN;24272670
RUE;Rue Émile Baudot;EMILE BAUDOT;BAUDOT;24168272
RUE;Rue Émile Chartier dit Alain;EMILE CHARTIER DIT ALAIN;ALAIN;24063030
RUE;Rue Émile Combes;EMILE COMBES;COMBES;24168268
RUE;Rue Émile Corre;EMILE CORRE;CORRE;24266092
RUE;Rue Émile Jouannic;EMILE JOUANNIC;JOUANNIC;24272657
RUE;Rue Émile Marcesche;EMILE MARCESCHE;MARCESCHE;24048212
RUE;Rue Émile Zola;EMILE ZOLA;ZOLA;24168253
RUE;Rue Émile de Najac;EMILE DE NAJAC;NAJAC;24266128
RUE;Rue Étienne Dolet;ETIENNE DOLET;DOLET;24156557
RUE;Rue Étienne Kerangoarec;ETIENNE KERANGOAREC;KERANGOAREC;24062987
RUE;Rue Étienne Pérault;ETIENNE PERAULT;PERAULT;24050217,550963639,554700409
RUELLE;Ruelle Sainte-Barbe;SAINTE BARBE;BARBE;24168269
RESIDENCE;Résidence Kerilys;KERILYS;KERILYS;561884215
SQUARE;Square Jeanne Roux;JEANNE ROUX;ROUX;485684858
