voie;name;name_norm;last_word_norm;ways
ALLEE;Allée Claude Debussy;CLAUDE DEBUSSY;DEBUSSY;30432805,30432806,30432808,30432809
ALLEE;Allée Clément Ader;CLEMENT ADER;ADER;477039463
ALLEE;Allée Gabriel Voisin;GABRIEL VOISIN;VOISIN;478914284
ALLEE;Allée Général Montagne;GENERAL MONTAGNE;MONTAGNE;46799847
ALLEE;Allée Pablo Picasso;PABLO PICASSO;PICASSO;91754159
ALLEE;Allée des Mimosas;DES MIMOSAS;MIMOSAS;389417629
ALLEE;Allée des Sophoras;DES SOPHORAS;SOPHORAS;91754170
ALLEE;Allée du Carignan;DU CARIGNAN;CARIGNAN;389417630
ALLEE;Allée du Chardonnay;DU CHARDONNAY;CHARDONNAY;389417631
ALLEE;Allée du Cinsault;DU CINSAULT;CINSAULT;389417632
ALLEE;Allée du Grenache;DU GRENACHE;GRENACHE;615295610
ALLEE;Allée du Muscat;DU MUSCAT;MUSCAT;389417634
ALLEE;Allée du Picpoul;DU PICPOUL;PICPOUL;494211637
ALLEE;Allée du Syrah;DU SYRAH;SYRAH;494211635
ALLEE;Allée du Verger;DU VERGER;VERGER;91754116
ANCIEN CHEMIN;Ancien Chemin de Caux;DE CAUX;CAUX;274283031
AVENUE;Avenue Aristide Briand;ARISTIDE BRIAND;BRIAND;389417636
AVENUE;Avenue Camille Guérin;CAMILLE GUERIN;GUERIN;17003072
AVENUE;Avenue Carrion de Nizas;CARRION DE NIZAS;NIZAS;389417637
AVENUE;Avenue Emiles Combes;EMILES COMBES;COMBES;17648487
AVENUE;Avenue François Curée;FRANCOIS CUREE;CUREE;17002691,209569176
AVENUE;Avenue François Hue;FRANCOIS HUE;HUE;17002704
AVENUE;Avenue Gabriel Mazel;GABRIEL MAZEL;MAZEL;17648481,205733709,205733722
AVENUE;Avenue Harold E. Kine;HAROLD E  KINE;KINE;17329568,30411417,30411418
AVENUE;Avenue Jacques Denis Tastavin et Michel Llopis;JACQUES DENIS TASTAVIN ET MICHEL LLOPIS;LLOPIS;17648492
AVENUE;Avenue Louis Montagne;LOUIS MONTAGNE;MONTAGNE;17002708
AVENUE;Avenue Paul Vidal de la Blache;PAUL VIDAL DE LA BLACHE;BLACHE;17648479,17648482,361606903,361606905,361606908
AVENUE;Avenue Yves Brayer;YVES BRAYER;BRAYER;242229139
AVENUE;Avenue de Castelnau;DE CASTELNAU;CASTELNAU;76560048
AVENUE;Avenue de Plaisance;DE PLAISANCE;PLAISANCE;30432799,46789260,46789261,175772983
AVENUE;Avenue de Pézenas;DE PEZENAS;PEZENAS;43267984,93340613,410101772
AVENUE;Avenue de Verdun;DE VERDUN;VERDUN;17002698,17329562
AVENUE;Avenue de la Gare du Midi;DE LA GARE DU MIDI;MIDI;30432704
AVENUE;Avenue de la Grange Rouge;DE LA GRANGE ROUGE;ROUGE;91754095,389417638,389417639
AVENUE;Avenue des Mutins du 17è RI;DES MUTINS DU 17E RI;RI;91754100
AVENUE;Avenue du 11 Novembre;DU 11 NOVEMBRE;NOVEMBRE;159386126
AVENUE;Avenue du 8 Mai 1945;DU 8 MAI 1945;1945;17648483
AVENUE;Avenue du Maréchal Leclerc;DU MARECHAL LECLERC;LECLERC;17002706
AVENUE;Avenue Émile Combes;EMILE COMBES;COMBES;17648488
BOULEVARD;Boulevard Frédéric et Irène Joliot-Curie;FREDERIC ET IRENE JOLIOT CURIE;CURIE;17648477,281415113,281415117,281415119
BOULEVARD;Boulevard Jacques Monod;JACQUES MONOD;MONOD;30432797
BOULEVARD;Boulevard Martin Luther King et Nelson Mandela;MARTIN LUTHER KING ET NELSON MANDELA;MANDELA;44129341,44129344,44139698
BOULEVARD;Boulevard Rhin et Danube;RHIN ET DANUBE;DANUBE;44129335,615295612,615295613,615295614
BOULEVARD;Boulevard Sarrazin;SARRAZIN;SARRAZIN;17002701
BOULEVARD;Boulevard Voltaire;VOLTAIRE;VOLTAIRE;17002718
BOULEVARD;Boulevard de la Nicole;DE LA NICOLE;NICOLE;91754104
BOULEVARD;Boulevard du Docteur Combescure;DU DOCTEUR COMBESCURE;COMBESCURE;17002702
BOULEVARD;Boulevard du Général de Gaulle;DU GENERAL DE GAULLE;GAULLE;43200716,259216377
CARREFOUR;Carrefour Marcel Paul;MARCEL PAUL;PAUL;17648494
CARREFOUR;Carrefour de la Paix;DE LA PAIX;PAIX;159386101
;Cercle de l'Estang;CERCLE DE L ESTANG;ESTANG;214685052
CHEMIN;Chemin Bas de Montagnac;BAS DE MONTAGNAC;MONTAGNAC;247242314
CHEMIN;Chemin Bas des Églises;BAS DES EGLISES;EGLISES;228925929,229092712
CHEMIN;Chemin Haut des Eglises;HAUT DES EGLISES;EGLISES;477345880
CHEMIN;Chemin Mère des Fontaines;MERE DES FONTAINES;FONTAINES;214685061
CHEMIN;Chemin de Castres;DE CASTRES;CASTRES;46802259,209762118,209762120
CHEMIN;Chemin de Chichery;DE CHICHERY;CHICHERY;228926290,553318745
CHEMIN;Chemin de Laval;DE LAVAL;LAVAL;214685049
CHEMIN;Chemin de Plaisance;DE PLAISANCE;PLAISANCE;91754148,214685056,214685065
CHEMIN;Chemin de l'Abattoir;DE L ABATTOIR;ABATTOIR;209762121
CHEMIN;Chemin de l'Amandier;DE L AMANDIER;AMANDIER;214694678
CHEMIN;Chemin de la Balsède;DE LA BALSEDE;BALSEDE;228360868
CHEMIN;Chemin de la Croix de Vias;DE LA CROIX DE VIAS;VIAS;605319595
CHEMIN;Chemin de la Faissine;DE LA FAISSINE;FAISSINE;17648490
CHEMIN;Chemin de la Gourgue;DE LA GOURGUE;GOURGUE;214694681
CHEMIN;Chemin de la Grange de Sallèles;DE LA GRANGE DE SALLELES;SALLELES;367475079
CHEMIN;Chemin des Horts;DES HORTS;HORTS;389417640
CHEMIN;Chemin des Loubatières;DES LOUBATIERES;LOUBATIERES;274282972
CHEMIN;Chemin des Moulins;DES MOULINS;MOULINS;401848189
CHEMIN;Chemin des Moulières;DES MOULIERES;MOULIERES;46802260
CHEMIN;Chemin du Bas Fesc;DU BAS FESC;FESC;209762123
CHEMIN;Chemin du Bois de la Ville;DU BOIS DE LA VILLE;VILLE;389417641
CHEMIN;Chemin du Petit Gendarme;DU PETIT GENDARME;GENDARME;361606910
CHEMIN;Chemin du Petit Larzac;DU PETIT LARZAC;LARZAC;389417642
CHEMIN;Chemin du Pontil de Conas;DU PONTIL DE CONAS;CONAS;389417643
CITE;Cité Bedarrides;BEDARRIDES;BEDARRIDES;91754154
COURS;Cours Jean Jaurès;JEAN JAURES;JAURES;46792230
FAUBOURG;Faubourg Joseph André;JOSEPH ANDRE;ANDRE;46800082
FAUBOURG;Faubourg des Cordeliers;DES CORDELIERS;CORDELIERS;17329599
IMPASSE;Impasse Bertrand de Pézards;BERTRAND DE PEZARDS;PEZARDS;389417644
IMPASSE;Impasse Calquières Hautes;CALQUIERES HAUTES;HAUTES;237844926
IMPASSE;Impasse Canabassière;CANABASSIERE;CANABASSIERE;378373743
IMPASSE;Impasse Didier Daurat;DIDIER DAURAT;DAURAT;389417645
IMPASSE;Impasse Docteur Calmette;DOCTEUR CALMETTE;CALMETTE;91754105
IMPASSE;Impasse Fromagerie Vieille;FROMAGERIE VIEILLE;VIEILLE;389417646
IMPASSE;Impasse Louis Blanc;LOUIS BLANC;BLANC;290059515
IMPASSE;Impasse Pillement;PILLEMENT;PILLEMENT;389417647
IMPASSE;Impasse Simon Ducros;SIMON DUCROS;DUCROS;389417648
IMPASSE;Impasse Tricard;TRICARD;TRICARD;209764121
IMPASSE;Impasse d'Arcole;D ARCOLE;ARCOLE;389417649
IMPASSE;Impasse d'Ovalie;D OVALIE;OVALIE;91754163
IMPASSE;Impasse de l'Ancien Hôpital;DE L ANCIEN HOPITAL;HOPITAL;389417650
IMPASSE;Impasse de l'Hirondelle;DE L HIRONDELLE;HIRONDELLE;209757309
IMPASSE;Impasse de l'Oratoire Cordeau;DE L ORATOIRE CORDEAU;CORDEAU;207151325
IMPASSE;Impasse de l'Étang;DE L ETANG;ETANG;479150947
IMPASSE;Impasse de la Source;DE LA SOURCE;SOURCE;274282977
IMPASSE;Impasse des Cigalous;DES CIGALOUS;CIGALOUS;389398677
IMPASSE;Impasse des Cordeliers;DES CORDELIERS;CORDELIERS;389417651
IMPASSE;Impasse des Loriots;DES LORIOTS;LORIOTS;389417652
IMPASSE;Impasse des Olivettes;DES OLIVETTES;OLIVETTES;91754135
IMPASSE;Impasse des Rosetiles;DES ROSETILES;ROSETILES;389417653
IMPASSE;Impasse des Selliers;DES SELLIERS;SELLIERS;389417654
IMPASSE;Impasse du Carroux;DU CARROUX;CARROUX;91754106
IMPASSE;Impasse du Clastre;DU CLASTRE;CLASTRE;389398678
IMPASSE;Impasse du Cordeau;DU CORDEAU;CORDEAU;209757290
;La Méridienne;LA MERIDIENNE;MERIDIENNE;16945259,16946595,30432698,52046502,93340594,93340618,93340638,93340673,292619020,292619021,292619022,292619023
LOTISSEMENT;Lotissement Le Jardin des Ruffes;LE JARDIN DES RUFFES;RUFFES;91754117,91754122,91754129
MAIL;Mail de Pleguebiaux;DE PLEGUEBIAUX;PLEGUEBIAUX;242229143
PARKING;Parking Boby Lapointe;BOBY LAPOINTE;LAPOINTE;207151328
PASSAGE;Passage Jardins de la Gloriette;JARDINS DE LA GLORIETTE;GLORIETTE;401789976
PASSAGE;Passage des Machous;DES MACHOUS;MACHOUS;242229146
PLACE;Place Auguste Renoir;AUGUSTE RENOIR;RENOIR;91754091
PLACE;Place Bobby Lapointe;BOBBY LAPOINTE;LAPOINTE;132729116
PLACE;Place Bonnet;BONNET;BONNET;17002688,17002689,17002696
PLACE;Place Claude Monet;CLAUDE MONET;MONET;91754152
PLACE;Place Fontaine Vedel;FONTAINE VEDEL;VEDEL;389417655,389417656
PLACE;Place Frédéric Mistral;FREDERIC MISTRAL;MISTRAL;17002683
PLACE;Place Gambetta;GAMBETTA;GAMBETTA;205733707
PLACE;Place Georges Beaume;GEORGES BEAUME;BEAUME;389417657
PLACE;Place Georges Bizet;GEORGES BIZET;BIZET;30432807
PLACE;Place Henri Guillaumet;HENRI GUILLAUMET;GUILLAUMET;91754146
PLACE;Place Henri Matisse;HENRI MATISSE;MATISSE;91754147
PLACE;Place Henri de Toulouse-Lautrec;HENRI DE TOULOUSE LAUTREC;LAUTREC;389417658
PLACE;Place Honoré Daumier;HONORE DAUMIER;DAUMIER;91754127
PLACE;Place Jean Giono;JEAN GIONO;GIONO;209757294
PLACE;Place Jean-Baptiste Corot;JEAN BAPTISTE COROT;COROT;389417659
PLACE;Place Ledru-Rollin;LEDRU ROLLIN;ROLLIN;17002678
PLACE;Place Louis Breget;LOUIS BREGET;BREGET;477039462
PLACE;Place Marcel Pagnol;MARCEL PAGNOL;PAGNOL;209757321
PLACE;Place Paul Gauguin;PAUL GAUGUIN;GAUGUIN;91754133
PLACE;Place Pierre Poncet;PIERRE PONCET;PONCET;389417662
PLACE;Place Resseguier;RESSEGUIER;RESSEGUIER;209757308
PLACE;Place de la République;DE LA REPUBLIQUE;REPUBLIQUE;17002679,17002682,30411419
PLACE;Place des États du Languedoc;DES ETATS DU LANGUEDOC;LANGUEDOC;46801869,205733717,205733725,205733727,205733728,207157293
PLACE;Place du 14 juillet;DU 14 JUILLET;JUILLET;17002711
PLACE;Place du 4 Septembre;DU 4 SEPTEMBRE;SEPTEMBRE;209757303
PLACE;Place du Castel;DU CASTEL;CASTEL;389398679
PLACE;Place du Marché des Trois-Six;DU MARCHE DES TROIS SIX;SIX;17002716
PLACE;Place du Mourras;DU MOURRAS;MOURRAS;389398680
PLACETTE;Placette des Elfes;DES ELFES;ELFES;389417663
PLACETTE;Placette des Farfadets;DES FARFADETS;FARFADETS;91754109
ROUTE;Route de Béziers;DE BEZIERS;BEZIERS;30411410,30411413,30411414,30411415,159386122,159386125,361606901,361606904,361606906
ROUTE;Route de Montpellier;DE MONTPELLIER;MONTPELLIER;389417664
ROUTE;Route de Tourbes;DE TOURBES;TOURBES;389417665
RUE;Rue A. P. Alliés;A  P  ALLIES;ALLIES;205733724
RUE;Rue Abel Gance;ABEL GANCE;GANCE;91754126
RUE;Rue Albert Camus;ALBERT CAMUS;CAMUS;389417677
RUE;Rue Albert Paul Alliés;ALBERT PAUL ALLIES;ALLIES;207157282
RUE;Rue Albert Schweitzer;ALBERT SCHWEITZER;SCHWEITZER;91754136
RUE;Rue Alcide Trinquat;ALCIDE TRINQUAT;TRINQUAT;209749344,209749345
RUE;Rue Alfred Maurel;ALFRED MAUREL;MAUREL;30411404,30411405
RUE;Rue Alfred Sabatier;ALFRED SABATIER;SABATIER;207157285
RUE;Rue Anatole France;ANATOLE FRANCE;FRANCE;17002686
RUE;Rue André Malraux;ANDRE MALRAUX;MALRAUX;91754131
RUE;Rue Antoine de Saint-Exupéry;ANTOINE DE SAINT EXUPERY;EXUPERY;91754101,91754169
RUE;Rue Aristide Rouzière;ARISTIDE ROUZIERE;ROUZIERE;209749335
RUE;Rue Auguste Mel;AUGUSTE MEL;MEL;389417666
RUE;Rue Barbès;BARBES;BARBES;17002693
RUE;Rue Barraterie;BARRATERIE;BARRATERIE;209749333
RUE;Rue Barreme;BARREME;BARREME;207151326,207151339
RUE;Rue Beaulac;BEAULAC;BEAULAC;389417667
RUE;Rue Beranger;BERANGER;BERANGER;207157287
RUE;Rue Calquières Hautes;CALQUIERES HAUTES;HAUTES;237844927
RUE;Rue Cambefort;CAMBEFORT;CAMBEFORT;209757318
RUE;Rue Camille Saint-Saëns;CAMILLE SAINT SAENS;SAENS;30432804,91754097
RUE;Rue Canabasserie;CANABASSERIE;CANABASSERIE;207157294
RUE;Rue Capitaine David;CAPITAINE DAVID;DAVID;209757313
RUE;Rue Charles Gounod;CHARLES GOUNOD;GOUNOD;209757315
RUE;Rue Claude Bernard;CLAUDE BERNARD;BERNARD;91754149
RUE;Rue Colonel Tarniquet;COLONEL TARNIQUET;TARNIQUET;209757298
RUE;Rue Commandant Alengry;COMMANDANT ALENGRY;ALENGRY;46800239
RUE;Rue Commandant Bassas;COMMANDANT BASSAS;BASSAS;207151336
RUE;Rue Condorcet;CONDORCET;CONDORCET;205733712
RUE;Rue Conti;CONTI;CONTI;209749334,209749342,209749348
RUE;Rue Cordille;CORDILLE;CORDILLE;209749339
RUE;Rue Cécile Bourrel;CECILE BOURREL;BOURREL;242229141
RUE;Rue Denfert Rochereau;DENFERT ROCHEREAU;ROCHEREAU;207151323,209749343
RUE;Rue Des Fabre;DES FABRE;FABRE;209757296
RUE;Rue Docteur Bastard;DOCTEUR BASTARD;BASTARD;209757292
RUE;Rue Docteur Calixte Cassan;DOCTEUR CALIXTE CASSAN;CASSAN;209757320
RUE;Rue Du Vieux Salin;DU VIEUX SALIN;SALIN;207151332
RUE;Rue Emile Pouytes;EMILE POUYTES;POUYTES;242229144
RUE;Rue Ferdinand Buisson;FERDINAND BUISSON;BUISSON;91754145
RUE;Rue Ferronnerie;FERRONNERIE;FERRONNERIE;209749347
RUE;Rue Fleurus;FLEURUS;FLEURUS;209757291
RUE;Rue Four de la Ville;FOUR DE LA VILLE;VILLE;205733713
RUE;Rue Franklin;FRANKLIN;FRANKLIN;209757312
RUE;Rue François Oustrin;FRANCOIS OUSTRIN;OUSTRIN;205733714
RUE;Rue François Truffaut;FRANCOIS TRUFFAUT;TRUFFAUT;43200730
RUE;Rue Gabriel Fauré;GABRIEL FAURE;FAURE;209757310
RUE;Rue George Sutra de Germa;GEORGE SUTRA DE GERMA;GERMA;91754151
RUE;Rue Georges Braque;GEORGES BRAQUE;BRAQUE;91754121
RUE;Rue Georges Brassens;GEORGES BRASSENS;BRASSENS;91754094,91754112,91754120
RUE;Rue Georges Fraissinet;GEORGES FRAISSINET;FRAISSINET;91754150,91754166
RUE;Rue Georges Guynemer;GEORGES GUYNEMER;GUYNEMER;242229145,389417668,489348771
RUE;Rue Gleiso Saint-Marti;GLEISO SAINT MARTI;MARTI;389398681
RUE;Rue Gleizes;GLEIZES;GLEIZES;237844937
RUE;Rue Gustave Courbet;GUSTAVE COURBET;COURBET;91754156
RUE;Rue Henri Reboul;HENRI REBOUL;REBOUL;17648485
RUE;Rue Hyppolite Annex;HYPPOLITE ANNEX;ANNEX;91754138
RUE;Rue Hélène Boucher;HELENE BOUCHER;BOUCHER;91754139
RUE;Rue Jacques Tati;JACQUES TATI;TATI;91754143
RUE;Rue Jean Dunant;JEAN DUNANT;DUNANT;91754092
RUE;Rue Jean Jacques Rousseau;JEAN JACQUES ROUSSEAU;ROUSSEAU;91754141
RUE;Rue Jean Mermoz;JEAN MERMOZ;MERMOZ;91754128,489348772,494211628,494211632
RUE;Rue Jean Rostand;JEAN ROSTAND;ROSTAND;91754167
RUE;Rue Jean Vigo;JEAN VIGO;VIGO;389417669
RUE;Rue Jean-Paul Sartre;JEAN PAUL SARTRE;SARTRE;389417670,389417671
RUE;Rue Jean-Pierre Lagarde;JEAN PIERRE LAGARDE;LAGARDE;30411406
RUE;Rue Joseph Cambon;JOSEPH CAMBON;CAMBON;132729117,209749349
RUE;Rue Joseph Relin;JOSEPH RELIN;RELIN;91754158
RUE;Rue Juiverie;JUIVERIE;JUIVERIE;205733711,205733719
RUE;Rue Jules Massenet;JULES MASSENET;MASSENET;30432802
RUE;Rue Kléber;KLEBER;KLEBER;30432701
RUE;Rue Lieutenant Paulinier;LIEUTENANT PAULINIER;PAULINIER;389417672
RUE;Rue Louis Blanc;LOUIS BLANC;BLANC;91754157
RUE;Rue Louis Blériot;LOUIS BLERIOT;BLERIOT;91754113
RUE;Rue Louis Delage;LOUIS DELAGE;DELAGE;91754114
RUE;Rue Louis Delluc;LOUIS DELLUC;DELLUC;389417673
RUE;Rue Louis Feuillade;LOUIS FEUILLADE;FEUILLADE;91754164
RUE;Rue Louis Vacassy;LOUIS VACASSY;VACASSY;389417674
RUE;Rue Marceau;MARCEAU;MARCEAU;207151321
RUE;Rue Marcellin Albert;MARCELLIN ALBERT;ALBERT;242229142
RUE;Rue Maréchal Imbert;MARECHAL IMBERT;IMBERT;389417675
RUE;Rue Maréchal Plantavit;MARECHAL PLANTAVIT;PLANTAVIT;46832173
RUE;Rue Massillon;MASSILLON;MASSILLON;207151331
RUE;Rue Mercière;MERCIERE;MERCIERE;205733721
RUE;Rue Merigeaux;MERIGEAUX;MERIGEAUX;91754119
RUE;Rue Michelet;MICHELET;MICHELET;209757289
RUE;Rue Montesquieu;MONTESQUIEU;MONTESQUIEU;209757311
RUE;Rue Montmorency;MONTMORENCY;MONTMORENCY;205733715
RUE;Rue Pascal Rouyer;PASCAL ROUYER;ROUYER;209757301
RUE;Rue Pasteur;PASTEUR;PASTEUR;91754144
RUE;Rue Paul Cézanne;PAUL CEZANNE;CEZANNE;91754140
RUE;Rue Paul Gauguin;PAUL GAUGUIN;GAUGUIN;91754155
RUE;Rue Paul Guery;PAUL GUERY;GUERY;30411408,30411409
RUE;Rue Paul Valéry;PAUL VALERY;VALERY;91754118
RUE;Rue Paul-Henri Vergnes;PAUL HENRI VERGNES;VERGNES;46800081
RUE;Rue Pierre David;PIERRE DAVID;DAVID;91754137
RUE;Rue Plauche;PLAUCHE;PLAUCHE;389417676
RUE;Rue Rabelais;RABELAIS;RABELAIS;209749350
RUE;Rue Raspail;RASPAIL;RASPAIL;207151322
RUE;Rue René Cassin;RENE CASSIN;CASSIN;91754110
RUE;Rue René Clair;RENE CLAIR;CLAIR;91754115
RUE;Rue René Laennec;RENE LAENNEC;LAENNEC;91754142
RUE;Rue Romain Rolland;ROMAIN ROLLAND;ROLLAND;477002564
RUE;Rue Réaumur;REAUMUR;REAUMUR;209757300
RUE;Rue Triperie Vieille;TRIPERIE VIEILLE;VIEILLE;205733723
RUE;Rue Venel;VENEL;VENEL;207151333
RUE;Rue Victor Hugo;VICTOR HUGO;HUGO;207151324
RUE;Rue Vincent Van Gogh;VINCENT VAN GOGH;GOGH;91754161
RUE;Rue de Juvenel;DE JUVENEL;JUVENEL;209749337
RUE;Rue de Peyne;DE PEYNE;PEYNE;46831741
RUE;Rue de Pleguebiaux;DE PLEGUEBIAUX;PLEGUEBIAUX;91754125
RUE;Rue de la Foire;DE LA FOIRE;FOIRE;205733708
RUE;Rue de la Fontaine des Fées;DE LA FONTAINE DES FEES;FEES;91754153
RUE;Rue de la Villette;DE LA VILLETTE;VILLETTE;91754096
RUE;Rue des Balcons de l'Estang;DES BALCONS DE L ESTANG;ESTANG;389417678
RUE;Rue des Biradous;DES BIRADOUS;BIRADOUS;389398682
RUE;Rue des Calquières Basses;DES CALQUIERES BASSES;BASSES;40820274
RUE;Rue des Chevaliers de Saint-Jean;DES CHEVALIERS DE SAINT JEAN;JEAN;46832171,46832172
RUE;Rue des Commandeurs;DES COMMANDEURS;COMMANDEURS;209749338
RUE;Rue des Frères Bouillon;DES FRERES BOUILLON;BOUILLON;30411407
RUE;Rue des Glacières;DES GLACIERES;GLACIERES;209749341
RUE;Rue des Hortes;DES HORTES;HORTES;389398683,554274639
RUE;Rue des Litanies;DES LITANIES;LITANIES;378373749
RUE;Rue des Luques;DES LUQUES;LUQUES;91754111
RUE;Rue des Norias;DES NORIAS;NORIAS;91754107,389417679
RUE;Rue des Orfèvres;DES ORFEVRES;ORFEVRES;205733718
RUE;Rue des Picholines;DES PICHOLINES;PICHOLINES;91754160
RUE;Rue des Potiers;DES POTIERS;POTIERS;389417680,389417681
RUE;Rue des Récantous;DES RECANTOUS;RECANTOUS;389398684
RUE;Rue des Verdales;DES VERDALES;VERDALES;91754098
RUE;Rue des d'André;DES D ANDRE;ANDRE;205733706
RUE;Rue du Château;DU CHATEAU;CHATEAU;205733726
RUE;Rue du Commandant Alengry;DU COMMANDANT ALENGRY;ALENGRY;46831315
RUE;Rue du Docteur Martin;DU DOCTEUR MARTIN;MARTIN;207151338
RUE;Rue du Débaladou;DU DEBALADOU;DEBALADOU;389398685
RUE;Rue du Gué;DU GUE;GUE;205883957,214694685
RUE;Rue du Jeu de Ballon;DU JEU DE BALLON;BALLON;389417682
RUE;Rue du Jeu de Paume;DU JEU DE PAUME;PAUME;209757306
RUE;Rue du Mail des Oliviers;DU MAIL DES OLIVIERS;OLIVIERS;242229140
RUE;Rue du Marteau;DU MARTEAU;MARTEAU;209757314
RUE;Rue du Perdigal;DU PERDIGAL;PERDIGAL;389398686
RUE;Rue du Pourtalet;DU POURTALET;POURTALET;389398687
RUE;Rue du Ramounétage;DU RAMOUNETAGE;RAMOUNETAGE;389398688
RUE;Rue du Savon;DU SAVON;SAVON;389417683
RUE;Rue Édouard Branly;EDOUARD BRANLY;BRANLY;91754102
RUE;Rue Émile Mazuc;EMILE MAZUC;MAZUC;389417684
RUE;Rue Émile Zola;EMILE ZOLA;ZOLA;205733716
RESIDENCE;Résidence Le Côteau de Molière;LE COTEAU DE MOLIERE;MOLIERE;228360867
;Vieux Pont sur l'Hérault;VIEUX PONT SUR L HERAULT;HERAULT;207604292
