voie;name;name_norm;last_word_norm;ways
ALLEE;Allée Aristide Briand;ARISTIDE BRIAND;BRIAND;452722876
ALLEE;Allée Claude Debussy;CLAUDE DEBUSSY;DEBUSSY;202546256,202546258,202546263
ALLEE;Allée Francis Poulenc;FRANCIS POULENC;POULENC;202546252
ALLEE;Allée Hector Berlioz;HECTOR BERLIOZ;BERLIOZ;202546240,437383723
ALLEE;Allée Maurice Ravel;MAURICE RAVEL;RAVEL;202546238,228859018,228859019
ALLEE;Allée Paul Belmondo;PAUL BELMONDO;BELMONDO;226078739
ALLEE;Allée de Castiglione Delle Stivere;DE CASTIGLIONE DELLE STIVERE;STIVERE;198959303,232919094
ALLEE;Allée de la Prairie;DE LA PRAIRIE;PRAIRIE;202546239
ALLEE;Allée des Acacias;DES ACACIAS;ACACIAS;202546216
ALLEE;Allée des Aulnes;DES AULNES;AULNES;202546217
ALLEE;Allée des Cerisiers;DES CERISIERS;CERISIERS;202546218,202546267
ALLEE;Allée des Charmes;DES CHARMES;CHARMES;202546219
ALLEE;Allée des Châtaigniers;DES CHATAIGNIERS;CHATAIGNIERS;202546305
ALLEE;Allée des Chênes;DES CHENES;CHENES;202546220
ALLEE;Allée des Cyprès;DES CYPRES;CYPRES;202546221
ALLEE;Allée des Cèdres;DES CEDRES;CEDRES;202546222
ALLEE;Allée des Frênes;DES FRENES;FRENES;202546223
ALLEE;Allée des Genêts;DES GENETS;GENETS;202546224
ALLEE;Allée des Hêtres;DES HETRES;HETRES;202546225
ALLEE;Allée des Noisetiers;DES NOISETIERS;NOISETIERS;226084499
ALLEE;Allée des Peupliers;DES PEUPLIERS;PEUPLIERS;202546234
ALLEE;Allée des Pins;DES PINS;PINS;226084498
ALLEE;Allée des Platanes;DES PLATANES;PLATANES;202546226
ALLEE;Allée des Prunus;DES PRUNUS;PRUNUS;202546227,202546247,202546249,229390349,232486908,234037874,234037875,234037876,234037877,234037878
ALLEE;Allée des Rosiers;DES ROSIERS;ROSIERS;202546228
ALLEE;Allée des Saules;DES SAULES;SAULES;202546229
ALLEE;Allée des Thuyas;DES THUYAS;THUYAS;202546230
ALLEE;Allée des Vergers;DES VERGERS;VERGERS;202546241,202546245,202546261,202546281,202546284,202546294,228861055,228861057
ALLEE;Allée des Écoles;DES ECOLES;ECOLES;198959299
ALLEE;Allée des Épicéas;DES EPICEAS;EPICEAS;202546231
ALLEE;Allée des Érables;DES ERABLES;ERABLES;202546289,202546293,229115981
ANCIENNE ROUTE;Ancienne Route de Villers;DE VILLERS;VILLERS;461464030
ANCIENNE ROUTE;Ancienne Route de Villier;DE VILLIER;VILLIER;172128415
AVENUE;Avenue André Maurois;ANDRE MAUROIS;MAUROIS;142148305,503018540,503018541,503018543,503018544
AVENUE;Avenue Aristide Briand;ARISTIDE BRIAND;BRIAND;28470420,40166764,229109976,229109977,229109978,230966770,627107863,627107864,627107867,627107868
AVENUE;Avenue François Adrien Boieldieu;FRANCOIS ADRIEN BOIELDIEU;BOIELDIEU;67388250,199207234,225689607,229431378,229431386
AVENUE;Avenue Georges;GEORGES;GEORGES;172128421,229173382,229661189,229661190
AVENUE;Avenue Georges Gratigny;GEORGES GRATIGNY;GRATIGNY;34092871
AVENUE;Avenue Victor Hugo;VICTOR HUGO;HUGO;199208895,226069384
AVENUE;Avenue Vincent Auriol;VINCENT AURIOL;AURIOL;202546236,202546250
AVENUE;Avenue de la Porte Océane;DE LA PORTE OCEANE;OCEANE;25455028,96469901,230966767
AVENUE;Avenue du Président J.F. Kennedy;DU PRESIDENT J F  KENNEDY;KENNEDY;226079994
AVENUE;Avenue du Président John Fitzgerald Kennedy;DU PRESIDENT JOHN FITZGERALD KENNEDY;KENNEDY;67388267,226079993
BOULEVARD;Boulevard de Normandie;DE NORMANDIE;NORMANDIE;48565027,80889100,80889105,199614473
BOULEVARD;Boulevard de Westphalie;DE WESTPHALIE;WESTPHALIE;60546581,60546582,226231322,226231324,234829287,234829288
BOULEVARD;Boulevard de l'Europe;DE L EUROPE;EUROPE;60546587,196253328
CARREFOUR;Carrefour de la Liberté;DE LA LIBERTE;LIBERTE;25455036
CHEMIN;Chemin de l'Enfer;DE L ENFER;ENFER;48565026
CHEMIN;Chemin des Clos;DES CLOS;CLOS;116729036,198952680,198955419,440000212
CHEMIN;Chemin du Trou Noir;DU TROU NOIR;NOIR;198951046
CLOS;Clos de Malzaize;DE MALZAIZE;MALZAIZE;226088431
COURS;Cours E. Herriot;E  HERRIOT;HERRIOT;366671370
COURS;Cours Edmond Heuzé;EDMOND HEUZE;HEUZE;202546275
COURS;Cours Jeanne d'Arc;JEANNE D ARC;ARC;226228353
COURS;Cours Raymond Subes;RAYMOND SUBES;SUBES;226225384
COURS;Cours Édouard Herriot;EDOUARD HERRIOT;HERRIOT;226077364
COTE;Côte de l'Enfer;DE L ENFER;ENFER;48565024
;Drive;DRIVE;DRIVE;544181121
HAMEAU;Hameau des Nids;DES NIDS;NIDS;202546232,202546233
IMPASSE;Impasse Jacquard;JACQUARD;JACQUARD;439934999
IMPASSE;Impasse Jules Armand Pichard;JULES ARMAND PICHARD;PICHARD;142141340
IMPASSE;Impasse Sainte-Barbe;SAINTE BARBE;BARBE;439935000
;Le Monte-à-Regret;LE MONTE A REGRET;REGRET;142148308
MONTEE;Montée des Arts;DES ARTS;ARTS;229420370,666121705
PLACE;Place Albert Lebourg;ALBERT LEBOURG;LEBOURG;142145250
PLACE;Place Alphonse Karr;ALPHONSE KARR;KARR;479930582
PLACE;Place Georges Brassens;GEORGES BRASSENS;BRASSENS;374822674
PLACE;Place de la Libération;DE LA LIBERATION;LIBERATION;228899132
ROND POINT;Rond-point Simone Veil;SIMONE VEIL;VEIL;494262959
ROUTE;Route de Barentin;DE BARENTIN;BARENTIN;329693136,329693138
ROUTE;Route de Bosc Hue;DE BOSC HUE;HUE;329693127,329693133
ROUTE;Route des Campeaux;DES CAMPEAUX;CAMPEAUX;346557366
ROUTE;Route du Docteur Laennec;DU DOCTEUR LAENNEC;LAENNEC;198952674
RUE;Rue Albert Beaucamp;ALBERT BEAUCAMP;BEAUCAMP;202546301
RUE;Rue Albert Glatigny;ALBERT GLATIGNY;GLATIGNY;374967606
RUE;Rue Albert Guilloux;ALBERT GUILLOUX;GUILLOUX;198959308
RUE;Rue Albert Malet;ALBERT MALET;MALET;228897469,228897470,543774188
RUE;Rue Albert Thomas;ALBERT THOMAS;THOMAS;202546303
RUE;Rue Alexandre Dumas;ALEXANDRE DUMAS;DUMAS;494262948
RUE;Rue Alphonse Allais;ALPHONSE ALLAIS;ALLAIS;233128686
RUE;Rue Ambroise Paré;AMBROISE PARE;PARE;198952679,198955421,329693129,329693131
RUE;Rue André Bourvil;ANDRE BOURVIL;BOURVIL;198955416,199202448,199202449
RUE;Rue André Caplet;ANDRE CAPLET;CAPLET;202546254,225689606
RUE;Rue André Le Nôtre;ANDRE LE NOTRE;NOTRE;202546290
RUE;Rue André Malraux;ANDRE MALRAUX;MALRAUX;198794433,202546243
RUE;Rue Anne Dufourmantelle;ANNE DUFOURMANTELLE;DUFOURMANTELLE;653920398
RUE;Rue Antoine Bourdelle;ANTOINE BOURDELLE;BOURDELLE;199207233,199207235,226445432,226445435
RUE;Rue Antoine Sénard;ANTOINE SENARD;SENARD;199211325
RUE;Rue Arthur Honegger;ARTHUR HONEGGER;HONEGGER;202546268
RUE;Rue Arthur Rimbaud;ARTHUR RIMBAUD;RIMBAUD;439944604
RUE;Rue Auguste Badin;AUGUSTE BADIN;BADIN;28470423
RUE;Rue Auguste Detoeuf;AUGUSTE DETOEUF;DETOEUF;198959310
RUE;Rue Auguste Dorchain;AUGUSTE DORCHAIN;DORCHAIN;226071437,229173378
RUE;Rue Bernard Franck;BERNARD FRANCK;FRANCK;300992249
RUE;Rue Bernardin de Saint-Pierre;BERNARDIN DE SAINT PIERRE;PIERRE;142145251
RUE;Rue Blaise Pascal;BLAISE PASCAL;PASCAL;229109065
RUE;Rue Camille Flammarion;CAMILLE FLAMMARION;FLAMMARION;229109076
RUE;Rue Capitaine Henri Garnier;CAPITAINE HENRI GARNIER;GARNIER;142142410
RUE;Rue Casimir Delavigne;CASIMIR DELAVIGNE;DELAVIGNE;300991734
RUE;Rue Catherine Bernard;CATHERINE BERNARD;BERNARD;96467768,229661191,229661192
RUE;Rue Charles Bouts;CHARLES BOUTS;BOUTS;142145261
RUE;Rue Charles Gounod;CHARLES GOUNOD;GOUNOD;438036480
RUE;Rue Charles Lenepveu;CHARLES LENEPVEU;LENEPVEU;202546242
RUE;Rue Charles-Marie Widor;CHARLES MARIE WIDOR;WIDOR;202546286
RUE;Rue Claude Monet;CLAUDE MONET;MONET;142145252
RUE;Rue Colette Yver;COLETTE YVER;YVER;229173379,229173381
RUE;Rue Daniel Auber;DANIEL AUBER;AUBER;202546262,202546271,226226723,228901472,233128674
RUE;Rue Daniel Sorano;DANIEL SORANO;SORANO;374564698
RUE;Rue Darius Milhaud;DARIUS MILHAUD;MILHAUD;202546269
RUE;Rue Denis Papin;DENIS PAPIN;PAPIN;65767744,627107865,627107866
RUE;Rue Denis Puech;DENIS PUECH;PUECH;374564687
RUE;Rue Emmanuel Fremiet;EMMANUEL FREMIET;FREMIET;199210741
RUE;Rue Erik Satie;ERIK SATIE;SATIE;202546278
RUE;Rue Esther Badin;ESTHER BADIN;BADIN;137226215,232919093,233104393
RUE;Rue Eugène Boudin;EUGENE BOUDIN;BOUDIN;142141345
RUE;Rue Eugène Brieux;EUGENE BRIEUX;BRIEUX;439893606
RUE;Rue Fernandel;FERNANDEL;FERNANDEL;374564693
RUE;Rue Francis Casadesus;FRANCIS CASADESUS;CASADESUS;202546279,202546287
RUE;Rue Francis Yard;FRANCIS YARD;YARD;233128675
RUE;Rue François Arago;FRANCOIS ARAGO;ARAGO;228868950
RUE;Rue François Mansart;FRANCOIS MANSART;MANSART;198794435
RUE;Rue François Mitterrand;FRANCOIS MITTERRAND;MITTERRAND;226078738
RUE;Rue François Villon;FRANCOIS VILLON;VILLON;439944605
RUE;Rue Frédéric Bartholdi;FREDERIC BARTHOLDI;BARTHOLDI;116729037
RUE;Rue Frédéric Bérat;FREDERIC BERAT;BERAT;233128688
RUE;Rue Gabriel Dupont;GABRIEL DUPONT;DUPONT;202546248,202546259,228692819,228811450,229147726,233137729,236085287
RUE;Rue Gabriel Reuillard;GABRIEL REUILLARD;REUILLARD;199613571
RUE;Rue Georges Cuvier;GEORGES CUVIER;CUVIER;229109072
RUE;Rue Georges Heuillard;GEORGES HEUILLARD;HEUILLARD;374467489
RUE;Rue Guillaume Lalizel;GUILLAUME LALIZEL;LALIZEL;142141346
RUE;Rue Guy de Maupassant;GUY DE MAUPASSANT;MAUPASSANT;374967607
RUE;Rue Gérard Bauer;GERARD BAUER;BAUER;199202450
RUE;Rue Hector Malot;HECTOR MALOT;MALOT;226068721
RUE;Rue Henri Savale;HENRI SAVALE;SAVALE;116729042
RUE;Rue J.B. Dehaie De Colleville;J B  DEHAIE DE COLLEVILLE;COLLEVILLE;142145270
RUE;Rue Jacqueline Morane;JACQUELINE MORANE;MORANE;374564690
RUE;Rue Jacques Brel;JACQUES BREL;BREL;232919096
RUE;Rue Jacques Ferny;JACQUES FERNY;FERNY;300992103
RUE;Rue Jacques Offenbach;JACQUES OFFENBACH;OFFENBACH;199204694,226228158
RUE;Rue Jacques Prévert;JACQUES PREVERT;PREVERT;439944606
RUE;Rue Jean Baptiste Jouvenet;JEAN BAPTISTE JOUVENET;JOUVENET;142145253
RUE;Rue Jean Baptiste Lamarck;JEAN BAPTISTE LAMARCK;LAMARCK;229109073,229109074
RUE;Rue Jean Gabin;JEAN GABIN;GABIN;228898566,228898567,241435871
RUE;Rue Jean Jaurès;JEAN JAURES;JAURES;84002498,96467753,142148315,194773456,199105352,226090318,503016705,503016706,666121687
RUE;Rue Jean Lorrain;JEAN LORRAIN;LORRAIN;374564686
RUE;Rue Jean Moulin;JEAN MOULIN;MOULIN;202546280
RUE;Rue Jean Restout;JEAN RESTOUT;RESTOUT;142145254,374467484,435268087,666121710
RUE;Rue Jean Revel;JEAN REVEL;REVEL;300990967
RUE;Rue Jean Titelouze;JEAN TITELOUZE;TITELOUZE;202546283,226224831,231031014
RUE;Rue Jean Vilar;JEAN VILAR;VILAR;374564700
RUE;Rue Jean Yonnel;JEAN YONNEL;YONNEL;199210742
RUE;Rue Jean-Marc Tenneberg;JEAN MARC TENNEBERG;TENNEBERG;374564696
RUE;Rue Jehan Le Povremoyne;JEHAN LE POVREMOYNE;POVREMOYNE;374564688,374564689
RUE;Rue John et Jean Holker;JOHN ET JEAN HOLKER;HOLKER;142141352,194340026
RUE;Rue Joseph Delattre;JOSEPH DELATTRE;DELATTRE;142145272,666121694
RUE;Rue Joseph Lakanal;JOSEPH LAKANAL;LAKANAL;452721918
RUE;Rue Joséphine Baker;JOSEPHINE BAKER;BAKER;653920399
RUE;Rue Jules Ferry;JULES FERRY;FERRY;142141348,666121704,666121714
RUE;Rue Jules Janin;JULES JANIN;JANIN;142148319
RUE;Rue Jules Romains;JULES ROMAINS;ROMAINS;374564682
RUE;Rue Louis Bouilhet;LOUIS BOUILHET;BOUILHET;374967608
RUE;Rue Louis Déjean;LOUIS DEJEAN;DEJEAN;374564656
RUE;Rue Louis Ganne;LOUIS GANNE;GANNE;202546246
RUE;Rue Louis Le Vau;LOUIS LE VAU;VAU;202546296
RUE;Rue Louis Leseigneur;LOUIS LESEIGNEUR;LESEIGNEUR;28470421,226069413,226229540,229661193,229661194,460821535,460821536
RUE;Rue Lucie Delarue Mardrus;LUCIE DELARUE MARDRUS;MARDRUS;374564684
RUE;Rue Lucien Brasseur;LUCIEN BRASSEUR;BRASSEUR;199211323
RUE;Rue Léon Drivier;LEON DRIVIER;DRIVIER;374564662
RUE;Rue Léopold Bernstamm;LEOPOLD BERNSTAMM;BERNSTAMM;198959294
RUE;Rue Lévy Dhurmer;LEVY DHURMER;DHURMER;199613573
RUE;Rue Madeleine;MADELEINE;MADELEINE;300991127
RUE;Rue Madeleine Vemet;MADELEINE VEMET;VEMET;229661195,384654946
RUE;Rue Madeleine Vernet;MADELEINE VERNET;VERNET;76912638
RUE;Rue Marcel Gromaire;MARCEL GROMAIRE;GROMAIRE;374564680
RUE;Rue Marcelin Berthelot;MARCELIN BERTHELOT;BERTHELOT;229109063
RUE;Rue Marguerite Yourcenar;MARGUERITE YOURCENAR;YOURCENAR;164215601
RUE;Rue Maurice Carême;MAURICE CAREME;CAREME;439944607
RUE;Rue Maurice Chevalier;MAURICE CHEVALIER;CHEVALIER;374564699
RUE;Rue Maurice Leblanc;MAURICE LEBLANC;LEBLANC;233128687
RUE;Rue Michelet;MICHELET;MICHELET;198952678
RUE;Rue Narcisse Guilbert;NARCISSE GUILBERT;GUILBERT;233445012
RUE;Rue Nicolas Jaddoule;NICOLAS JADDOULE;JADDOULE;300991769
RUE;Rue Noël Fauvel;NOEL FAUVEL;FAUVEL;34092879
RUE;Rue Paul Niclausse;PAUL NICLAUSSE;NICLAUSSE;226068570,226069053
RUE;Rue Paul Painlevé;PAUL PAINLEVE;PAINLEVE;199207236
RUE;Rue Paul Vaillant Couturier;PAUL VAILLANT COUTURIER;COUTURIER;233128690
RUE;Rue Paul Verlaine;PAUL VERLAINE;VERLAINE;439944608
RUE;Rue Philibert Delorme;PHILIBERT DELORME;DELORME;198794434
RUE;Rue Pierre Benoit;PIERRE BENOIT;BENOIT;198959301
RUE;Rue Pierre Descaves;PIERRE DESCAVES;DESCAVES;199211326
RUE;Rue Pierre Varenne;PIERRE VARENNE;VARENNE;374571358
RUE;Rue Pierre et Marie Curie;PIERRE ET MARIE CURIE;CURIE;96467764
RUE;Rue Raoul Dufy;RAOUL DUFY;DUFY;142145256
RUE;Rue René Fauchois;RENE FAUCHOIS;FAUCHOIS;233128683
RUE;Rue René Lenormand;RENE LENORMAND;LENORMAND;202546274,229353441
RUE;Rue Richard Dufour;RICHARD DUFOUR;DUFOUR;199613574
RUE;Rue Robert Delandre;ROBERT DELANDRE;DELANDRE;374564659
RUE;Rue Robert Kemp;ROBERT KEMP;KEMP;374564678
RUE;Rue Robert Planquette;ROBERT PLANQUETTE;PLANQUETTE;300991038
RUE;Rue Saint-Hélier;SAINT HELIER;HELIER;47392279,47392283,84002502,366676344
RUE;Rue Simone Veil;SIMONE VEIL;VEIL;573230918
RUE;Rue Thomas Corneille;THOMAS CORNEILLE;CORNEILLE;226074450,226074511,229661196,229661197
RUE;Rue Théodore Géricault;THEODORE GERICAULT;GERICAULT;142145258,666121690,666121702
RUE;Rue Urbain Le Verrier;URBAIN LE VERRIER;VERRIER;229346965
RUE;Rue Vincent de Moro Giafferi;VINCENT DE MORO GIAFFERI;GIAFFERI;374564674
RUE;Rue d'Aurigny;D AURIGNY;AURIGNY;232919097,400180849,666121713
RUE;Rue de Courvaudon;DE COURVAUDON;COURVAUDON;665405453
RUE;Rue de Verdun;DE VERDUN;VERDUN;116729043
RUE;Rue de Warendorf;DE WARENDORF;WARENDORF;107173058,142136528,231033343,251143161
RUE;Rue de l'Abbé Cochet;DE L ABBE COCHET;COCHET;220725821
RUE;Rue de l'Ems;DE L EMS;EMS;194661480,196253324,196253325,234413242
RUE;Rue de l'Hospice;DE L HOSPICE;HOSPICE;589606359
RUE;Rue de l'Ingénieur Locke;DE L INGENIEUR LOCKE;LOCKE;199105327,229661260,229661261
RUE;Rue de la Clairière;DE LA CLAIRIERE;CLAIRIERE;202805887,202805888,666121721
RUE;Rue de la Cressonnière;DE LA CRESSONNIERE;CRESSONNIERE;142148316
RUE;Rue de la Dame Blanche;DE LA DAME BLANCHE;BLANCHE;202546264
RUE;Rue de la Hetraie;DE LA HETRAIE;HETRAIE;202546299,229390350
RUE;Rue de la Heuze;DE LA HEUZE;HEUZE;374826549
RUE;Rue de la Liberté;DE LA LIBERTE;LIBERTE;25455038,96467751,96467763,233135531,233135532
RUE;Rue de la Marne;DE LA MARNE;MARNE;232919095,374564692
RUE;Rue de la Paix;DE LA PAIX;PAIX;198959306
RUE;Rue de la République;DE LA REPUBLIQUE;REPUBLIQUE;28470422,96467757
RUE;Rue des Catillons;DES CATILLONS;CATILLONS;142141355,666121688
RUE;Rue des Frères Martin;DES FRERES MARTIN;MARTIN;34092866
RUE;Rue des Martyrs;DES MARTYRS;MARTYRS;374967605,666121685
RUE;Rue des Martyrs de la Résistance;DES MARTYRS DE LA RESISTANCE;RESISTANCE;206226269
RUE;Rue des Prés;DES PRES;PRES;142142405,142142407
RUE;Rue des Sylphides;DES SYLPHIDES;SYLPHIDES;142146526
RUE;Rue du 11 Novembre;DU 11 NOVEMBRE;NOVEMBRE;198959296
RUE;Rue du 19 Mars 1962;DU 19 MARS 1962;1962;48565021,199613958
RUE;Rue du 31 Août;DU 31 AOUT;AOUT;233128684
RUE;Rue du 8 Mai 1945;DU 8 MAI 1945;1945;202546272,202546297
RUE;Rue du Chanvre;DU CHANVRE;CHANVRE;374571359,374571360
RUE;Rue du Château;DU CHATEAU;CHATEAU;228901961
RUE;Rue du Commandant Émile Duboc;DU COMMANDANT EMILE DUBOC;DUBOC;226072081,226074747,226077365,226077366,226078240
RUE;Rue du Coteau;DU COTEAU;COTEAU;142145260,142145271
RUE;Rue du Docteur Albert Schweitzer;DU DOCTEUR ALBERT SCHWEITZER;SCHWEITZER;202546237,202546253,226083551,229353442
RUE;Rue du Docteur Gaston Hideux;DU DOCTEUR GASTON HIDEUX;HIDEUX;96467754,137226214,233104400,460821537,460821538
RUE;Rue du Docteur Laennec;DU DOCTEUR LAENNEC;LAENNEC;327578853
RUE;Rue du Docteur Merry-Delabost;DU DOCTEUR MERRY DELABOST;DELABOST;226071931
RUE;Rue du Docteur Robert Salle;DU DOCTEUR ROBERT SALLE;SALLE;142142409,666121699
RUE;Rue du Grand Catillon;DU GRAND CATILLON;CATILLON;142145262
RUE;Rue du Général Giraud;DU GENERAL GIRAUD;GIRAUD;96467761,199204693,226074449,226074748,226227964,226228159,503016704,503016707,503016708
RUE;Rue du Général Henry Graham Crerar;DU GENERAL HENRY GRAHAM CRERAR;CRERAR;300990649
RUE;Rue du Général Koenig;DU GENERAL KOENIG;KOENIG;202546282,202546285
RUE;Rue du Général Patton;DU GENERAL PATTON;PATTON;198794431
RUE;Rue du Général Sarrail;DU GENERAL SARRAIL;SARRAIL;96467762,228898517
RUE;Rue du Lieutenant Jean Badin;DU LIEUTENANT JEAN BADIN;BADIN;226071201,229173380
RUE;Rue du Maréchal Juin;DU MARECHAL JUIN;JUIN;202546266,202546300
RUE;Rue du Maréchal Leclerc;DU MARECHAL LECLERC;LECLERC;202546304
RUE;Rue du Maréchal Montgomery;DU MARECHAL MONTGOMERY;MONTGOMERY;202546276
RUE;Rue du Maréchal de Lattre de Tassigny;DU MARECHAL DE LATTRE DE TASSIGNY;TASSIGNY;202546295
RUE;Rue du Petit Catillon;DU PETIT CATILLON;CATILLON;450779023
RUE;Rue du Professeur Alain;DU PROFESSEUR ALAIN;ALAIN;142148309
RUE;Rue du Professeur Pierre Émile Roux;DU PROFESSEUR PIERRE EMILE ROUX;ROUX;229109064,233104394
RUE;Rue Édouard Adam;EDOUARD ADAM;ADAM;198952677,452721919
RUE;Rue Édouard Branly;EDOUARD BRANLY;BRANLY;233104395
RUE;Rue Édouard Lalo;EDOUARD LALO;LALO;202546257,226083552
RUE;Rue Émile Eliot;EMILE ELIOT;ELIOT;202546244
RUE;Rue Émile Lefort;EMILE LEFORT;LEFORT;374564697
RUE;Rue Émile Zola;EMILE ZOLA;ZOLA;142148318
RESIDENCE;Résidence de la Pierre Normande;DE LA PIERRE NORMANDE;NORMANDE;202546270
RESIDENCE;Résidence des Bois;DES BOIS;BOIS;142141349
RESIDENCE;Résidence des Champs;DES CHAMPS;CHAMPS;202546265,202546291,229417055
RESIDENCE;Résidence du Coteau;DU COTEAU;COTEAU;142145263
RESIDENCE;Résidence les Balcons du Théâtre;LES BALCONS DU THEATRE;THEATRE;202546302,229569192
;Sante des Catillons;SANTE DES CATILLONS;CATILLONS;374467491,666121691,666121711
;Sente Adolphe Botte;SENTE ADOLPHE BOTTE;BOTTE;225687978,228811451
;Sente des Clémentins;SENTE DES CLEMENTINS;CLEMENTINS;228897216,228897217
;livraisons;LIVRAISONS;LIVRAISONS;544170375,544182100,544185561
;poids lourd;POIDS LOURD;LOURD;544176287
